{"type": "FeatureCollection", "features": [{"type": "Feature", "properties": {"code": "Lke-1/XVI/SZ1", "reg": "xvi-kesz", "conf": 0.992}, "geometry": {"type": "Point", "coordinates": [19.1691054, 47.5385161]}}, {"type": "Feature", "properties": {"code": "Lke-1/XVI/SZ1", "reg": "xvi-kesz", "conf": 0.986}, "geometry": {"type": "Point", "coordinates": [19.1827794, 47.5386195]}}, {"type": "Feature", "properties": {"code": "Lke-1/XVI/SZ1", "reg": "xvi-kesz", "conf": 0.978}, "geometry": {"type": "Point", "coordinates": [19.1788778, 47.5405881]}}, {"type": "Feature", "properties": {"code": "Lke-1/XVI/SZ1", "reg": "xvi-kesz", "conf": 0.971}, "geometry": {"type": "Point", "coordinates": [19.1857563, 47.537698]}}, {"type": "Feature", "properties": {"code": "Lke-1/XVI/SZ3", "reg": "xvi-kesz", "conf": 0.969}, "geometry": {"type": "Point", "coordinates": [19.1730325, 47.54138]}}, {"type": "Feature", "properties": {"code": "Lke-1/XVI/SZ2", "reg": "xvi-kesz", "conf": 0.968}, "geometry": {"type": "Point", "coordinates": [19.1872456, 47.5395359]}}, {"type": "Feature", "properties": {"code": "Lke-1/XVI/SZ1", "reg": "xvi-kesz", "conf": 0.967}, "geometry": {"type": "Point", "coordinates": [19.1643054, 47.5375272]}}, {"type": "Feature", "properties": {"code": "Lke-1/XVI/SZ3", "reg": "xvi-kesz", "conf": 0.964}, "geometry": {"type": "Point", "coordinates": [19.1740406, 47.5411983]}}, {"type": "Feature", "properties": {"code": "Lke-1/XVI/SZ2", "reg": "xvi-kesz", "conf": 0.958}, "geometry": {"type": "Point", "coordinates": [19.1832042, 47.5413795]}}, {"type": "Feature", "properties": {"code": "Lke-1/XVI/SZ1", "reg": "xvi-kesz", "conf": 0.957}, "geometry": {"type": "Point", "coordinates": [19.1774526, 47.5394963]}}, {"type": "Feature", "properties": {"code": "Lke-1/XVI/SZ1", "reg": "xvi-kesz", "conf": 0.956}, "geometry": {"type": "Point", "coordinates": [19.1814543, 47.5392393]}}, {"type": "Feature", "properties": {"code": "Lke-1/XVI/SZ2", "reg": "xvi-kesz", "conf": 0.954}, "geometry": {"type": "Point", "coordinates": [19.1844707, 47.5407415]}}, {"type": "Feature", "properties": {"code": "Lke-1/XVI/SZ2", "reg": "xvi-kesz", "conf": 0.952}, "geometry": {"type": "Point", "coordinates": [19.1857489, 47.540066]}}, {"type": "Feature", "properties": {"code": "Lke-1/XVI/SZ1", "reg": "xvi-kesz", "conf": 0.946}, "geometry": {"type": "Point", "coordinates": [19.1760335, 47.5389925]}}, {"type": "Feature", "properties": {"code": "Lke-1/XVI/SZ4", "reg": "xvi-kesz", "conf": 0.945}, "geometry": {"type": "Point", "coordinates": [19.1631203, 47.536926]}}, {"type": "Feature", "properties": {"code": "Lke-1/XVI/SZ1", "reg": "xvi-kesz", "conf": 0.945}, "geometry": {"type": "Point", "coordinates": [19.1715262, 47.5371094]}}, {"type": "Feature", "properties": {"code": "Lke-1/XVI/SZ1", "reg": "xvi-kesz", "conf": 0.939}, "geometry": {"type": "Point", "coordinates": [19.1661416, 47.5383457]}}, {"type": "Feature", "properties": {"code": "Lke-1/XVI/SZ1", "reg": "xvi-kesz", "conf": 0.939}, "geometry": {"type": "Point", "coordinates": [19.1869962, 47.5370897]}}, {"type": "Feature", "properties": {"code": "Lke-1/XVI/SZ3", "reg": "xvi-kesz", "conf": 0.938}, "geometry": {"type": "Point", "coordinates": [19.1753665, 47.540069]}}, {"type": "Feature", "properties": {"code": "Lke-1/XVI/SZ3", "reg": "xvi-kesz", "conf": 0.937}, "geometry": {"type": "Point", "coordinates": [19.1794892, 47.5374292]}}, {"type": "Feature", "properties": {"code": "Lke-1/XVI/SZ3", "reg": "xvi-kesz", "conf": 0.926}, "geometry": {"type": "Point", "coordinates": [19.1727104, 47.5417647]}}, {"type": "Feature", "properties": {"code": "Lke-1/XVI/SZ1", "reg": "xvi-kesz", "conf": 0.923}, "geometry": {"type": "Point", "coordinates": [19.1801728, 47.5399535]}}, {"type": "Feature", "properties": {"code": "Lke-1/XVI/SZ3", "reg": "xvi-kesz", "conf": 0.919}, "geometry": {"type": "Point", "coordinates": [19.1717933, 47.5423558]}}, {"type": "Feature", "properties": {"code": "Lke-1/XVI/SZ1", "reg": "xvi-kesz", "conf": 0.918}, "geometry": {"type": "Point", "coordinates": [19.1793389, 47.5384518]}}, {"type": "Feature", "properties": {"code": "Lke-1/XVI/SZ3", "reg": "xvi-kesz", "conf": 0.916}, "geometry": {"type": "Point", "coordinates": [19.1649516, 47.5369387]}}, {"type": "Feature", "properties": {"code": "Lke-1/XVI/O1", "reg": "xvi-kesz", "conf": 0.897}, "geometry": {"type": "Point", "coordinates": [19.1801007, 47.5370863]}}, {"type": "Feature", "properties": {"code": "Lke-1/XVI/SZ1", "reg": "xvi-kesz", "conf": 0.893}, "geometry": {"type": "Point", "coordinates": [19.1840894, 47.5379474]}}, {"type": "Feature", "properties": {"code": "Lke-1/XVI/SZ1", "reg": "xvi-kesz", "conf": 0.89}, "geometry": {"type": "Point", "coordinates": [19.1682616, 47.5371031]}}, {"type": "Feature", "properties": {"code": "Lke-1/XVI/SZ4", "reg": "xvi-kesz", "conf": 0.979}, "geometry": {"type": "Point", "coordinates": [19.2048092, 47.537104]}}, {"type": "Feature", "properties": {"code": "Lke-1/XVI/SZ4", "reg": "xvi-kesz", "conf": 0.978}, "geometry": {"type": "Point", "coordinates": [19.1998143, 47.5378378]}}, {"type": "Feature", "properties": {"code": "Lke-1/XVI/SZ1", "reg": "xvi-kesz", "conf": 0.977}, "geometry": {"type": "Point", "coordinates": [19.1928452, 47.5383547]}}, {"type": "Feature", "properties": {"code": "Lke-1/XVI/SZ1", "reg": "xvi-kesz", "conf": 0.974}, "geometry": {"type": "Point", "coordinates": [19.1911379, 47.5370725]}}, {"type": "Feature", "properties": {"code": "Lke-1/XVI/SZ1", "reg": "xvi-kesz", "conf": 0.973}, "geometry": {"type": "Point", "coordinates": [19.1903713, 47.5377701]}}, {"type": "Feature", "properties": {"code": "Lke-1/XVI/SZ4", "reg": "xvi-kesz", "conf": 0.967}, "geometry": {"type": "Point", "coordinates": [19.2012805, 47.5370791]}}, {"type": "Feature", "properties": {"code": "Lke-1/XVI/SZ2", "reg": "xvi-kesz", "conf": 0.962}, "geometry": {"type": "Point", "coordinates": [19.1895192, 47.5390836]}}, {"type": "Feature", "properties": {"code": "Lke-1/XVI/SZ4", "reg": "xvi-kesz", "conf": 0.95}, "geometry": {"type": "Point", "coordinates": [19.2022293, 47.5376267]}}, {"type": "Feature", "properties": {"code": "Lke-1/XVI/SZ4", "reg": "xvi-kesz", "conf": 0.948}, "geometry": {"type": "Point", "coordinates": [19.1973692, 47.538058]}}, {"type": "Feature", "properties": {"code": "Lke-1/XVI/SZ4", "reg": "xvi-kesz", "conf": 0.945}, "geometry": {"type": "Point", "coordinates": [19.1895539, 47.5382059]}}, {"type": "Feature", "properties": {"code": "Lke-1/XVI/SZ4", "reg": "xvi-kesz", "conf": 0.935}, "geometry": {"type": "Point", "coordinates": [19.2070975, 47.5370701]}}, {"type": "Feature", "properties": {"code": "Lke-1/XVI/SZ1", "reg": "xvi-kesz", "conf": 0.934}, "geometry": {"type": "Point", "coordinates": [19.1950584, 47.5370771]}}, {"type": "Feature", "properties": {"code": "Lke-1/XVI/SZ4", "reg": "xvi-kesz", "conf": 0.923}, "geometry": {"type": "Point", "coordinates": [19.1992667, 47.5370911]}}, {"type": "Feature", "properties": {"code": "Lke-1/XVI/SZ4", "reg": "xvi-kesz", "conf": 0.913}, "geometry": {"type": "Point", "coordinates": [19.1982077, 47.5386627]}}, {"type": "Feature", "properties": {"code": "Lke-1/XVI/SZ4", "reg": "xvi-kesz", "conf": 0.899}, "geometry": {"type": "Point", "coordinates": [19.196878, 47.5370955]}}, {"type": "Feature", "properties": {"code": "Lke-1/XVI/SZ3", "reg": "xvi-kesz", "conf": 0.981}, "geometry": {"type": "Point", "coordinates": [19.1530735, 47.5296337]}}, {"type": "Feature", "properties": {"code": "Lke-1/XVI/O1", "reg": "xvi-kesz", "conf": 0.98}, "geometry": {"type": "Point", "coordinates": [19.1584008, 47.5292258]}}, {"type": "Feature", "properties": {"code": "Ln-3/XVI/1", "reg": "xvi-kesz", "conf": 0.977}, "geometry": {"type": "Point", "coordinates": [19.1498807, 47.5270267]}}, {"type": "Feature", "properties": {"code": "Lke-1/XVI/SZ3", "reg": "xvi-kesz", "conf": 0.973}, "geometry": {"type": "Point", "coordinates": [19.1552754, 47.529947]}}, {"type": "Feature", "properties": {"code": "Lke-1/XVI/SZ1", "reg": "xvi-kesz", "conf": 0.971}, "geometry": {"type": "Point", "coordinates": [19.1549358, 47.5280113]}}, {"type": "Feature", "properties": {"code": "Lke-1/XVI/SZ3", "reg": "xvi-kesz", "conf": 0.958}, "geometry": {"type": "Point", "coordinates": [19.1516021, 47.5284567]}}, {"type": "Feature", "properties": {"code": "Lke-1/XVI/SZ1", "reg": "xvi-kesz", "conf": 0.954}, "geometry": {"type": "Point", "coordinates": [19.1560608, 47.5285957]}}, {"type": "Feature", "properties": {"code": "Lke-1/XVI/SZ3", "reg": "xvi-kesz", "conf": 0.953}, "geometry": {"type": "Point", "coordinates": [19.155507, 47.5274842]}}, {"type": "Feature", "properties": {"code": "Lk-2/XVI/SZ1", "reg": "xvi-kesz", "conf": 0.952}, "geometry": {"type": "Point", "coordinates": [19.1598539, 47.5331313]}}, {"type": "Feature", "properties": {"code": "Lke-1/XVI/SZ1", "reg": "xvi-kesz", "conf": 0.951}, "geometry": {"type": "Point", "coordinates": [19.1611063, 47.5283599]}}, {"type": "Feature", "properties": {"code": "Lk-2/XVI/SZ2", "reg": "xvi-kesz", "conf": 0.947}, "geometry": {"type": "Point", "coordinates": [19.1608824, 47.5324409]}}, {"type": "Feature", "properties": {"code": "Lke-1/XVI/SZ5", "reg": "xvi-kesz", "conf": 0.946}, "geometry": {"type": "Point", "coordinates": [19.161917, 47.5275079]}}, {"type": "Feature", "properties": {"code": "Lke-1/XVI/O1", "reg": "xvi-kesz", "conf": 0.944}, "geometry": {"type": "Point", "coordinates": [19.1588958, 47.5279432]}}, {"type": "Feature", "properties": {"code": "Lke-1/XVI/SZ1", "reg": "xvi-kesz", "conf": 0.943}, "geometry": {"type": "Point", "coordinates": [19.1611013, 47.5283576]}}, {"type": "Feature", "properties": {"code": "Lk-2/XVI/SZ2", "reg": "xvi-kesz", "conf": 0.937}, "geometry": {"type": "Point", "coordinates": [19.1619768, 47.5331152]}}, {"type": "Feature", "properties": {"code": "Lke-1/XVI/SZ3", "reg": "xvi-kesz", "conf": 0.937}, "geometry": {"type": "Point", "coordinates": [19.1568009, 47.5308297]}}, {"type": "Feature", "properties": {"code": "Lke-1/XVI/SZ1", "reg": "xvi-kesz", "conf": 0.937}, "geometry": {"type": "Point", "coordinates": [19.161868, 47.5291825]}}, {"type": "Feature", "properties": {"code": "Lke-1/XVI/SZ3", "reg": "xvi-kesz", "conf": 0.934}, "geometry": {"type": "Point", "coordinates": [19.1619053, 47.5343369]}}, {"type": "Feature", "properties": {"code": "Lke-1/XVI/SZ3", "reg": "xvi-kesz", "conf": 0.933}, "geometry": {"type": "Point", "coordinates": [19.1521393, 47.5277808]}}, {"type": "Feature", "properties": {"code": "Lke-1/XVI/SZ5", "reg": "xvi-kesz", "conf": 0.933}, "geometry": {"type": "Point", "coordinates": [19.162363, 47.5270123]}}, {"type": "Feature", "properties": {"code": "Lke-1/XVI/SZ5", "reg": "xvi-kesz", "conf": 0.932}, "geometry": {"type": "Point", "coordinates": [19.161855, 47.5311097]}}, {"type": "Feature", "properties": {"code": "Lke-1/XVI/SZ1", "reg": "xvi-kesz", "conf": 0.929}, "geometry": {"type": "Point", "coordinates": [19.1569306, 47.5270158]}}, {"type": "Feature", "properties": {"code": "Vi-2/XVI/SZ2", "reg": "xvi-kesz", "conf": 0.928}, "geometry": {"type": "Point", "coordinates": [19.1590207, 47.5337725]}}, {"type": "Feature", "properties": {"code": "Lke-1/XVI/O1", "reg": "xvi-kesz", "conf": 0.922}, "geometry": {"type": "Point", "coordinates": [19.1537415, 47.529061]}}, {"type": "Feature", "properties": {"code": "Lke-1/XVI/SZ1", "reg": "xvi-kesz", "conf": 0.918}, "geometry": {"type": "Point", "coordinates": [19.1592845, 47.5305175]}}, {"type": "Feature", "properties": {"code": "Lke-1/XVI/O1", "reg": "xvi-kesz", "conf": 0.916}, "geometry": {"type": "Point", "coordinates": [19.1588924, 47.5279472]}}, {"type": "Feature", "properties": {"code": "Lke-1/XVI/SZ5", "reg": "xvi-kesz", "conf": 0.913}, "geometry": {"type": "Point", "coordinates": [19.161883, 47.5305324]}}, {"type": "Feature", "properties": {"code": "Lke-1/XVI/SZ5", "reg": "xvi-kesz", "conf": 0.911}, "geometry": {"type": "Point", "coordinates": [19.1618897, 47.5323574]}}, {"type": "Feature", "properties": {"code": "Lke-1/XVI/SZ5", "reg": "xvi-kesz", "conf": 0.91}, "geometry": {"type": "Point", "coordinates": [19.1624549, 47.5315758]}}, {"type": "Feature", "properties": {"code": "Lke-1/XVI/SZ1", "reg": "xvi-kesz", "conf": 0.907}, "geometry": {"type": "Point", "coordinates": [19.1566299, 47.5279391]}}, {"type": "Feature", "properties": {"code": "Lke-1/XVI/SZ5", "reg": "xvi-kesz", "conf": 0.905}, "geometry": {"type": "Point", "coordinates": [19.1607672, 47.5270173]}}, {"type": "Feature", "properties": {"code": "Lke-1/XVI/SZ1", "reg": "xvi-kesz", "conf": 0.896}, "geometry": {"type": "Point", "coordinates": [19.1624366, 47.5297622]}}, {"type": "Feature", "properties": {"code": "Lke-1/XVI/O1", "reg": "xvi-kesz", "conf": 0.89}, "geometry": {"type": "Point", "coordinates": [19.1588706, 47.5270148]}}, {"type": "Feature", "properties": {"code": "Lke-1/XVI/SZ3", "reg": "xvi-kesz", "conf": 0.87}, "geometry": {"type": "Point", "coordinates": [19.1619053, 47.5343392]}}, {"type": "Feature", "properties": {"code": "Lke-1/XVI/SZ3", "reg": "xvi-kesz", "conf": 0.852}, "geometry": {"type": "Point", "coordinates": [19.1616821, 47.5352157]}}, {"type": "Feature", "properties": {"code": "Lke-1/XVI/O1", "reg": "xvi-kesz", "conf": 0.804}, "geometry": {"type": "Point", "coordinates": [19.152958, 47.5281987]}}, {"type": "Feature", "properties": {"code": "Lke-1/XVI/SZ1", "reg": "xvi-kesz", "conf": 0.991}, "geometry": {"type": "Point", "coordinates": [19.1715253, 47.5371288]}}, {"type": "Feature", "properties": {"code": "Lke-1/XVI/INT", "reg": "xvi-kesz", "conf": 0.985}, "geometry": {"type": "Point", "coordinates": [19.1649983, 47.5281709]}}, {"type": "Feature", "properties": {"code": "Lke-1/XVI/SZ4", "reg": "xvi-kesz", "conf": 0.982}, "geometry": {"type": "Point", "coordinates": [19.1720891, 47.5325343]}}, {"type": "Feature", "properties": {"code": "Lke-1/XVI/SZ1", "reg": "xvi-kesz", "conf": 0.981}, "geometry": {"type": "Point", "coordinates": [19.1840738, 47.5336283]}}, {"type": "Feature", "properties": {"code": "Lke-1/XVI/INT", "reg": "xvi-kesz", "conf": 0.98}, "geometry": {"type": "Point", "coordinates": [19.1867042, 47.5341724]}}, {"type": "Feature", "properties": {"code": "Lke-1/XVI/SZ4", "reg": "xvi-kesz", "conf": 0.979}, "geometry": {"type": "Point", "coordinates": [19.187758, 47.5309691]}}, {"type": "Feature", "properties": {"code": "Lke-1/XVI/SZ4", "reg": "xvi-kesz", "conf": 0.978}, "geometry": {"type": "Point", "coordinates": [19.1798503, 47.5294928]}}, {"type": "Feature", "properties": {"code": "Lke-1/XVI/SZ4", "reg": "xvi-kesz", "conf": 0.978}, "geometry": {"type": "Point", "coordinates": [19.1879335, 47.5303005]}}, {"type": "Feature", "properties": {"code": "Lke-1/XVI/SZ4", "reg": "xvi-kesz", "conf": 0.977}, "geometry": {"type": "Point", "coordinates": [19.1827931, 47.5323502]}}, {"type": "Feature", "properties": {"code": "Lke-1/XVI/CS1", "reg": "xvi-kesz", "conf": 0.977}, "geometry": {"type": "Point", "coordinates": [19.1633048, 47.5282072]}}, {"type": "Feature", "properties": {"code": "Lke-1/XVI/SZ4", "reg": "xvi-kesz", "conf": 0.976}, "geometry": {"type": "Point", "coordinates": [19.1877699, 47.53292]}}, {"type": "Feature", "properties": {"code": "Lke-1/XVI/SZ3", "reg": "xvi-kesz", "conf": 0.973}, "geometry": {"type": "Point", "coordinates": [19.1677391, 47.5336546]}}, {"type": "Feature", "properties": {"code": "Lke-1/XVI/INT", "reg": "xvi-kesz", "conf": 0.973}, "geometry": {"type": "Point", "coordinates": [19.1634515, 47.5290654]}}, {"type": "Feature", "properties": {"code": "Lke-1/XVI/SZ4", "reg": "xvi-kesz", "conf": 0.972}, "geometry": {"type": "Point", "coordinates": [19.1812595, 47.5343702]}}, {"type": "Feature", "properties": {"code": "Lke-1/XVI/SZ1", "reg": "xvi-kesz", "conf": 0.972}, "geometry": {"type": "Point", "coordinates": [19.1829058, 47.5340975]}}, {"type": "Feature", "properties": {"code": "Lke-1/XVI/SZ4", "reg": "xvi-kesz", "conf": 0.97}, "geometry": {"type": "Point", "coordinates": [19.1820312, 47.5338718]}}, {"type": "Feature", "properties": {"code": "Lke-1/XVI/SZ2", "reg": "xvi-kesz", "conf": 0.968}, "geometry": {"type": "Point", "coordinates": [19.1805763, 47.5323265]}}, {"type": "Feature", "properties": {"code": "Lke-1/XVI/SZ3", "reg": "xvi-kesz", "conf": 0.966}, "geometry": {"type": "Point", "coordinates": [19.1671114, 47.5342894]}}, {"type": "Feature", "properties": {"code": "Lke-1/XVI/O1", "reg": "xvi-kesz", "conf": 0.965}, "geometry": {"type": "Point", "coordinates": [19.1657508, 47.5320005]}}, {"type": "Feature", "properties": {"code": "Lke-1/XVI/SZ3", "reg": "xvi-kesz", "conf": 0.964}, "geometry": {"type": "Point", "coordinates": [19.1646785, 47.5351595]}}, {"type": "Feature", "properties": {"code": "Lke-1/XVI/SZ1", "reg": "xvi-kesz", "conf": 0.964}, "geometry": {"type": "Point", "coordinates": [19.1765773, 47.534621]}}, {"type": "Feature", "properties": {"code": "Lke-1/XVI/SZ3", "reg": "xvi-kesz", "conf": 0.963}, "geometry": {"type": "Point", "coordinates": [19.1843066, 47.5351584]}}, {"type": "Feature", "properties": {"code": "Lke-1/XVI/SZ1", "reg": "xvi-kesz", "conf": 0.963}, "geometry": {"type": "Point", "coordinates": [19.1879355, 47.5317637]}}, {"type": "Feature", "properties": {"code": "Lke-1/XVI/SZ3", "reg": "xvi-kesz", "conf": 0.963}, "geometry": {"type": "Point", "coordinates": [19.1687595, 47.5280457]}}, {"type": "Feature", "properties": {"code": "Lke-1/XVI/SZ4", "reg": "xvi-kesz", "conf": 0.962}, "geometry": {"type": "Point", "coordinates": [19.1786812, 47.5291036]}}, {"type": "Feature", "properties": {"code": "Lke-1/XVI/SZ4", "reg": "xvi-kesz", "conf": 0.961}, "geometry": {"type": "Point", "coordinates": [19.1834728, 47.5318188]}}, {"type": "Feature", "properties": {"code": "Lke-1/XVI/SZ4", "reg": "xvi-kesz", "conf": 0.96}, "geometry": {"type": "Point", "coordinates": [19.1830252, 47.5333959]}}, {"type": "Feature", "properties": {"code": "Lke-1/XVI/O1", "reg": "xvi-kesz", "conf": 0.959}, "geometry": {"type": "Point", "coordinates": [19.1726314, 47.5281047]}}, {"type": "Feature", "properties": {"code": "Lke-1/XVI/SZ4", "reg": "xvi-kesz", "conf": 0.957}, "geometry": {"type": "Point", "coordinates": [19.1694879, 47.5349973]}}, {"type": "Feature", "properties": {"code": "Lke-1/XVI/SZ1", "reg": "xvi-kesz", "conf": 0.956}, "geometry": {"type": "Point", "coordinates": [19.1682654, 47.5371183]}}, {"type": "Feature", "properties": {"code": "Lke-1/XVI/SZ1", "reg": "xvi-kesz", "conf": 0.956}, "geometry": {"type": "Point", "coordinates": [19.1707357, 47.5367234]}}, {"type": "Feature", "properties": {"code": "Lke-1/XVI/SZ3", "reg": "xvi-kesz", "conf": 0.956}, "geometry": {"type": "Point", "coordinates": [19.1690026, 47.5358332]}}, {"type": "Feature", "properties": {"code": "Lke-1/XVI/IK", "reg": "xvi-kesz", "conf": 0.956}, "geometry": {"type": "Point", "coordinates": [19.182633, 47.5362873]}}, {"type": "Feature", "properties": {"code": "Lke-1/XVI/SZ4", "reg": "xvi-kesz", "conf": 0.956}, "geometry": {"type": "Point", "coordinates": [19.1794864, 47.5311653]}}, {"type": "Feature", "properties": {"code": "Lke-1/XVI/SZ1", "reg": "xvi-kesz", "conf": 0.954}, "geometry": {"type": "Point", "coordinates": [19.1873102, 47.5335751]}}, {"type": "Feature", "properties": {"code": "Lke-1/XVI/O1", "reg": "xvi-kesz", "conf": 0.953}, "geometry": {"type": "Point", "coordinates": [19.1712004, 47.5269135]}}, {"type": "Feature", "properties": {"code": "Lke-1/XVI/SZ5", "reg": "xvi-kesz", "conf": 0.952}, "geometry": {"type": "Point", "coordinates": [19.1638855, 47.531082]}}, {"type": "Feature", "properties": {"code": "Vi-2/XVI/SZ2", "reg": "xvi-kesz", "conf": 0.952}, "geometry": {"type": "Point", "coordinates": [19.1661109, 47.5312477]}}, {"type": "Feature", "properties": {"code": "Lke-1/XVI/SZ5", "reg": "xvi-kesz", "conf": 0.951}, "geometry": {"type": "Point", "coordinates": [19.1817597, 47.5358456]}}, {"type": "Feature", "properties": {"code": "Vi-2/XVI/SZ2", "reg": "xvi-kesz", "conf": 0.95}, "geometry": {"type": "Point", "coordinates": [19.1661125, 47.5312488]}}, {"type": "Feature", "properties": {"code": "Lke-1/XVI/SZ1", "reg": "xvi-kesz", "conf": 0.95}, "geometry": {"type": "Point", "coordinates": [19.1868186, 47.5323055]}}, {"type": "Feature", "properties": {"code": "Lke-1/XVI/SZ4", "reg": "xvi-kesz", "conf": 0.95}, "geometry": {"type": "Point", "coordinates": [19.1785513, 47.5307351]}}, {"type": "Feature", "properties": {"code": "Lke-1/XVI/SZ4", "reg": "xvi-kesz", "conf": 0.95}, "geometry": {"type": "Point", "coordinates": [19.176938, 47.5282349]}}, {"type": "Feature", "properties": {"code": "Lke-1/XVI/SZ2", "reg": "xvi-kesz", "conf": 0.948}, "geometry": {"type": "Point", "coordinates": [19.1811556, 47.5317111]}}, {"type": "Feature", "properties": {"code": "Lke-1/XVI/O1", "reg": "xvi-kesz", "conf": 0.947}, "geometry": {"type": "Point", "coordinates": [19.1750368, 47.5327928]}}, {"type": "Feature", "properties": {"code": "Lke-1/XVI/SZ1", "reg": "xvi-kesz", "conf": 0.946}, "geometry": {"type": "Point", "coordinates": [19.1629659, 47.5285542]}}, {"type": "Feature", "properties": {"code": "Lke-1/XVI/SZ3", "reg": "xvi-kesz", "conf": 0.946}, "geometry": {"type": "Point", "coordinates": [19.1635831, 47.5275294]}}, {"type": "Feature", "properties": {"code": "Lke-1/XVI/SZ3", "reg": "xvi-kesz", "conf": 0.946}, "geometry": {"type": "Point", "coordinates": [19.1664227, 47.5269842]}}, {"type": "Feature", "properties": {"code": "Lke-1/XVI/SZ5", "reg": "xvi-kesz", "conf": 0.945}, "geometry": {"type": "Point", "coordinates": [19.1638855, 47.531082]}}, {"type": "Feature", "properties": {"code": "Lke-1/XVI/SZ4", "reg": "xvi-kesz", "conf": 0.945}, "geometry": {"type": "Point", "coordinates": [19.1833129, 47.5273976]}}, {"type": "Feature", "properties": {"code": "Lke-1/XVI/SZ1", "reg": "xvi-kesz", "conf": 0.944}, "geometry": {"type": "Point", "coordinates": [19.1754297, 47.5353084]}}, {"type": "Feature", "properties": {"code": "Lke-1/XVI/SZ1", "reg": "xvi-kesz", "conf": 0.944}, "geometry": {"type": "Point", "coordinates": [19.187949, 47.534956]}}, {"type": "Feature", "properties": {"code": "Vi-2/XVI/SZ5", "reg": "xvi-kesz", "conf": 0.943}, "geometry": {"type": "Point", "coordinates": [19.1634238, 47.5332821]}}, {"type": "Feature", "properties": {"code": "Lke-1/XVI/SZ4", "reg": "xvi-kesz", "conf": 0.943}, "geometry": {"type": "Point", "coordinates": [19.1848831, 47.5325353]}}, {"type": "Feature", "properties": {"code": "Lke-1/XVI/SZ3", "reg": "xvi-kesz", "conf": 0.942}, "geometry": {"type": "Point", "coordinates": [19.1662909, 47.5369843]}}, {"type": "Feature", "properties": {"code": "Lke-1/XVI/SZ3", "reg": "xvi-kesz", "conf": 0.941}, "geometry": {"type": "Point", "coordinates": [19.1844451, 47.5313646]}}, {"type": "Feature", "properties": {"code": "Lke-1/XVI/SZ1", "reg": "xvi-kesz", "conf": 0.94}, "geometry": {"type": "Point", "coordinates": [19.1655198, 47.5293768]}}, {"type": "Feature", "properties": {"code": "Lke-1/XVI/O1", "reg": "xvi-kesz", "conf": 0.939}, "geometry": {"type": "Point", "coordinates": [19.1708186, 47.5312754]}}, {"type": "Feature", "properties": {"code": "Lke-1/XVI/SZ4", "reg": "xvi-kesz", "conf": 0.939}, "geometry": {"type": "Point", "coordinates": [19.1772341, 47.532024]}}, {"type": "Feature", "properties": {"code": "Lke-1/XVI/SZ5", "reg": "xvi-kesz", "conf": 0.939}, "geometry": {"type": "Point", "coordinates": [19.16294, 47.530388]}}, {"type": "Feature", "properties": {"code": "Lke-1/XVI/SZ3", "reg": "xvi-kesz", "conf": 0.938}, "geometry": {"type": "Point", "coordinates": [19.1695572, 47.5269595]}}, {"type": "Feature", "properties": {"code": "Lke-1/XVI/SZ3", "reg": "xvi-kesz", "conf": 0.935}, "geometry": {"type": "Point", "coordinates": [19.1682531, 47.532988]}}, {"type": "Feature", "properties": {"code": "Lke-1/XVI/O1", "reg": "xvi-kesz", "conf": 0.935}, "geometry": {"type": "Point", "coordinates": [19.1753022, 47.5312999]}}, {"type": "Feature", "properties": {"code": "Lke-1/XVI/O2", "reg": "xvi-kesz", "conf": 0.934}, "geometry": {"type": "Point", "coordinates": [19.1724706, 47.5364062]}}, {"type": "Feature", "properties": {"code": "Lke-1/XVI/O1", "reg": "xvi-kesz", "conf": 0.933}, "geometry": {"type": "Point", "coordinates": [19.1684879, 47.5323683]}}, {"type": "Feature", "properties": {"code": "Lke-1/XVI/SZ3", "reg": "xvi-kesz", "conf": 0.933}, "geometry": {"type": "Point", "coordinates": [19.180134, 47.5278998]}}, {"type": "Feature", "properties": {"code": "Lke-1/XVI/SZ4", "reg": "xvi-kesz", "conf": 0.932}, "geometry": {"type": "Point", "coordinates": [19.172924, 47.5317925]}}, {"type": "Feature", "properties": {"code": "Lke-1/XVI/SZ3", "reg": "xvi-kesz", "conf": 0.931}, "geometry": {"type": "Point", "coordinates": [19.180384, 47.5359601]}}, {"type": "Feature", "properties": {"code": "Lke-1/XVI/SZ4", "reg": "xvi-kesz", "conf": 0.931}, "geometry": {"type": "Point", "coordinates": [19.1819562, 47.5328282]}}, {"type": "Feature", "properties": {"code": "Lke-1/XVI/O2", "reg": "xvi-kesz", "conf": 0.93}, "geometry": {"type": "Point", "coordinates": [19.1786178, 47.5340968]}}, {"type": "Feature", "properties": {"code": "Lke-1/XVI/SZ4", "reg": "xvi-kesz", "conf": 0.93}, "geometry": {"type": "Point", "coordinates": [19.1768432, 47.5297891]}}, {"type": "Feature", "properties": {"code": "Vi-2/XVI/S", "reg": "xvi-kesz", "conf": 0.929}, "geometry": {"type": "Point", "coordinates": [19.1677542, 47.5300654]}}, {"type": "Feature", "properties": {"code": "Lke-1/XVI/O1", "reg": "xvi-kesz", "conf": 0.929}, "geometry": {"type": "Point", "coordinates": [19.1700127, 47.5287748]}}, {"type": "Feature", "properties": {"code": "Lke-1/XVI/SZ4", "reg": "xvi-kesz", "conf": 0.929}, "geometry": {"type": "Point", "coordinates": [19.1759126, 47.5277399]}}, {"type": "Feature", "properties": {"code": "Lke-1/XVI/O1", "reg": "xvi-kesz", "conf": 0.928}, "geometry": {"type": "Point", "coordinates": [19.1713776, 47.5293583]}}, {"type": "Feature", "properties": {"code": "Lke-1/XVI/O1", "reg": "xvi-kesz", "conf": 0.928}, "geometry": {"type": "Point", "coordinates": [19.1755273, 47.529649]}}, {"type": "Feature", "properties": {"code": "Lke-1/XVI/SZ4", "reg": "xvi-kesz", "conf": 0.928}, "geometry": {"type": "Point", "coordinates": [19.1752847, 47.5270156]}}, {"type": "Feature", "properties": {"code": "Lke-1/XVI/SZ3", "reg": "xvi-kesz", "conf": 0.925}, "geometry": {"type": "Point", "coordinates": [19.1835163, 47.5355227]}}, {"type": "Feature", "properties": {"code": "Lke-1/XVI/SZ5", "reg": "xvi-kesz", "conf": 0.924}, "geometry": {"type": "Point", "coordinates": [19.1630127, 47.5321842]}}, {"type": "Feature", "properties": {"code": "Lke-1/XVI/O1", "reg": "xvi-kesz", "conf": 0.923}, "geometry": {"type": "Point", "coordinates": [19.1800964, 47.5371063]}}, {"type": "Feature", "properties": {"code": "Lke-1/XVI/SZ3", "reg": "xvi-kesz", "conf": 0.923}, "geometry": {"type": "Point", "coordinates": [19.1788236, 47.5366523]}}, {"type": "Feature", "properties": {"code": "Lke-1/XVI/SZ1", "reg": "xvi-kesz", "conf": 0.922}, "geometry": {"type": "Point", "coordinates": [19.1852016, 47.5344166]}}, {"type": "Feature", "properties": {"code": "Lke-1/XVI/SZ1", "reg": "xvi-kesz", "conf": 0.922}, "geometry": {"type": "Point", "coordinates": [19.1872588, 47.536331]}}, {"type": "Feature", "properties": {"code": "Lke-1/XVI/SZ4", "reg": "xvi-kesz", "conf": 0.918}, "geometry": {"type": "Point", "coordinates": [19.1631262, 47.5369419]}}, {"type": "Feature", "properties": {"code": "Lke-1/XVI/SZ4", "reg": "xvi-kesz", "conf": 0.916}, "geometry": {"type": "Point", "coordinates": [19.1856622, 47.5307954]}}, {"type": "Feature", "properties": {"code": "Lke-1/XVI/O1", "reg": "xvi-kesz", "conf": 0.915}, "geometry": {"type": "Point", "coordinates": [19.1708152, 47.5312766]}}, {"type": "Feature", "properties": {"code": "Lke-1/XVI/SZ5", "reg": "xvi-kesz", "conf": 0.913}, "geometry": {"type": "Point", "coordinates": [19.1821876, 47.5284067]}}, {"type": "Feature", "properties": {"code": "Lke-1/XVI/SZ1", "reg": "xvi-kesz", "conf": 0.912}, "geometry": {"type": "Point", "coordinates": [19.1845544, 47.5366976]}}, {"type": "Feature", "properties": {"code": "Lke-1/XVI/O1", "reg": "xvi-kesz", "conf": 0.911}, "geometry": {"type": "Point", "coordinates": [19.1712612, 47.5334466]}}, {"type": "Feature", "properties": {"code": "Lke-1/XVI/INT", "reg": "xvi-kesz", "conf": 0.91}, "geometry": {"type": "Point", "coordinates": [19.1686483, 47.5285824]}}, {"type": "Feature", "properties": {"code": "Lke-1/XVI/O1", "reg": "xvi-kesz", "conf": 0.908}, "geometry": {"type": "Point", "coordinates": [19.1745917, 47.5337173]}}, {"type": "Feature", "properties": {"code": "Lke-1/XVI/SZ4", "reg": "xvi-kesz", "conf": 0.906}, "geometry": {"type": "Point", "coordinates": [19.1822759, 47.5269946]}}, {"type": "Feature", "properties": {"code": "Lke-1/XVI/O1", "reg": "xvi-kesz", "conf": 0.902}, "geometry": {"type": "Point", "coordinates": [19.1651986, 47.5340461]}}, {"type": "Feature", "properties": {"code": "Lke-1/XVI/O1", "reg": "xvi-kesz", "conf": 0.899}, "geometry": {"type": "Point", "coordinates": [19.1736482, 47.534516]}}, {"type": "Feature", "properties": {"code": "Lke-1/XVI/O1", "reg": "xvi-kesz", "conf": 0.899}, "geometry": {"type": "Point", "coordinates": [19.1735273, 47.5303915]}}, {"type": "Feature", "properties": {"code": "Lke-1/XVI/O1", "reg": "xvi-kesz", "conf": 0.894}, "geometry": {"type": "Point", "coordinates": [19.1651969, 47.5340484]}}, {"type": "Feature", "properties": {"code": "Lke-1/XVI/O1", "reg": "xvi-kesz", "conf": 0.892}, "geometry": {"type": "Point", "coordinates": [19.1735715, 47.5272685]}}, {"type": "Feature", "properties": {"code": "Lke-1/XVI/O1", "reg": "xvi-kesz", "conf": 0.891}, "geometry": {"type": "Point", "coordinates": [19.1701725, 47.5307233]}}, {"type": "Feature", "properties": {"code": "Lke-1/XVI/O1", "reg": "xvi-kesz", "conf": 0.886}, "geometry": {"type": "Point", "coordinates": [19.169358, 47.5304919]}}, {"type": "Feature", "properties": {"code": "Lke-1/XVI/SZ3", "reg": "xvi-kesz", "conf": 0.884}, "geometry": {"type": "Point", "coordinates": [19.1645748, 47.5278017]}}, {"type": "Feature", "properties": {"code": "Lke-1/XVI/SZ4", "reg": "xvi-kesz", "conf": 0.883}, "geometry": {"type": "Point", "coordinates": [19.1764361, 47.531647]}}, {"type": "Feature", "properties": {"code": "Lke-1/XVI/SZ3", "reg": "xvi-kesz", "conf": 0.874}, "geometry": {"type": "Point", "coordinates": [19.1649534, 47.5369544]}}, {"type": "Feature", "properties": {"code": "Lke-1/XVI/SZ3", "reg": "xvi-kesz", "conf": 0.86}, "geometry": {"type": "Point", "coordinates": [19.1665038, 47.5349605]}}, {"type": "Feature", "properties": {"code": "Lke-1/XVI/O1", "reg": "xvi-kesz", "conf": 0.851}, "geometry": {"type": "Point", "coordinates": [19.1724233, 47.5299204]}}, {"type": "Feature", "properties": {"code": "Lke-1/XVI/IK", "reg": "xvi-kesz", "conf": 0.85}, "geometry": {"type": "Point", "coordinates": [19.1834242, 47.5366187]}}, {"type": "Feature", "properties": {"code": "Vi-2/XVI/KK", "reg": "xvi-kesz", "conf": 0.843}, "geometry": {"type": "Point", "coordinates": [19.1672139, 47.5310071]}}, {"type": "Feature", "properties": {"code": "Lke-1/XVI/SZ4", "reg": "xvi-kesz", "conf": 0.99}, "geometry": {"type": "Point", "coordinates": [19.2012775, 47.5370933]}}, {"type": "Feature", "properties": {"code": "Lke-1/XVI/SZ4", "reg": "xvi-kesz", "conf": 0.99}, "geometry": {"type": "Point", "coordinates": [19.2085865, 47.5320574]}}, {"type": "Feature", "properties": {"code": "Lke-1/XVI/SZ4", "reg": "xvi-kesz", "conf": 0.989}, "geometry": {"type": "Point", "coordinates": [19.1894856, 47.5305617]}}, {"type": "Feature", "properties": {"code": "Lke-1/XVI/INT", "reg": "xvi-kesz", "conf": 0.988}, "geometry": {"type": "Point", "coordinates": [19.2047102, 47.5349213]}}, {"type": "Feature", "properties": {"code": "Lke-1/XVI/SZ1", "reg": "xvi-kesz", "conf": 0.985}, "geometry": {"type": "Point", "coordinates": [19.1976283, 47.5345546]}}, {"type": "Feature", "properties": {"code": "Lke-1/XVI/SZ1", "reg": "xvi-kesz", "conf": 0.984}, "geometry": {"type": "Point", "coordinates": [19.2038853, 47.5364302]}}, {"type": "Feature", "properties": {"code": "Lke-1/XVI/SZ1", "reg": "xvi-kesz", "conf": 0.983}, "geometry": {"type": "Point", "coordinates": [19.1992324, 47.5338241]}}, {"type": "Feature", "properties": {"code": "Lke-1/XVI/SZ4", "reg": "xvi-kesz", "conf": 0.98}, "geometry": {"type": "Point", "coordinates": [19.2107029, 47.5341733]}}, {"type": "Feature", "properties": {"code": "Lke-1/XVI/SZ3", "reg": "xvi-kesz", "conf": 0.979}, "geometry": {"type": "Point", "coordinates": [19.1899747, 47.5343953]}}, {"type": "Feature", "properties": {"code": "Lke-1/XVI/SZ3", "reg": "xvi-kesz", "conf": 0.977}, "geometry": {"type": "Point", "coordinates": [19.1998089, 47.5292036]}}, {"type": "Feature", "properties": {"code": "Lke-1/XVI/SZ4", "reg": "xvi-kesz", "conf": 0.975}, "geometry": {"type": "Point", "coordinates": [19.2074865, 47.5357787]}}, {"type": "Feature", "properties": {"code": "Lke-1/XVI/SZ1", "reg": "xvi-kesz", "conf": 0.975}, "geometry": {"type": "Point", "coordinates": [19.1939737, 47.5318441]}}, {"type": "Feature", "properties": {"code": "Lke-1/XVI/SZ4", "reg": "xvi-kesz", "conf": 0.974}, "geometry": {"type": "Point", "coordinates": [19.1986635, 47.5362802]}}, {"type": "Feature", "properties": {"code": "Lke-1/XVI/SZ4", "reg": "xvi-kesz", "conf": 0.974}, "geometry": {"type": "Point", "coordinates": [19.2004384, 47.5347591]}}, {"type": "Feature", "properties": {"code": "Lke-1/XVI/SZ4", "reg": "xvi-kesz", "conf": 0.972}, "geometry": {"type": "Point", "coordinates": [19.1894876, 47.533313]}}, {"type": "Feature", "properties": {"code": "Lke-1/XVI/SZ3", "reg": "xvi-kesz", "conf": 0.969}, "geometry": {"type": "Point", "coordinates": [19.199021, 47.5326016]}}, {"type": "Feature", "properties": {"code": "Lke-1/XVI/SZ1", "reg": "xvi-kesz", "conf": 0.968}, "geometry": {"type": "Point", "coordinates": [19.189753, 47.5347663]}}, {"type": "Feature", "properties": {"code": "Lke-1/XVI/T", "reg": "xvi-kesz", "conf": 0.968}, "geometry": {"type": "Point", "coordinates": [19.1965897, 47.5337332]}}, {"type": "Feature", "properties": {"code": "Lke-1/XVI/SZ3", "reg": "xvi-kesz", "conf": 0.968}, "geometry": {"type": "Point", "coordinates": [19.2064416, 47.5325142]}}, {"type": "Feature", "properties": {"code": "Lke-1/XVI/SZ4", "reg": "xvi-kesz", "conf": 0.967}, "geometry": {"type": "Point", "coordinates": [19.1992605, 47.5371065]}}, {"type": "Feature", "properties": {"code": "Lke-1/XVI/INT", "reg": "xvi-kesz", "conf": 0.967}, "geometry": {"type": "Point", "coordinates": [19.2051113, 47.532139]}}, {"type": "Feature", "properties": {"code": "Vi-2/XVI/SZ1", "reg": "xvi-kesz", "conf": 0.967}, "geometry": {"type": "Point", "coordinates": [19.2034737, 47.527678]}}, {"type": "Feature", "properties": {"code": "Lke-1/XVI/SZ4", "reg": "xvi-kesz", "conf": 0.966}, "geometry": {"type": "Point", "coordinates": [19.2039544, 47.533258]}}, {"type": "Feature", "properties": {"code": "Lke-1/XVI/SZ4", "reg": "xvi-kesz", "conf": 0.966}, "geometry": {"type": "Point", "coordinates": [19.2145144, 47.5332475]}}, {"type": "Feature", "properties": {"code": "Lke-1/XVI/T", "reg": "xvi-kesz", "conf": 0.964}, "geometry": {"type": "Point", "coordinates": [19.203258, 47.5329027]}}, {"type": "Feature", "properties": {"code": "Lke-1/XVI/SZ3", "reg": "xvi-kesz", "conf": 0.964}, "geometry": {"type": "Point", "coordinates": [19.1987477, 47.5305057]}}, {"type": "Feature", "properties": {"code": "Lke-1/XVI/SZ2", "reg": "xvi-kesz", "conf": 0.964}, "geometry": {"type": "Point", "coordinates": [19.2097457, 47.5269541]}}, {"type": "Feature", "properties": {"code": "Lke-1/XVI/SZ4", "reg": "xvi-kesz", "conf": 0.961}, "geometry": {"type": "Point", "coordinates": [19.2119439, 47.5341915]}}, {"type": "Feature", "properties": {"code": "Lke-1/XVI/SZ4", "reg": "xvi-kesz", "conf": 0.961}, "geometry": {"type": "Point", "coordinates": [19.2093201, 47.5308409]}}, {"type": "Feature", "properties": {"code": "Lke-1/XVI/SZ4", "reg": "xvi-kesz", "conf": 0.96}, "geometry": {"type": "Point", "coordinates": [19.1948426, 47.5349062]}}, {"type": "Feature", "properties": {"code": "Lke-1/XVI/SZ3", "reg": "xvi-kesz", "conf": 0.96}, "geometry": {"type": "Point", "coordinates": [19.2068017, 47.5310183]}}, {"type": "Feature", "properties": {"code": "K-Rek/XVI/1", "reg": "xvi-kesz", "conf": 0.96}, "geometry": {"type": "Point", "coordinates": [19.2131269, 47.527927]}}, {"type": "Feature", "properties": {"code": "Lke-1/XVI/O1", "reg": "xvi-kesz", "conf": 0.959}, "geometry": {"type": "Point", "coordinates": [19.1917367, 47.5365753]}}, {"type": "Feature", "properties": {"code": "Lke-1/XVI/SZ4", "reg": "xvi-kesz", "conf": 0.958}, "geometry": {"type": "Point", "coordinates": [19.2057538, 47.5366139]}}, {"type": "Feature", "properties": {"code": "Lke-1/XVI/SZ3", "reg": "xvi-kesz", "conf": 0.958}, "geometry": {"type": "Point", "coordinates": [19.2035136, 47.5301705]}}, {"type": "Feature", "properties": {"code": "Lke-1/XVI/SZ4", "reg": "xvi-kesz", "conf": 0.957}, "geometry": {"type": "Point", "coordinates": [19.2004118, 47.5365903]}}, {"type": "Feature", "properties": {"code": "Lke-1/XVI/SZ1", "reg": "xvi-kesz", "conf": 0.957}, "geometry": {"type": "Point", "coordinates": [19.2125283, 47.5323507]}}, {"type": "Feature", "properties": {"code": "Lke-1/XVI/SZ1", "reg": "xvi-kesz", "conf": 0.956}, "geometry": {"type": "Point", "coordinates": [19.2029657, 47.5357236]}}, {"type": "Feature", "properties": {"code": "Lke-1/XVI/SZ1", "reg": "xvi-kesz", "conf": 0.956}, "geometry": {"type": "Point", "coordinates": [19.1954222, 47.5336523]}}, {"type": "Feature", "properties": {"code": "Lke-1/XVI/SZ3", "reg": "xvi-kesz", "conf": 0.956}, "geometry": {"type": "Point", "coordinates": [19.2020316, 47.5326467]}}, {"type": "Feature", "properties": {"code": "Lke-1/XVI/SZ3", "reg": "xvi-kesz", "conf": 0.955}, "geometry": {"type": "Point", "coordinates": [19.195111, 47.5301256]}}, {"type": "Feature", "properties": {"code": "Lke-1/XVI/SZ3", "reg": "xvi-kesz", "conf": 0.954}, "geometry": {"type": "Point", "coordinates": [19.1999025, 47.5317796]}}, {"type": "Feature", "properties": {"code": "Lke-1/XVI/SZ3", "reg": "xvi-kesz", "conf": 0.954}, "geometry": {"type": "Point", "coordinates": [19.2119733, 47.5307782]}}, {"type": "Feature", "properties": {"code": "Lke-1/XVI/SZ3", "reg": "xvi-kesz", "conf": 0.952}, "geometry": {"type": "Point", "coordinates": [19.1923099, 47.5337541]}}, {"type": "Feature", "properties": {"code": "Lke-1/XVI/SZ1", "reg": "xvi-kesz", "conf": 0.952}, "geometry": {"type": "Point", "coordinates": [19.190778, 47.5320312]}}, {"type": "Feature", "properties": {"code": "Lke-1/XVI/SZ6", "reg": "xvi-kesz", "conf": 0.95}, "geometry": {"type": "Point", "coordinates": [19.2139704, 47.5313008]}}, {"type": "Feature", "properties": {"code": "Lke-1/XVI/SZ3", "reg": "xvi-kesz", "conf": 0.948}, "geometry": {"type": "Point", "coordinates": [19.1993952, 47.5297567]}}, {"type": "Feature", "properties": {"code": "Vi-3/XVI/SZ2", "reg": "xvi-kesz", "conf": 0.946}, "geometry": {"type": "Point", "coordinates": [19.2130683, 47.5309638]}}, {"type": "Feature", "properties": {"code": "Lke-1/XVI/SZ3", "reg": "xvi-kesz", "conf": 0.944}, "geometry": {"type": "Point", "coordinates": [19.1969119, 47.5307928]}}, {"type": "Feature", "properties": {"code": "Lke-1/XVI/SZ1", "reg": "xvi-kesz", "conf": 0.942}, "geometry": {"type": "Point", "coordinates": [19.1898931, 47.5354282]}}, {"type": "Feature", "properties": {"code": "Lke-1/XVI/SZ1", "reg": "xvi-kesz", "conf": 0.942}, "geometry": {"type": "Point", "coordinates": [19.2035317, 47.5369332]}}, {"type": "Feature", "properties": {"code": "Lke-1/XVI/SZ2", "reg": "xvi-kesz", "conf": 0.942}, "geometry": {"type": "Point", "coordinates": [19.2087668, 47.5284222]}}, {"type": "Feature", "properties": {"code": "Lke-1/XVI/SZ3", "reg": "xvi-kesz", "conf": 0.941}, "geometry": {"type": "Point", "coordinates": [19.2006864, 47.5332712]}}, {"type": "Feature", "properties": {"code": "Lke-1/XVI/SZ3", "reg": "xvi-kesz", "conf": 0.941}, "geometry": {"type": "Point", "coordinates": [19.2009749, 47.5311076]}}, {"type": "Feature", "properties": {"code": "Lke-1/XVI/SZ3", "reg": "xvi-kesz", "conf": 0.94}, "geometry": {"type": "Point", "coordinates": [19.201514, 47.5305089]}}, {"type": "Feature", "properties": {"code": "Lke-1/XVI/SZ2", "reg": "xvi-kesz", "conf": 0.938}, "geometry": {"type": "Point", "coordinates": [19.2083056, 47.5294917]}}, {"type": "Feature", "properties": {"code": "Lke-1/XVI/SZ3", "reg": "xvi-kesz", "conf": 0.936}, "geometry": {"type": "Point", "coordinates": [19.2015441, 47.5296468]}}, {"type": "Feature", "properties": {"code": "Lke-1/XVI/SZ4", "reg": "xvi-kesz", "conf": 0.935}, "geometry": {"type": "Point", "coordinates": [19.2070893, 47.537087]}}, {"type": "Feature", "properties": {"code": "Lke-1/XVI/SZ3", "reg": "xvi-kesz", "conf": 0.935}, "geometry": {"type": "Point", "coordinates": [19.1949876, 47.5311733]}}, {"type": "Feature", "properties": {"code": "Lke-1/XVI/SZ4", "reg": "xvi-kesz", "conf": 0.935}, "geometry": {"type": "Point", "coordinates": [19.210102, 47.5312929]}}, {"type": "Feature", "properties": {"code": "Lke-1/XVI/SZ3", "reg": "xvi-kesz", "conf": 0.934}, "geometry": {"type": "Point", "coordinates": [19.2123075, 47.5288626]}}, {"type": "Feature", "properties": {"code": "Lk-2/XVI/CS", "reg": "xvi-kesz", "conf": 0.932}, "geometry": {"type": "Point", "coordinates": [19.2060492, 47.5285054]}}, {"type": "Feature", "properties": {"code": "Lke-1/XVI/SZ2", "reg": "xvi-kesz", "conf": 0.932}, "geometry": {"type": "Point", "coordinates": [19.2077373, 47.5287859]}}, {"type": "Feature", "properties": {"code": "Lke-1/XVI/SZ3", "reg": "xvi-kesz", "conf": 0.931}, "geometry": {"type": "Point", "coordinates": [19.2113407, 47.5284097]}}, {"type": "Feature", "properties": {"code": "Lke-1/XVI/SZ3", "reg": "xvi-kesz", "conf": 0.93}, "geometry": {"type": "Point", "coordinates": [19.2027124, 47.531867]}}, {"type": "Feature", "properties": {"code": "Lke-1/XVI/SZ3", "reg": "xvi-kesz", "conf": 0.93}, "geometry": {"type": "Point", "coordinates": [19.2096799, 47.5300876]}}, {"type": "Feature", "properties": {"code": "Lke-1/XVI/SZ4", "reg": "xvi-kesz", "conf": 0.929}, "geometry": {"type": "Point", "coordinates": [19.2048048, 47.5371198]}}, {"type": "Feature", "properties": {"code": "Lke-1/XVI/SZ4", "reg": "xvi-kesz", "conf": 0.929}, "geometry": {"type": "Point", "coordinates": [19.2102032, 47.5360606]}}, {"type": "Feature", "properties": {"code": "Lk-2/XVI/CS", "reg": "xvi-kesz", "conf": 0.927}, "geometry": {"type": "Point", "coordinates": [19.2044992, 47.5295656]}}, {"type": "Feature", "properties": {"code": "Lke-1/XVI/SZ3", "reg": "xvi-kesz", "conf": 0.926}, "geometry": {"type": "Point", "coordinates": [19.2113622, 47.5317342]}}, {"type": "Feature", "properties": {"code": "Lke-1/XVI/SZ3", "reg": "xvi-kesz", "conf": 0.922}, "geometry": {"type": "Point", "coordinates": [19.1936353, 47.5307025]}}, {"type": "Feature", "properties": {"code": "Lke-1/XVI/SZ3", "reg": "xvi-kesz", "conf": 0.922}, "geometry": {"type": "Point", "coordinates": [19.1981671, 47.5312444]}}, {"type": "Feature", "properties": {"code": "Lke-1/XVI/SZ2", "reg": "xvi-kesz", "conf": 0.914}, "geometry": {"type": "Point", "coordinates": [19.2077163, 47.5300507]}}, {"type": "Feature", "properties": {"code": "Lke-1/XVI/SZ3", "reg": "xvi-kesz", "conf": 0.913}, "geometry": {"type": "Point", "coordinates": [19.2107828, 47.5304768]}}, {"type": "Feature", "properties": {"code": "Lke-1/XVI/SZ3", "reg": "xvi-kesz", "conf": 0.911}, "geometry": {"type": "Point", "coordinates": [19.198167, 47.5285897]}}, {"type": "Feature", "properties": {"code": "Lke-1/XVI/SZ4", "reg": "xvi-kesz", "conf": 0.91}, "geometry": {"type": "Point", "coordinates": [19.1899161, 47.5300074]}}, {"type": "Feature", "properties": {"code": "Lke-1/XVI/SZ1", "reg": "xvi-kesz", "conf": 0.907}, "geometry": {"type": "Point", "coordinates": [19.191263, 47.5303019]}}, {"type": "Feature", "properties": {"code": "Lke-1/XVI/INT", "reg": "xvi-kesz", "conf": 0.907}, "geometry": {"type": "Point", "coordinates": [19.2038774, 47.5306069]}}, {"type": "Feature", "properties": {"code": "Lke-1/XVI/SZ3", "reg": "xvi-kesz", "conf": 0.906}, "geometry": {"type": "Point", "coordinates": [19.1975107, 47.5290908]}}, {"type": "Feature", "properties": {"code": "Lke-1/XVI/SZ4", "reg": "xvi-kesz", "conf": 0.905}, "geometry": {"type": "Point", "coordinates": [19.213223, 47.5344235]}}, {"type": "Feature", "properties": {"code": "Lke-1/XVI/SZ3", "reg": "xvi-kesz", "conf": 0.905}, "geometry": {"type": "Point", "coordinates": [19.1958641, 47.5295051]}}, {"type": "Feature", "properties": {"code": "Lke-1/XVI/SZ4", "reg": "xvi-kesz", "conf": 0.896}, "geometry": {"type": "Point", "coordinates": [19.1948216, 47.5352998]}}, {"type": "Feature", "properties": {"code": "Lk-2/XVI/CS", "reg": "xvi-kesz", "conf": 0.894}, "geometry": {"type": "Point", "coordinates": [19.2022764, 47.5286452]}}, {"type": "Feature", "properties": {"code": "Lke-1/XVI/SZ1", "reg": "xvi-kesz", "conf": 0.891}, "geometry": {"type": "Point", "coordinates": [19.1930316, 47.5367891]}}, {"type": "Feature", "properties": {"code": "Lke-1/XVI/SZ1", "reg": "xvi-kesz", "conf": 0.888}, "geometry": {"type": "Point", "coordinates": [19.1919956, 47.5312226]}}, {"type": "Feature", "properties": {"code": "Lke-1/XVI/Z", "reg": "xvi-kesz", "conf": 0.883}, "geometry": {"type": "Point", "coordinates": [19.2141147, 47.5298141]}}, {"type": "Feature", "properties": {"code": "Lke-1/XVI/SZ3", "reg": "xvi-kesz", "conf": 0.882}, "geometry": {"type": "Point", "coordinates": [19.1949876, 47.5311744]}}, {"type": "Feature", "properties": {"code": "Lke-1/XVI/SZ1", "reg": "xvi-kesz", "conf": 0.872}, "geometry": {"type": "Point", "coordinates": [19.196757, 47.5328948]}}, {"type": "Feature", "properties": {"code": "Lke-1/XVI/SZ4", "reg": "xvi-kesz", "conf": 0.869}, "geometry": {"type": "Point", "coordinates": [19.2119389, 47.5341949]}}, {"type": "Feature", "properties": {"code": "Lke-1/XVI/SZ1", "reg": "xvi-kesz", "conf": 0.858}, "geometry": {"type": "Point", "coordinates": [19.2071187, 47.5349522]}}, {"type": "Feature", "properties": {"code": "Lke-1/XVI/SZ3", "reg": "xvi-kesz", "conf": 0.851}, "geometry": {"type": "Point", "coordinates": [19.1974122, 47.5300485]}}, {"type": "Feature", "properties": {"code": "Lke-1/XVI/Z", "reg": "xvi-kesz", "conf": 0.83}, "geometry": {"type": "Point", "coordinates": [19.2126974, 47.5302715]}}, {"type": "Feature", "properties": {"code": "K-T/XVI/1", "reg": "xvi-kesz", "conf": 0.985}, "geometry": {"type": "Point", "coordinates": [19.2402835, 47.5321426]}}, {"type": "Feature", "properties": {"code": "K-T/XVI/1", "reg": "xvi-kesz", "conf": 0.975}, "geometry": {"type": "Point", "coordinates": [19.2381544, 47.5305632]}}, {"type": "Feature", "properties": {"code": "K-Rek/XVI/1", "reg": "xvi-kesz", "conf": 0.969}, "geometry": {"type": "Point", "coordinates": [19.2174708, 47.5282992]}}, {"type": "Feature", "properties": {"code": "Lke-1/XVI/SZ4", "reg": "xvi-kesz", "conf": 0.962}, "geometry": {"type": "Point", "coordinates": [19.2155222, 47.5319821]}}, {"type": "Feature", "properties": {"code": "Lke-1/XVI/O1", "reg": "xvi-kesz", "conf": 0.945}, "geometry": {"type": "Point", "coordinates": [19.222998, 47.5311099]}}, {"type": "Feature", "properties": {"code": "Lke-1/XVI/SZ4", "reg": "xvi-kesz", "conf": 0.931}, "geometry": {"type": "Point", "coordinates": [19.2166204, 47.5333281]}}, {"type": "Feature", "properties": {"code": "Lke-1/XVI/O1", "reg": "xvi-kesz", "conf": 0.927}, "geometry": {"type": "Point", "coordinates": [19.2287581, 47.5269401]}}, {"type": "Feature", "properties": {"code": "K-Rek/XVI/1", "reg": "xvi-kesz", "conf": 0.926}, "geometry": {"type": "Point", "coordinates": [19.2174691, 47.5282923]}}, {"type": "Feature", "properties": {"code": "Lke-1/XVI/O1", "reg": "xvi-kesz", "conf": 0.925}, "geometry": {"type": "Point", "coordinates": [19.2276559, 47.5279354]}}, {"type": "Feature", "properties": {"code": "Lke-1/XVI/O1", "reg": "xvi-kesz", "conf": 0.922}, "geometry": {"type": "Point", "coordinates": [19.2276542, 47.5279376]}}, {"type": "Feature", "properties": {"code": "Lke-1/XVI/SZ3", "reg": "xvi-kesz", "conf": 0.922}, "geometry": {"type": "Point", "coordinates": [19.2314345, 47.5269264]}}, {"type": "Feature", "properties": {"code": "Lke-1/XVI/O1", "reg": "xvi-kesz", "conf": 0.916}, "geometry": {"type": "Point", "coordinates": [19.2350276, 47.5277549]}}, {"type": "Feature", "properties": {"code": "Lke-1/XVI/SZ1", "reg": "xvi-kesz", "conf": 0.915}, "geometry": {"type": "Point", "coordinates": [19.2198085, 47.5269354]}}, {"type": "Feature", "properties": {"code": "Lke-1/XVI/O2", "reg": "xvi-kesz", "conf": 0.904}, "geometry": {"type": "Point", "coordinates": [19.2344101, 47.5267054]}}, {"type": "Feature", "properties": {"code": "Lke-1/XVI/O1", "reg": "xvi-kesz", "conf": 0.895}, "geometry": {"type": "Point", "coordinates": [19.2268693, 47.5268508]}}, {"type": "Feature", "properties": {"code": "Lke-1/XVI/SZ4", "reg": "xvi-kesz", "conf": 0.891}, "geometry": {"type": "Point", "coordinates": [19.215845, 47.5328646]}}, {"type": "Feature", "properties": {"code": "Lke-1/XVI/O1", "reg": "xvi-kesz", "conf": 0.884}, "geometry": {"type": "Point", "coordinates": [19.2359629, 47.5269373]}}, {"type": "Feature", "properties": {"code": "Lke-1/XVI/O1", "reg": "xvi-kesz", "conf": 0.868}, "geometry": {"type": "Point", "coordinates": [19.2359008, 47.5286062]}}, {"type": "Feature", "properties": {"code": "Gksz-1/XVI/2", "reg": "xvi-kesz", "conf": 0.843}, "geometry": {"type": "Point", "coordinates": [19.2350436, 47.5291428]}}, {"type": "Feature", "properties": {"code": "Lke-1/XVI/SZ3", "reg": "xvi-kesz", "conf": 0.986}, "geometry": {"type": "Point", "coordinates": [19.1617133, 47.5166935]}}, {"type": "Feature", "properties": {"code": "Lke-1/XVI/INT", "reg": "xvi-kesz", "conf": 0.982}, "geometry": {"type": "Point", "coordinates": [19.156834, 47.519547]}}, {"type": "Feature", "properties": {"code": "Lke-1/XVI/SZ1", "reg": "xvi-kesz", "conf": 0.978}, "geometry": {"type": "Point", "coordinates": [19.1480582, 47.5242707]}}, {"type": "Feature", "properties": {"code": "Lke-1/XVI/SZ3", "reg": "xvi-kesz", "conf": 0.977}, "geometry": {"type": "Point", "coordinates": [19.1526249, 47.5209701]}}, {"type": "Feature", "properties": {"code": "Lke-1/XVI/SZ5", "reg": "xvi-kesz", "conf": 0.974}, "geometry": {"type": "Point", "coordinates": [19.1507556, 47.5219466]}}, {"type": "Feature", "properties": {"code": "Lke-1/XVI/SZ4", "reg": "xvi-kesz", "conf": 0.974}, "geometry": {"type": "Point", "coordinates": [19.1528453, 47.5176384]}}, {"type": "Feature", "properties": {"code": "Lke-1/XVI/SZ1", "reg": "xvi-kesz", "conf": 0.973}, "geometry": {"type": "Point", "coordinates": [19.16132, 47.5190013]}}, {"type": "Feature", "properties": {"code": "Lke-1/XVI/SZ1", "reg": "xvi-kesz", "conf": 0.971}, "geometry": {"type": "Point", "coordinates": [19.148946, 47.5207462]}}, {"type": "Feature", "properties": {"code": "Lke-1/XVI/T", "reg": "xvi-kesz", "conf": 0.97}, "geometry": {"type": "Point", "coordinates": [19.1618777, 47.5213307]}}, {"type": "Feature", "properties": {"code": "Lke-1/XVI/SZ1", "reg": "xvi-kesz", "conf": 0.964}, "geometry": {"type": "Point", "coordinates": [19.1569313, 47.5270219]}}, {"type": "Feature", "properties": {"code": "Lke-1/XVI/SZ5", "reg": "xvi-kesz", "conf": 0.964}, "geometry": {"type": "Point", "coordinates": [19.1526331, 47.518899]}}, {"type": "Feature", "properties": {"code": "Lke-1/XVI/O1", "reg": "xvi-kesz", "conf": 0.962}, "geometry": {"type": "Point", "coordinates": [19.1550314, 47.5244522]}}, {"type": "Feature", "properties": {"code": "Lke-1/XVI/INT", "reg": "xvi-kesz", "conf": 0.962}, "geometry": {"type": "Point", "coordinates": [19.1624346, 47.5240234]}}, {"type": "Feature", "properties": {"code": "Lke-1/XVI/SZ1", "reg": "xvi-kesz", "conf": 0.96}, "geometry": {"type": "Point", "coordinates": [19.1516418, 47.5237635]}}, {"type": "Feature", "properties": {"code": "Lke-1/XVI/SZ3", "reg": "xvi-kesz", "conf": 0.959}, "geometry": {"type": "Point", "coordinates": [19.1580064, 47.5222958]}}, {"type": "Feature", "properties": {"code": "Lke-1/XVI/SZ3", "reg": "xvi-kesz", "conf": 0.959}, "geometry": {"type": "Point", "coordinates": [19.1587023, 47.5194869]}}, {"type": "Feature", "properties": {"code": "Lke-1/XVI/INT", "reg": "xvi-kesz", "conf": 0.958}, "geometry": {"type": "Point", "coordinates": [19.1608277, 47.5224299]}}, {"type": "Feature", "properties": {"code": "Lke-1/XVI/SZ4", "reg": "xvi-kesz", "conf": 0.952}, "geometry": {"type": "Point", "coordinates": [19.1559966, 47.5191892]}}, {"type": "Feature", "properties": {"code": "Lke-1/XVI/SZ5", "reg": "xvi-kesz", "conf": 0.951}, "geometry": {"type": "Point", "coordinates": [19.161872, 47.5257058]}}, {"type": "Feature", "properties": {"code": "Lke-1/XVI/SZ3", "reg": "xvi-kesz", "conf": 0.951}, "geometry": {"type": "Point", "coordinates": [19.1617548, 47.5209096]}}, {"type": "Feature", "properties": {"code": "Lke-1/XVI/SZ1", "reg": "xvi-kesz", "conf": 0.949}, "geometry": {"type": "Point", "coordinates": [19.1513914, 47.5257747]}}, {"type": "Feature", "properties": {"code": "Lke-1/XVI/SZ5", "reg": "xvi-kesz", "conf": 0.948}, "geometry": {"type": "Point", "coordinates": [19.1612186, 47.5198428]}}, {"type": "Feature", "properties": {"code": "Lke-1/XVI/SZ3", "reg": "xvi-kesz", "conf": 0.947}, "geometry": {"type": "Point", "coordinates": [19.1571028, 47.5208525]}}, {"type": "Feature", "properties": {"code": "Lke-1/XVI/SZ3", "reg": "xvi-kesz", "conf": 0.947}, "geometry": {"type": "Point", "coordinates": [19.1607523, 47.517318]}}, {"type": "Feature", "properties": {"code": "Lke-1/XVI/O1", "reg": "xvi-kesz", "conf": 0.946}, "geometry": {"type": "Point", "coordinates": [19.1538981, 47.5266189]}}, {"type": "Feature", "properties": {"code": "Lke-1/XVI/SZ5", "reg": "xvi-kesz", "conf": 0.942}, "geometry": {"type": "Point", "coordinates": [19.1581017, 47.5250005]}}, {"type": "Feature", "properties": {"code": "Lke-1/XVI/SZ4", "reg": "xvi-kesz", "conf": 0.942}, "geometry": {"type": "Point", "coordinates": [19.155452, 47.518429]}}, {"type": "Feature", "properties": {"code": "Lke-1/XVI/SZ5", "reg": "xvi-kesz", "conf": 0.941}, "geometry": {"type": "Point", "coordinates": [19.1622646, 47.5241304]}}, {"type": "Feature", "properties": {"code": "Lke-1/XVI/SZ1", "reg": "xvi-kesz", "conf": 0.94}, "geometry": {"type": "Point", "coordinates": [19.1501561, 47.5252345]}}, {"type": "Feature", "properties": {"code": "Vi-2/XVI/Z", "reg": "xvi-kesz", "conf": 0.94}, "geometry": {"type": "Point", "coordinates": [19.1586037, 47.5241142]}}, {"type": "Feature", "properties": {"code": "Lke-1/XVI/SZ3", "reg": "xvi-kesz", "conf": 0.937}, "geometry": {"type": "Point", "coordinates": [19.1612993, 47.5243768]}}, {"type": "Feature", "properties": {"code": "Lke-1/XVI/SZ3", "reg": "xvi-kesz", "conf": 0.936}, "geometry": {"type": "Point", "coordinates": [19.155997, 47.5220188]}}, {"type": "Feature", "properties": {"code": "Lke-1/XVI/SZ1", "reg": "xvi-kesz", "conf": 0.936}, "geometry": {"type": "Point", "coordinates": [19.1598704, 47.5228773]}}, {"type": "Feature", "properties": {"code": "Vi-2/XVI/SZ2", "reg": "xvi-kesz", "conf": 0.935}, "geometry": {"type": "Point", "coordinates": [19.1502334, 47.5214453]}}, {"type": "Feature", "properties": {"code": "Lke-1/XVI/SZ1", "reg": "xvi-kesz", "conf": 0.935}, "geometry": {"type": "Point", "coordinates": [19.1621075, 47.5200791]}}, {"type": "Feature", "properties": {"code": "Lke-1/XVI/SZ3", "reg": "xvi-kesz", "conf": 0.934}, "geometry": {"type": "Point", "coordinates": [19.1581209, 47.5200258]}}, {"type": "Feature", "properties": {"code": "Lke-1/XVI/SZ3", "reg": "xvi-kesz", "conf": 0.934}, "geometry": {"type": "Point", "coordinates": [19.1617371, 47.518206]}}, {"type": "Feature", "properties": {"code": "Lke-1/XVI/SZ1", "reg": "xvi-kesz", "conf": 0.933}, "geometry": {"type": "Point", "coordinates": [19.1572095, 47.5261052]}}, {"type": "Feature", "properties": {"code": "Ln-3/XVI/1", "reg": "xvi-kesz", "conf": 0.932}, "geometry": {"type": "Point", "coordinates": [19.1498868, 47.5270312]}}, {"type": "Feature", "properties": {"code": "Lke-1/XVI/SZ5", "reg": "xvi-kesz", "conf": 0.932}, "geometry": {"type": "Point", "coordinates": [19.1514746, 47.5223318]}}, {"type": "Feature", "properties": {"code": "Lke-1/XVI/SZ3", "reg": "xvi-kesz", "conf": 0.926}, "geometry": {"type": "Point", "coordinates": [19.1571011, 47.5208525]}}, {"type": "Feature", "properties": {"code": "Lke-1/XVI/SZ3", "reg": "xvi-kesz", "conf": 0.923}, "geometry": {"type": "Point", "coordinates": [19.1465666, 47.5240623]}}, {"type": "Feature", "properties": {"code": "Lke-1/XVI/O1", "reg": "xvi-kesz", "conf": 0.923}, "geometry": {"type": "Point", "coordinates": [19.1524581, 47.5270236]}}, {"type": "Feature", "properties": {"code": "Lke-1/XVI/SZ3", "reg": "xvi-kesz", "conf": 0.92}, "geometry": {"type": "Point", "coordinates": [19.1481324, 47.5212536]}}, {"type": "Feature", "properties": {"code": "Lke-1/XVI/O1", "reg": "xvi-kesz", "conf": 0.919}, "geometry": {"type": "Point", "coordinates": [19.1552833, 47.5270283]}}, {"type": "Feature", "properties": {"code": "Lke-1/XVI/SZ1", "reg": "xvi-kesz", "conf": 0.916}, "geometry": {"type": "Point", "coordinates": [19.1491029, 47.5246987]}}, {"type": "Feature", "properties": {"code": "Lke-1/XVI/SZ5", "reg": "xvi-kesz", "conf": 0.914}, "geometry": {"type": "Point", "coordinates": [19.16077, 47.5270276]}}, {"type": "Feature", "properties": {"code": "Lke-1/XVI/SZ5", "reg": "xvi-kesz", "conf": 0.912}, "geometry": {"type": "Point", "coordinates": [19.1603999, 47.5202844]}}, {"type": "Feature", "properties": {"code": "Lke-1/XVI/SZ5", "reg": "xvi-kesz", "conf": 0.912}, "geometry": {"type": "Point", "coordinates": [19.1601696, 47.5193444]}}, {"type": "Feature", "properties": {"code": "Lke-1/XVI/O1", "reg": "xvi-kesz", "conf": 0.907}, "geometry": {"type": "Point", "coordinates": [19.154148, 47.5257454]}}, {"type": "Feature", "properties": {"code": "Lke-1/XVI/INT", "reg": "xvi-kesz", "conf": 0.903}, "geometry": {"type": "Point", "coordinates": [19.1620082, 47.5220959]}}, {"type": "Feature", "properties": {"code": "Lke-1/XVI/SZ3", "reg": "xvi-kesz", "conf": 0.902}, "geometry": {"type": "Point", "coordinates": [19.1498487, 47.5198311]}}, {"type": "Feature", "properties": {"code": "Lke-1/XVI/O1", "reg": "xvi-kesz", "conf": 0.894}, "geometry": {"type": "Point", "coordinates": [19.1467476, 47.5256439]}}, {"type": "Feature", "properties": {"code": "Lke-1/XVI/SZ4", "reg": "xvi-kesz", "conf": 0.894}, "geometry": {"type": "Point", "coordinates": [19.1539722, 47.5175689]}}, {"type": "Feature", "properties": {"code": "Lke-1/XVI/SZ3", "reg": "xvi-kesz", "conf": 0.892}, "geometry": {"type": "Point", "coordinates": [19.1624098, 47.5224508]}}, {"type": "Feature", "properties": {"code": "Lke-1/XVI/SZ1", "reg": "xvi-kesz", "conf": 0.891}, "geometry": {"type": "Point", "coordinates": [19.1526988, 47.5244628]}}, {"type": "Feature", "properties": {"code": "Lke-1/XVI/SZ3", "reg": "xvi-kesz", "conf": 0.891}, "geometry": {"type": "Point", "coordinates": [19.1536751, 47.523593]}}, {"type": "Feature", "properties": {"code": "Lke-1/XVI/SZ3", "reg": "xvi-kesz", "conf": 0.887}, "geometry": {"type": "Point", "coordinates": [19.1563916, 47.516903]}}, {"type": "Feature", "properties": {"code": "Lke-1/XVI/SZ3", "reg": "xvi-kesz", "conf": 0.885}, "geometry": {"type": "Point", "coordinates": [19.1615998, 47.5233579]}}, {"type": "Feature", "properties": {"code": "Lke-1/XVI/INT", "reg": "xvi-kesz", "conf": 0.884}, "geometry": {"type": "Point", "coordinates": [19.1607514, 47.5196458]}}, {"type": "Feature", "properties": {"code": "Lke-1/XVI/SZ5", "reg": "xvi-kesz", "conf": 0.881}, "geometry": {"type": "Point", "coordinates": [19.1623612, 47.5270258]}}, {"type": "Feature", "properties": {"code": "Lke-1/XVI/O1", "reg": "xvi-kesz", "conf": 0.88}, "geometry": {"type": "Point", "coordinates": [19.1541007, 47.5268582]}}, {"type": "Feature", "properties": {"code": "Lke-1/XVI/SZ5", "reg": "xvi-kesz", "conf": 0.878}, "geometry": {"type": "Point", "coordinates": [19.1518587, 47.5197095]}}, {"type": "Feature", "properties": {"code": "Lke-1/XVI/SZ3", "reg": "xvi-kesz", "conf": 0.875}, "geometry": {"type": "Point", "coordinates": [19.1622001, 47.5203913]}}, {"type": "Feature", "properties": {"code": "Lke-1/XVI/SZ3", "reg": "xvi-kesz", "conf": 0.869}, "geometry": {"type": "Point", "coordinates": [19.1612951, 47.524387]}}, {"type": "Feature", "properties": {"code": "Lke-1/XVI/SZ3", "reg": "xvi-kesz", "conf": 0.867}, "geometry": {"type": "Point", "coordinates": [19.1535602, 47.5197416]}}, {"type": "Feature", "properties": {"code": "Lke-1/XVI/SZ5", "reg": "xvi-kesz", "conf": 0.864}, "geometry": {"type": "Point", "coordinates": [19.1609448, 47.5261747]}}, {"type": "Feature", "properties": {"code": "Lke-1/XVI/O1", "reg": "xvi-kesz", "conf": 0.858}, "geometry": {"type": "Point", "coordinates": [19.1495231, 47.5218231]}}, {"type": "Feature", "properties": {"code": "Lke-1/XVI/SZ3", "reg": "xvi-kesz", "conf": 0.858}, "geometry": {"type": "Point", "coordinates": [19.1580084, 47.5177959]}}, {"type": "Feature", "properties": {"code": "Lke-1/XVI/SZ3", "reg": "xvi-kesz", "conf": 0.85}, "geometry": {"type": "Point", "coordinates": [19.1592385, 47.5169065]}}, {"type": "Feature", "properties": {"code": "Vi-2/XVI/Z", "reg": "xvi-kesz", "conf": 0.845}, "geometry": {"type": "Point", "coordinates": [19.1583483, 47.5248015]}}, {"type": "Feature", "properties": {"code": "Ln-T/XVI/INT", "reg": "xvi-kesz", "conf": 0.993}, "geometry": {"type": "Point", "coordinates": [19.1826863, 47.5185798]}}, {"type": "Feature", "properties": {"code": "Ln-T/XVI/1", "reg": "xvi-kesz", "conf": 0.988}, "geometry": {"type": "Point", "coordinates": [19.1826977, 47.5197813]}}, {"type": "Feature", "properties": {"code": "Lke-1/XVI/SZ1", "reg": "xvi-kesz", "conf": 0.986}, "geometry": {"type": "Point", "coordinates": [19.1677249, 47.5167826]}}, {"type": "Feature", "properties": {"code": "Lke-1/XVI/SZ4", "reg": "xvi-kesz", "conf": 0.983}, "geometry": {"type": "Point", "coordinates": [19.1845501, 47.5260392]}}, {"type": "Feature", "properties": {"code": "Lke-1/XVI/SZ3", "reg": "xvi-kesz", "conf": 0.981}, "geometry": {"type": "Point", "coordinates": [19.163882, 47.5208519]}}, {"type": "Feature", "properties": {"code": "Lke-1/XVI/SZ1", "reg": "xvi-kesz", "conf": 0.98}, "geometry": {"type": "Point", "coordinates": [19.1687528, 47.5167371]}}, {"type": "Feature", "properties": {"code": "Lke-1/XVI/SZ4", "reg": "xvi-kesz", "conf": 0.98}, "geometry": {"type": "Point", "coordinates": [19.1804205, 47.5168761]}}, {"type": "Feature", "properties": {"code": "Lke-1/XVI/SZ3", "reg": "xvi-kesz", "conf": 0.977}, "geometry": {"type": "Point", "coordinates": [19.1657672, 47.5187138]}}, {"type": "Feature", "properties": {"code": "Lke-1/XVI/IK", "reg": "xvi-kesz", "conf": 0.977}, "geometry": {"type": "Point", "coordinates": [19.1845655, 47.5207534]}}, {"type": "Feature", "properties": {"code": "Lke-1/XVI/SZ3", "reg": "xvi-kesz", "conf": 0.975}, "geometry": {"type": "Point", "coordinates": [19.1648139, 47.520511]}}, {"type": "Feature", "properties": {"code": "Lke-1/XVI/SZ3", "reg": "xvi-kesz", "conf": 0.975}, "geometry": {"type": "Point", "coordinates": [19.1727244, 47.5208305]}}, {"type": "Feature", "properties": {"code": "Lke-1/XVI/INT", "reg": "xvi-kesz", "conf": 0.973}, "geometry": {"type": "Point", "coordinates": [19.1750527, 47.5241414]}}, {"type": "Feature", "properties": {"code": "Lke-1/XVI/SZ3", "reg": "xvi-kesz", "conf": 0.973}, "geometry": {"type": "Point", "coordinates": [19.1643583, 47.5222029]}}, {"type": "Feature", "properties": {"code": "Lke-1/XVI/SZ3", "reg": "xvi-kesz", "conf": 0.972}, "geometry": {"type": "Point", "coordinates": [19.1669665, 47.5190069]}}, {"type": "Feature", "properties": {"code": "Lke-1/XVI/SZ4", "reg": "xvi-kesz", "conf": 0.967}, "geometry": {"type": "Point", "coordinates": [19.1861147, 47.5199423]}}, {"type": "Feature", "properties": {"code": "Lke-1/XVI/SZ3", "reg": "xvi-kesz", "conf": 0.966}, "geometry": {"type": "Point", "coordinates": [19.1695603, 47.5269861]}}, {"type": "Feature", "properties": {"code": "Vi-2/XVI/SZ2", "reg": "xvi-kesz", "conf": 0.964}, "geometry": {"type": "Point", "coordinates": [19.1876761, 47.5227414]}}, {"type": "Feature", "properties": {"code": "Lke-1/XVI/INT", "reg": "xvi-kesz", "conf": 0.963}, "geometry": {"type": "Point", "coordinates": [19.1629492, 47.5222125]}}, {"type": "Feature", "properties": {"code": "Lke-1/XVI/SZ3", "reg": "xvi-kesz", "conf": 0.962}, "geometry": {"type": "Point", "coordinates": [19.17077, 47.5199881]}}, {"type": "Feature", "properties": {"code": "Lke-1/XVI/SZ3", "reg": "xvi-kesz", "conf": 0.961}, "geometry": {"type": "Point", "coordinates": [19.1680105, 47.5241654]}}, {"type": "Feature", "properties": {"code": "Lke-1/XVI/SZ4", "reg": "xvi-kesz", "conf": 0.96}, "geometry": {"type": "Point", "coordinates": [19.1765992, 47.5188504]}}, {"type": "Feature", "properties": {"code": "Lke-1/XVI/SZ3", "reg": "xvi-kesz", "conf": 0.96}, "geometry": {"type": "Point", "coordinates": [19.171205, 47.5181268]}}, {"type": "Feature", "properties": {"code": "Lke-1/XVI/SZ3", "reg": "xvi-kesz", "conf": 0.959}, "geometry": {"type": "Point", "coordinates": [19.1724695, 47.5225166]}}, {"type": "Feature", "properties": {"code": "Lke-1/XVI/SZ4", "reg": "xvi-kesz", "conf": 0.958}, "geometry": {"type": "Point", "coordinates": [19.1843735, 47.5235579]}}, {"type": "Feature", "properties": {"code": "Lke-1/XVI/SZ3", "reg": "xvi-kesz", "conf": 0.958}, "geometry": {"type": "Point", "coordinates": [19.1687457, 47.5206565]}}, {"type": "Feature", "properties": {"code": "Lke-1/XVI/SZ3", "reg": "xvi-kesz", "conf": 0.957}, "geometry": {"type": "Point", "coordinates": [19.1647691, 47.5179556]}}, {"type": "Feature", "properties": {"code": "Lke-1/XVI/SZ3", "reg": "xvi-kesz", "conf": 0.957}, "geometry": {"type": "Point", "coordinates": [19.1734682, 47.5174103]}}, {"type": "Feature", "properties": {"code": "Lke-1/XVI/SZ4", "reg": "xvi-kesz", "conf": 0.955}, "geometry": {"type": "Point", "coordinates": [19.1839599, 47.5219158]}}, {"type": "Feature", "properties": {"code": "Lke-1/XVI/SZ4", "reg": "xvi-kesz", "conf": 0.954}, "geometry": {"type": "Point", "coordinates": [19.1818322, 47.524718]}}, {"type": "Feature", "properties": {"code": "Lke-1/XVI/SZ5", "reg": "xvi-kesz", "conf": 0.953}, "geometry": {"type": "Point", "coordinates": [19.162956, 47.5249725]}}, {"type": "Feature", "properties": {"code": "Lke-1/XVI/I-Z", "reg": "xvi-kesz", "conf": 0.952}, "geometry": {"type": "Point", "coordinates": [19.1659533, 47.5168891]}}, {"type": "Feature", "properties": {"code": "Lke-1/XVI/SZ4", "reg": "xvi-kesz", "conf": 0.952}, "geometry": {"type": "Point", "coordinates": [19.1765184, 47.5179201]}}, {"type": "Feature", "properties": {"code": "Lke-1/XVI/KK", "reg": "xvi-kesz", "conf": 0.949}, "geometry": {"type": "Point", "coordinates": [19.1849728, 47.5246121]}}, {"type": "Feature", "properties": {"code": "Lke-1/XVI/SZ3", "reg": "xvi-kesz", "conf": 0.949}, "geometry": {"type": "Point", "coordinates": [19.1714405, 47.5221051]}}, {"type": "Feature", "properties": {"code": "Lke-1/XVI/SZ3", "reg": "xvi-kesz", "conf": 0.948}, "geometry": {"type": "Point", "coordinates": [19.1677088, 47.5258765]}}, {"type": "Feature", "properties": {"code": "Lke-1/XVI/SZ3", "reg": "xvi-kesz", "conf": 0.948}, "geometry": {"type": "Point", "coordinates": [19.1736449, 47.5212978]}}, {"type": "Feature", "properties": {"code": "Lke-1/XVI/SZ3", "reg": "xvi-kesz", "conf": 0.946}, "geometry": {"type": "Point", "coordinates": [19.1670482, 47.5236936]}}, {"type": "Feature", "properties": {"code": "Lke-1/XVI/SZ4", "reg": "xvi-kesz", "conf": 0.945}, "geometry": {"type": "Point", "coordinates": [19.1757758, 47.5184228]}}, {"type": "Feature", "properties": {"code": "Gksz-2/XVI/3", "reg": "xvi-kesz", "conf": 0.944}, "geometry": {"type": "Point", "coordinates": [19.1877957, 47.5210487]}}, {"type": "Feature", "properties": {"code": "Lke-1/XVI/SZ3", "reg": "xvi-kesz", "conf": 0.944}, "geometry": {"type": "Point", "coordinates": [19.1662746, 47.51975]}}, {"type": "Feature", "properties": {"code": "Lke-1/XVI/Z", "reg": "xvi-kesz", "conf": 0.943}, "geometry": {"type": "Point", "coordinates": [19.1694583, 47.518164]}}, {"type": "Feature", "properties": {"code": "Lke-1/XVI/SZ3", "reg": "xvi-kesz", "conf": 0.942}, "geometry": {"type": "Point", "coordinates": [19.1667181, 47.525432]}}, {"type": "Feature", "properties": {"code": "Lke-1/XVI/SZ3", "reg": "xvi-kesz", "conf": 0.942}, "geometry": {"type": "Point", "coordinates": [19.1702768, 47.5233625]}}, {"type": "Feature", "properties": {"code": "Lke-1/XVI/O1", "reg": "xvi-kesz", "conf": 0.942}, "geometry": {"type": "Point", "coordinates": [19.1764721, 47.5201635]}}, {"type": "Feature", "properties": {"code": "Lke-1/XVI/SZ3", "reg": "xvi-kesz", "conf": 0.941}, "geometry": {"type": "Point", "coordinates": [19.1698579, 47.5195276]}}, {"type": "Feature", "properties": {"code": "Lke-1/XVI/SZ3", "reg": "xvi-kesz", "conf": 0.94}, "geometry": {"type": "Point", "coordinates": [19.1717372, 47.5204235]}}, {"type": "Feature", "properties": {"code": "Lke-1/XVI/SZ4", "reg": "xvi-kesz", "conf": 0.94}, "geometry": {"type": "Point", "coordinates": [19.1775815, 47.5193006]}}, {"type": "Feature", "properties": {"code": "Lke-1/XVI/O1", "reg": "xvi-kesz", "conf": 0.939}, "geometry": {"type": "Point", "coordinates": [19.1711983, 47.5269422]}}, {"type": "Feature", "properties": {"code": "Lke-1/XVI/O1", "reg": "xvi-kesz", "conf": 0.939}, "geometry": {"type": "Point", "coordinates": [19.1723354, 47.5243969]}}, {"type": "Feature", "properties": {"code": "Vi-2/XVI/Z", "reg": "xvi-kesz", "conf": 0.939}, "geometry": {"type": "Point", "coordinates": [19.1668232, 47.5205803]}}, {"type": "Feature", "properties": {"code": "Lke-1/XVI/Z", "reg": "xvi-kesz", "conf": 0.939}, "geometry": {"type": "Point", "coordinates": [19.1689245, 47.5172268]}}, {"type": "Feature", "properties": {"code": "Lke-1/XVI/SZ3", "reg": "xvi-kesz", "conf": 0.938}, "geometry": {"type": "Point", "coordinates": [19.1645403, 47.5261734]}}, {"type": "Feature", "properties": {"code": "Lke-1/XVI/SZ3", "reg": "xvi-kesz", "conf": 0.938}, "geometry": {"type": "Point", "coordinates": [19.1639, 47.5241109]}}, {"type": "Feature", "properties": {"code": "Lke-1/XVI/SZ3", "reg": "xvi-kesz", "conf": 0.937}, "geometry": {"type": "Point", "coordinates": [19.1751623, 47.5197694]}}, {"type": "Feature", "properties": {"code": "Lke-1/XVI/SZ4", "reg": "xvi-kesz", "conf": 0.936}, "geometry": {"type": "Point", "coordinates": [19.1814016, 47.5222541]}}, {"type": "Feature", "properties": {"code": "Lke-1/XVI/SZ3", "reg": "xvi-kesz", "conf": 0.936}, "geometry": {"type": "Point", "coordinates": [19.1635948, 47.5169055]}}, {"type": "Feature", "properties": {"code": "Lke-1/XVI/SZ3", "reg": "xvi-kesz", "conf": 0.935}, "geometry": {"type": "Point", "coordinates": [19.1721405, 47.5185611]}}, {"type": "Feature", "properties": {"code": "Lke-1/XVI/O1", "reg": "xvi-kesz", "conf": 0.934}, "geometry": {"type": "Point", "coordinates": [19.1734773, 47.5252004]}}, {"type": "Feature", "properties": {"code": "Lke-1/XVI/SZ4", "reg": "xvi-kesz", "conf": 0.934}, "geometry": {"type": "Point", "coordinates": [19.1805229, 47.5218129]}}, {"type": "Feature", "properties": {"code": "Lke-1/XVI/SZ3", "reg": "xvi-kesz", "conf": 0.933}, "geometry": {"type": "Point", "coordinates": [19.1629205, 47.518002]}}, {"type": "Feature", "properties": {"code": "Lke-1/XVI/SZ3", "reg": "xvi-kesz", "conf": 0.932}, "geometry": {"type": "Point", "coordinates": [19.1713909, 47.5168875]}}, {"type": "Feature", "properties": {"code": "Lke-1/XVI/SZ3", "reg": "xvi-kesz", "conf": 0.932}, "geometry": {"type": "Point", "coordinates": [19.1741522, 47.5168719]}}, {"type": "Feature", "properties": {"code": "Lke-1/XVI/O1", "reg": "xvi-kesz", "conf": 0.931}, "geometry": {"type": "Point", "coordinates": [19.1784187, 47.5253176]}}, {"type": "Feature", "properties": {"code": "Lke-1/XVI/SZ3", "reg": "xvi-kesz", "conf": 0.931}, "geometry": {"type": "Point", "coordinates": [19.170418, 47.5216368]}}, {"type": "Feature", "properties": {"code": "Lke-1/XVI/SZ5", "reg": "xvi-kesz", "conf": 0.931}, "geometry": {"type": "Point", "coordinates": [19.1797794, 47.5185376]}}, {"type": "Feature", "properties": {"code": "Lke-1/XVI/SZ4", "reg": "xvi-kesz", "conf": 0.93}, "geometry": {"type": "Point", "coordinates": [19.1822725, 47.5270183]}}, {"type": "Feature", "properties": {"code": "Lke-1/XVI/SZ3", "reg": "xvi-kesz", "conf": 0.93}, "geometry": {"type": "Point", "coordinates": [19.1652586, 47.5212436]}}, {"type": "Feature", "properties": {"code": "Lke-1/XVI/SZ4", "reg": "xvi-kesz", "conf": 0.928}, "geometry": {"type": "Point", "coordinates": [19.1836898, 47.5255867]}}, {"type": "Feature", "properties": {"code": "Lke-1/XVI/O1", "reg": "xvi-kesz", "conf": 0.928}, "geometry": {"type": "Point", "coordinates": [19.1789625, 47.5235072]}}, {"type": "Feature", "properties": {"code": "Lke-1/XVI/SZ3", "reg": "xvi-kesz", "conf": 0.927}, "geometry": {"type": "Point", "coordinates": [19.1636501, 47.5258015]}}, {"type": "Feature", "properties": {"code": "Lke-1/XVI/KK", "reg": "xvi-kesz", "conf": 0.927}, "geometry": {"type": "Point", "coordinates": [19.175495, 47.524557]}}, {"type": "Feature", "properties": {"code": "Lke-1/XVI/SZ3", "reg": "xvi-kesz", "conf": 0.926}, "geometry": {"type": "Point", "coordinates": [19.1663027, 47.5216847]}}, {"type": "Feature", "properties": {"code": "Lke-1/XVI/INT", "reg": "xvi-kesz", "conf": 0.924}, "geometry": {"type": "Point", "coordinates": [19.174576, 47.5247274]}}, {"type": "Feature", "properties": {"code": "Lke-1/XVI/Z", "reg": "xvi-kesz", "conf": 0.924}, "geometry": {"type": "Point", "coordinates": [19.1687563, 47.5188628]}}, {"type": "Feature", "properties": {"code": "Ln-T/XVI/1", "reg": "xvi-kesz", "conf": 0.924}, "geometry": {"type": "Point", "coordinates": [19.1844144, 47.5204853]}}, {"type": "Feature", "properties": {"code": "Lke-1/XVI/O1", "reg": "xvi-kesz", "conf": 0.923}, "geometry": {"type": "Point", "coordinates": [19.1763871, 47.5243434]}}, {"type": "Feature", "properties": {"code": "Lke-1/XVI/SZ1", "reg": "xvi-kesz", "conf": 0.923}, "geometry": {"type": "Point", "coordinates": [19.1677426, 47.5178715]}}, {"type": "Feature", "properties": {"code": "Lke-1/XVI/SZ3", "reg": "xvi-kesz", "conf": 0.923}, "geometry": {"type": "Point", "coordinates": [19.1745592, 47.517882]}}, {"type": "Feature", "properties": {"code": "Lke-1/XVI/INT", "reg": "xvi-kesz", "conf": 0.922}, "geometry": {"type": "Point", "coordinates": [19.163872, 47.5229367]}}, {"type": "Feature", "properties": {"code": "Lke-1/XVI/SZ3", "reg": "xvi-kesz", "conf": 0.922}, "geometry": {"type": "Point", "coordinates": [19.1731026, 47.518976]}}, {"type": "Feature", "properties": {"code": "Lke-1/XVI/O1", "reg": "xvi-kesz", "conf": 0.92}, "geometry": {"type": "Point", "coordinates": [19.1780902, 47.5269867]}}, {"type": "Feature", "properties": {"code": "Lke-1/XVI/SZ3", "reg": "xvi-kesz", "conf": 0.918}, "geometry": {"type": "Point", "coordinates": [19.18141, 47.5263577]}}, {"type": "Feature", "properties": {"code": "Lke-1/XVI/SZ3", "reg": "xvi-kesz", "conf": 0.918}, "geometry": {"type": "Point", "coordinates": [19.1678916, 47.5227196]}}, {"type": "Feature", "properties": {"code": "Lke-1/XVI/SZ3", "reg": "xvi-kesz", "conf": 0.917}, "geometry": {"type": "Point", "coordinates": [19.1656123, 47.5250536]}}, {"type": "Feature", "properties": {"code": "Lke-1/XVI/O1", "reg": "xvi-kesz", "conf": 0.917}, "geometry": {"type": "Point", "coordinates": [19.176474, 47.5223142]}}, {"type": "Feature", "properties": {"code": "Gksz-2/XVI/EN", "reg": "xvi-kesz", "conf": 0.917}, "geometry": {"type": "Point", "coordinates": [19.1867293, 47.5221218]}}, {"type": "Feature", "properties": {"code": "Lke-1/XVI/SZ4", "reg": "xvi-kesz", "conf": 0.917}, "geometry": {"type": "Point", "coordinates": [19.1796775, 47.5178852]}}, {"type": "Feature", "properties": {"code": "Lke-1/XVI/SZ4", "reg": "xvi-kesz", "conf": 0.916}, "geometry": {"type": "Point", "coordinates": [19.1878535, 47.5255274]}}, {"type": "Feature", "properties": {"code": "Lke-1/XVI/O1", "reg": "xvi-kesz", "conf": 0.916}, "geometry": {"type": "Point", "coordinates": [19.1779662, 47.5207325]}}, {"type": "Feature", "properties": {"code": "Lke-1/XVI/SZ4", "reg": "xvi-kesz", "conf": 0.916}, "geometry": {"type": "Point", "coordinates": [19.1796809, 47.5178841]}}, {"type": "Feature", "properties": {"code": "Lke-1/XVI/O1", "reg": "xvi-kesz", "conf": 0.914}, "geometry": {"type": "Point", "coordinates": [19.1751149, 47.5256657]}}, {"type": "Feature", "properties": {"code": "Lke-1/XVI/O1", "reg": "xvi-kesz", "conf": 0.912}, "geometry": {"type": "Point", "coordinates": [19.179908, 47.5239313]}}, {"type": "Feature", "properties": {"code": "Lke-1/XVI/SZ3", "reg": "xvi-kesz", "conf": 0.911}, "geometry": {"type": "Point", "coordinates": [19.1651787, 47.5227261]}}, {"type": "Feature", "properties": {"code": "Lke-1/XVI/O1", "reg": "xvi-kesz", "conf": 0.911}, "geometry": {"type": "Point", "coordinates": [19.1748863, 47.521734]}}, {"type": "Feature", "properties": {"code": "Lke-1/XVI/O1", "reg": "xvi-kesz", "conf": 0.909}, "geometry": {"type": "Point", "coordinates": [19.1738368, 47.5266005]}}, {"type": "Feature", "properties": {"code": "Lke-1/XVI/O1", "reg": "xvi-kesz", "conf": 0.909}, "geometry": {"type": "Point", "coordinates": [19.1762046, 47.5262624]}}, {"type": "Feature", "properties": {"code": "Vi-2/XVI/Z", "reg": "xvi-kesz", "conf": 0.907}, "geometry": {"type": "Point", "coordinates": [19.1642566, 47.5202513]}}, {"type": "Feature", "properties": {"code": "Lke-1/XVI/SZ4", "reg": "xvi-kesz", "conf": 0.905}, "geometry": {"type": "Point", "coordinates": [19.1793624, 47.5256961]}}, {"type": "Feature", "properties": {"code": "Lke-1/XVI/O1", "reg": "xvi-kesz", "conf": 0.905}, "geometry": {"type": "Point", "coordinates": [19.1639234, 47.5186841]}}, {"type": "Feature", "properties": {"code": "Lke-1/XVI/SZ3", "reg": "xvi-kesz", "conf": 0.9}, "geometry": {"type": "Point", "coordinates": [19.1779115, 47.5168665]}}, {"type": "Feature", "properties": {"code": "Ln-T/XVI/1", "reg": "xvi-kesz", "conf": 0.896}, "geometry": {"type": "Point", "coordinates": [19.179483, 47.5190131]}}, {"type": "Feature", "properties": {"code": "Lke-1/XVI/Z", "reg": "xvi-kesz", "conf": 0.893}, "geometry": {"type": "Point", "coordinates": [19.1702625, 47.5175242]}}, {"type": "Feature", "properties": {"code": "Lke-1/XVI/O1", "reg": "xvi-kesz", "conf": 0.891}, "geometry": {"type": "Point", "coordinates": [19.1729974, 47.5257864]}}, {"type": "Feature", "properties": {"code": "Lke-1/XVI/O1", "reg": "xvi-kesz", "conf": 0.89}, "geometry": {"type": "Point", "coordinates": [19.173449, 47.5231861]}}, {"type": "Feature", "properties": {"code": "Lke-1/XVI/O1", "reg": "xvi-kesz", "conf": 0.885}, "geometry": {"type": "Point", "coordinates": [19.1799097, 47.5239336]}}, {"type": "Feature", "properties": {"code": "Lke-1/XVI/Z", "reg": "xvi-kesz", "conf": 0.885}, "geometry": {"type": "Point", "coordinates": [19.1697382, 47.5170815]}}, {"type": "Feature", "properties": {"code": "Lke-1/XVI/SZ4", "reg": "xvi-kesz", "conf": 0.862}, "geometry": {"type": "Point", "coordinates": [19.1752871, 47.5270421]}}, {"type": "Feature", "properties": {"code": "Lke-1/XVI/O1", "reg": "xvi-kesz", "conf": 0.861}, "geometry": {"type": "Point", "coordinates": [19.187622, 47.5258834]}}, {"type": "Feature", "properties": {"code": "Lke-1/XVI/Z", "reg": "xvi-kesz", "conf": 0.858}, "geometry": {"type": "Point", "coordinates": [19.1678709, 47.5183931]}}, {"type": "Feature", "properties": {"code": "Vi-2/XVI/Z", "reg": "xvi-kesz", "conf": 0.855}, "geometry": {"type": "Point", "coordinates": [19.1657067, 47.5205975]}}, {"type": "Feature", "properties": {"code": "Lke-1/XVI/O1", "reg": "xvi-kesz", "conf": 0.843}, "geometry": {"type": "Point", "coordinates": [19.1725139, 47.5263098]}}, {"type": "Feature", "properties": {"code": "Lke-1/XVI/O1", "reg": "xvi-kesz", "conf": 0.839}, "geometry": {"type": "Point", "coordinates": [19.172342, 47.5243798]}}, {"type": "Feature", "properties": {"code": "Vi-2/XVI/SZ4", "reg": "xvi-kesz", "conf": 0.989}, "geometry": {"type": "Point", "coordinates": [19.1952173, 47.519328]}}, {"type": "Feature", "properties": {"code": "Lke-1/XVI/SZ4", "reg": "xvi-kesz", "conf": 0.986}, "geometry": {"type": "Point", "coordinates": [19.1901139, 47.5180236]}}, {"type": "Feature", "properties": {"code": "Lke-1/XVI/INT", "reg": "xvi-kesz", "conf": 0.986}, "geometry": {"type": "Point", "coordinates": [19.206362, 47.5167664]}}, {"type": "Feature", "properties": {"code": "Lke-1/XVI/SZ1", "reg": "xvi-kesz", "conf": 0.979}, "geometry": {"type": "Point", "coordinates": [19.2102137, 47.523793]}}, {"type": "Feature", "properties": {"code": "Lke-1/XVI/SZ4", "reg": "xvi-kesz", "conf": 0.979}, "geometry": {"type": "Point", "coordinates": [19.1964287, 47.5173481]}}, {"type": "Feature", "properties": {"code": "Vi-2/XVI/SZ6", "reg": "xvi-kesz", "conf": 0.977}, "geometry": {"type": "Point", "coordinates": [19.2017813, 47.5189762]}}, {"type": "Feature", "properties": {"code": "Lke-1/XVI/SZ4", "reg": "xvi-kesz", "conf": 0.975}, "geometry": {"type": "Point", "coordinates": [19.1891902, 47.5260451]}}, {"type": "Feature", "properties": {"code": "Vi-2/XVI/SZ4", "reg": "xvi-kesz", "conf": 0.972}, "geometry": {"type": "Point", "coordinates": [19.1889907, 47.5197844]}}, {"type": "Feature", "properties": {"code": "Vi-2/XVI/SZ3", "reg": "xvi-kesz", "conf": 0.97}, "geometry": {"type": "Point", "coordinates": [19.1916023, 47.5182401]}}, {"type": "Feature", "properties": {"code": "Lke-1/XVI/SZ1", "reg": "xvi-kesz", "conf": 0.964}, "geometry": {"type": "Point", "coordinates": [19.2066536, 47.5249478]}}, {"type": "Feature", "properties": {"code": "Lke-1/XVI/SZ4", "reg": "xvi-kesz", "conf": 0.962}, "geometry": {"type": "Point", "coordinates": [19.1948817, 47.5168603]}}, {"type": "Feature", "properties": {"code": "Lke-1/XVI/SZ1", "reg": "xvi-kesz", "conf": 0.959}, "geometry": {"type": "Point", "coordinates": [19.202138, 47.5168488]}}, {"type": "Feature", "properties": {"code": "K-Rek/XVI/1", "reg": "xvi-kesz", "conf": 0.956}, "geometry": {"type": "Point", "coordinates": [19.1986764, 47.5181803]}}, {"type": "Feature", "properties": {"code": "Lke-1/XVI/O1", "reg": "xvi-kesz", "conf": 0.954}, "geometry": {"type": "Point", "coordinates": [19.2133221, 47.521558]}}, {"type": "Feature", "properties": {"code": "Gksz-2/XVI/3", "reg": "xvi-kesz", "conf": 0.952}, "geometry": {"type": "Point", "coordinates": [19.1928683, 47.5204926]}}, {"type": "Feature", "properties": {"code": "Lke-1/XVI/SZ1", "reg": "xvi-kesz", "conf": 0.949}, "geometry": {"type": "Point", "coordinates": [19.2079072, 47.5233287]}}, {"type": "Feature", "properties": {"code": "Lke-1/XVI/SZ4", "reg": "xvi-kesz", "conf": 0.948}, "geometry": {"type": "Point", "coordinates": [19.1895151, 47.525671]}}, {"type": "Feature", "properties": {"code": "Vi-2/XVI/SZ2", "reg": "xvi-kesz", "conf": 0.948}, "geometry": {"type": "Point", "coordinates": [19.1897876, 47.522872]}}, {"type": "Feature", "properties": {"code": "Lke-1/XVI/SZ4", "reg": "xvi-kesz", "conf": 0.947}, "geometry": {"type": "Point", "coordinates": [19.1913674, 47.5167446]}}, {"type": "Feature", "properties": {"code": "Lke-1/XVI/SZ2", "reg": "xvi-kesz", "conf": 0.945}, "geometry": {"type": "Point", "coordinates": [19.2113984, 47.5269644]}}, {"type": "Feature", "properties": {"code": "Lke-1/XVI/SZ2", "reg": "xvi-kesz", "conf": 0.943}, "geometry": {"type": "Point", "coordinates": [19.2097495, 47.5269854]}}, {"type": "Feature", "properties": {"code": "Lke-1/XVI/SZ4", "reg": "xvi-kesz", "conf": 0.942}, "geometry": {"type": "Point", "coordinates": [19.1961264, 47.516854]}}, {"type": "Feature", "properties": {"code": "Lke-1/XVI/SZ4", "reg": "xvi-kesz", "conf": 0.941}, "geometry": {"type": "Point", "coordinates": [19.1895474, 47.5172385]}}, {"type": "Feature", "properties": {"code": "Lke-1/XVI/SZ2", "reg": "xvi-kesz", "conf": 0.937}, "geometry": {"type": "Point", "coordinates": [19.2127732, 47.5243187]}}, {"type": "Feature", "properties": {"code": "Lke-1/XVI/SZ2", "reg": "xvi-kesz", "conf": 0.936}, "geometry": {"type": "Point", "coordinates": [19.2123981, 47.525268]}}, {"type": "Feature", "properties": {"code": "K-Rek/XVI/1", "reg": "xvi-kesz", "conf": 0.935}, "geometry": {"type": "Point", "coordinates": [19.2139157, 47.526442]}}, {"type": "Feature", "properties": {"code": "Lke-1/XVI/SZ2", "reg": "xvi-kesz", "conf": 0.931}, "geometry": {"type": "Point", "coordinates": [19.2117427, 47.525919]}}, {"type": "Feature", "properties": {"code": "Vi-2/XVI/SZ6", "reg": "xvi-kesz", "conf": 0.93}, "geometry": {"type": "Point", "coordinates": [19.2000979, 47.5188391]}}, {"type": "Feature", "properties": {"code": "Lke-1/XVI/O1", "reg": "xvi-kesz", "conf": 0.929}, "geometry": {"type": "Point", "coordinates": [19.2122308, 47.5209075]}}, {"type": "Feature", "properties": {"code": "Lke-1/XVI/O1", "reg": "xvi-kesz", "conf": 0.926}, "geometry": {"type": "Point", "coordinates": [19.2139424, 47.5209563]}}, {"type": "Feature", "properties": {"code": "Lk-2/XVI/Z", "reg": "xvi-kesz", "conf": 0.924}, "geometry": {"type": "Point", "coordinates": [19.204521, 47.5262689]}}, {"type": "Feature", "properties": {"code": "Lk-2/XVI/CS", "reg": "xvi-kesz", "conf": 0.919}, "geometry": {"type": "Point", "coordinates": [19.2028672, 47.5270103]}}, {"type": "Feature", "properties": {"code": "Lke-1/XVI/SZ4", "reg": "xvi-kesz", "conf": 0.915}, "geometry": {"type": "Point", "coordinates": [19.1925533, 47.5167505]}}, {"type": "Feature", "properties": {"code": "Lke-1/XVI/SZ2", "reg": "xvi-kesz", "conf": 0.906}, "geometry": {"type": "Point", "coordinates": [19.2047154, 47.5172444]}}, {"type": "Feature", "properties": {"code": "Lke-1/XVI/SZ5", "reg": "xvi-kesz", "conf": 0.899}, "geometry": {"type": "Point", "coordinates": [19.1889369, 47.516745]}}, {"type": "Feature", "properties": {"code": "Lke-1/XVI/SZ1", "reg": "xvi-kesz", "conf": 0.896}, "geometry": {"type": "Point", "coordinates": [19.2090775, 47.5256364]}}, {"type": "Feature", "properties": {"code": "Lk-2/XVI/CS", "reg": "xvi-kesz", "conf": 0.892}, "geometry": {"type": "Point", "coordinates": [19.2016128, 47.5267784]}}, {"type": "Feature", "properties": {"code": "Lke-1/XVI/O1", "reg": "xvi-kesz", "conf": 0.887}, "geometry": {"type": "Point", "coordinates": [19.1890572, 47.5264109]}}, {"type": "Feature", "properties": {"code": "Lke-1/XVI/O1", "reg": "xvi-kesz", "conf": 0.883}, "geometry": {"type": "Point", "coordinates": [19.1895096, 47.5265908]}}, {"type": "Feature", "properties": {"code": "Lke-1/XVI/O1", "reg": "xvi-kesz", "conf": 0.845}, "geometry": {"type": "Point", "coordinates": [19.2076745, 47.5168344]}}, {"type": "Feature", "properties": {"code": "Lke-1/XVI/O1", "reg": "xvi-kesz", "conf": 0.817}, "geometry": {"type": "Point", "coordinates": [19.2139491, 47.520954]}}, {"type": "Feature", "properties": {"code": "Lke-1/XVI/O1", "reg": "xvi-kesz", "conf": 0.989}, "geometry": {"type": "Point", "coordinates": [19.2359112, 47.5232297]}}, {"type": "Feature", "properties": {"code": "Lke-1/XVI/T", "reg": "xvi-kesz", "conf": 0.987}, "geometry": {"type": "Point", "coordinates": [19.2317829, 47.5236441]}}, {"type": "Feature", "properties": {"code": "Lke-1/XVI/O1", "reg": "xvi-kesz", "conf": 0.982}, "geometry": {"type": "Point", "coordinates": [19.2325886, 47.5180711]}}, {"type": "Feature", "properties": {"code": "Lke-1/XVI/INT", "reg": "xvi-kesz", "conf": 0.974}, "geometry": {"type": "Point", "coordinates": [19.2320929, 47.5199757]}}, {"type": "Feature", "properties": {"code": "Lke-1/XVI/SZ1", "reg": "xvi-kesz", "conf": 0.973}, "geometry": {"type": "Point", "coordinates": [19.2198107, 47.5269583]}}, {"type": "Feature", "properties": {"code": "Lke-1/XVI/O1", "reg": "xvi-kesz", "conf": 0.969}, "geometry": {"type": "Point", "coordinates": [19.2343972, 47.5198693]}}, {"type": "Feature", "properties": {"code": "Lke-1/XVI/INT", "reg": "xvi-kesz", "conf": 0.967}, "geometry": {"type": "Point", "coordinates": [19.2160339, 47.5214754]}}, {"type": "Feature", "properties": {"code": "Lke-1/XVI/IK", "reg": "xvi-kesz", "conf": 0.964}, "geometry": {"type": "Point", "coordinates": [19.2239123, 47.5222739]}}, {"type": "Feature", "properties": {"code": "Lke-1/XVI/O1", "reg": "xvi-kesz", "conf": 0.964}, "geometry": {"type": "Point", "coordinates": [19.2282759, 47.519187]}}, {"type": "Feature", "properties": {"code": "Lke-1/XVI/SZ3", "reg": "xvi-kesz", "conf": 0.963}, "geometry": {"type": "Point", "coordinates": [19.2261447, 47.5212799]}}, {"type": "Feature", "properties": {"code": "Lke-1/XVI/O1", "reg": "xvi-kesz", "conf": 0.962}, "geometry": {"type": "Point", "coordinates": [19.2220131, 47.5246993]}}, {"type": "Feature", "properties": {"code": "Lke-1/XVI/SZ3", "reg": "xvi-kesz", "conf": 0.957}, "geometry": {"type": "Point", "coordinates": [19.220796, 47.5233115]}}, {"type": "Feature", "properties": {"code": "Lke-1/XVI/O1", "reg": "xvi-kesz", "conf": 0.953}, "geometry": {"type": "Point", "coordinates": [19.2168959, 47.5204964]}}, {"type": "Feature", "properties": {"code": "Lke-1/XVI/SZ3", "reg": "xvi-kesz", "conf": 0.952}, "geometry": {"type": "Point", "coordinates": [19.2201311, 47.5229478]}}, {"type": "Feature", "properties": {"code": "Lke-1/XVI/O3", "reg": "xvi-kesz", "conf": 0.949}, "geometry": {"type": "Point", "coordinates": [19.2300022, 47.5221606]}}, {"type": "Feature", "properties": {"code": "Lke-1/XVI/INT", "reg": "xvi-kesz", "conf": 0.949}, "geometry": {"type": "Point", "coordinates": [19.2264869, 47.5203086]}}, {"type": "Feature", "properties": {"code": "Lke-1/XVI/SZ1", "reg": "xvi-kesz", "conf": 0.949}, "geometry": {"type": "Point", "coordinates": [19.2333892, 47.5168035]}}, {"type": "Feature", "properties": {"code": "Lke-1/XVI/SZ1", "reg": "xvi-kesz", "conf": 0.948}, "geometry": {"type": "Point", "coordinates": [19.2224627, 47.5229721]}}, {"type": "Feature", "properties": {"code": "Lke-1/XVI/SZ1", "reg": "xvi-kesz", "conf": 0.946}, "geometry": {"type": "Point", "coordinates": [19.2227174, 47.5261631]}}, {"type": "Feature", "properties": {"code": "Lke-1/XVI/O1", "reg": "xvi-kesz", "conf": 0.946}, "geometry": {"type": "Point", "coordinates": [19.235827, 47.5179152]}}, {"type": "Feature", "properties": {"code": "Lke-1/XVI/O1", "reg": "xvi-kesz", "conf": 0.944}, "geometry": {"type": "Point", "coordinates": [19.2236828, 47.5255761]}}, {"type": "Feature", "properties": {"code": "Lke-1/XVI/O1", "reg": "xvi-kesz", "conf": 0.944}, "geometry": {"type": "Point", "coordinates": [19.2250189, 47.5244518]}}, {"type": "Feature", "properties": {"code": "Vi-2/XVI/SZ1", "reg": "xvi-kesz", "conf": 0.943}, "geometry": {"type": "Point", "coordinates": [19.2287276, 47.5205944]}}, {"type": "Feature", "properties": {"code": "Lke-1/XVI/SZ1", "reg": "xvi-kesz", "conf": 0.943}, "geometry": {"type": "Point", "coordinates": [19.2357625, 47.5167946]}}, {"type": "Feature", "properties": {"code": "Lke-1/XVI/SZ3", "reg": "xvi-kesz", "conf": 0.942}, "geometry": {"type": "Point", "coordinates": [19.22512, 47.5208089]}}, {"type": "Feature", "properties": {"code": "Vi-2/XVI/SZ1", "reg": "xvi-kesz", "conf": 0.938}, "geometry": {"type": "Point", "coordinates": [19.2181634, 47.5219432]}}, {"type": "Feature", "properties": {"code": "Lke-1/XVI/SZ3", "reg": "xvi-kesz", "conf": 0.936}, "geometry": {"type": "Point", "coordinates": [19.2309117, 47.5265201]}}, {"type": "Feature", "properties": {"code": "Lke-1/XVI/SZ1", "reg": "xvi-kesz", "conf": 0.936}, "geometry": {"type": "Point", "coordinates": [19.235476, 47.5239273]}}, {"type": "Feature", "properties": {"code": "Lke-1/XVI/INT", "reg": "xvi-kesz", "conf": 0.93}, "geometry": {"type": "Point", "coordinates": [19.2230645, 47.520874]}}, {"type": "Feature", "properties": {"code": "Lke-1/XVI/O1", "reg": "xvi-kesz", "conf": 0.928}, "geometry": {"type": "Point", "coordinates": [19.2246525, 47.5260801]}}, {"type": "Feature", "properties": {"code": "Lke-1/XVI/O1", "reg": "xvi-kesz", "conf": 0.927}, "geometry": {"type": "Point", "coordinates": [19.2319994, 47.5260203]}}, {"type": "Feature", "properties": {"code": "Vi-2/XVI/Z", "reg": "xvi-kesz", "conf": 0.927}, "geometry": {"type": "Point", "coordinates": [19.2165453, 47.518442]}}, {"type": "Feature", "properties": {"code": "Vi-2/XVI/Z", "reg": "xvi-kesz", "conf": 0.925}, "geometry": {"type": "Point", "coordinates": [19.2193486, 47.5194338]}}, {"type": "Feature", "properties": {"code": "Lke-1/XVI/O1", "reg": "xvi-kesz", "conf": 0.923}, "geometry": {"type": "Point", "coordinates": [19.2279909, 47.5224211]}}, {"type": "Feature", "properties": {"code": "Lke-1/XVI/SZ3", "reg": "xvi-kesz", "conf": 0.921}, "geometry": {"type": "Point", "coordinates": [19.2188795, 47.5238775]}}, {"type": "Feature", "properties": {"code": "Lke-1/XVI/O1", "reg": "xvi-kesz", "conf": 0.92}, "geometry": {"type": "Point", "coordinates": [19.2282883, 47.5249517]}}, {"type": "Feature", "properties": {"code": "Lke-1/XVI/SZ3", "reg": "xvi-kesz", "conf": 0.917}, "geometry": {"type": "Point", "coordinates": [19.2314297, 47.5269419]}}, {"type": "Feature", "properties": {"code": "Lke-1/XVI/O1", "reg": "xvi-kesz", "conf": 0.917}, "geometry": {"type": "Point", "coordinates": [19.2182286, 47.5180935]}}, {"type": "Feature", "properties": {"code": "Vi-2/XVI/SZ1", "reg": "xvi-kesz", "conf": 0.917}, "geometry": {"type": "Point", "coordinates": [19.2302254, 47.5185379]}}, {"type": "Feature", "properties": {"code": "Lke-1/XVI/O1", "reg": "xvi-kesz", "conf": 0.916}, "geometry": {"type": "Point", "coordinates": [19.2359474, 47.5269475]}}, {"type": "Feature", "properties": {"code": "Vi-2/XVI/Z", "reg": "xvi-kesz", "conf": 0.915}, "geometry": {"type": "Point", "coordinates": [19.2154388, 47.5180053]}}, {"type": "Feature", "properties": {"code": "Lke-1/XVI/SZ3", "reg": "xvi-kesz", "conf": 0.914}, "geometry": {"type": "Point", "coordinates": [19.2195178, 47.5234013]}}, {"type": "Feature", "properties": {"code": "Lke-1/XVI/O1", "reg": "xvi-kesz", "conf": 0.913}, "geometry": {"type": "Point", "coordinates": [19.228754, 47.5269536]}}, {"type": "Feature", "properties": {"code": "Lke-1/XVI/O1", "reg": "xvi-kesz", "conf": 0.911}, "geometry": {"type": "Point", "coordinates": [19.2346508, 47.5223125]}}, {"type": "Feature", "properties": {"code": "Lke-1/XVI/SZ1", "reg": "xvi-kesz", "conf": 0.91}, "geometry": {"type": "Point", "coordinates": [19.222576, 47.5177458]}}, {"type": "Feature", "properties": {"code": "Lke-1/XVI/O1", "reg": "xvi-kesz", "conf": 0.908}, "geometry": {"type": "Point", "coordinates": [19.2158695, 47.5208915]}}, {"type": "Feature", "properties": {"code": "Lke-1/XVI/SZ1", "reg": "xvi-kesz", "conf": 0.907}, "geometry": {"type": "Point", "coordinates": [19.2356541, 47.5185872]}}, {"type": "Feature", "properties": {"code": "Lke-1/XVI/O2", "reg": "xvi-kesz", "conf": 0.905}, "geometry": {"type": "Point", "coordinates": [19.2344022, 47.5267172]}}, {"type": "Feature", "properties": {"code": "Lke-1/XVI/O1", "reg": "xvi-kesz", "conf": 0.905}, "geometry": {"type": "Point", "coordinates": [19.2330474, 47.5213163]}}, {"type": "Feature", "properties": {"code": "Lke-1/XVI/O1", "reg": "xvi-kesz", "conf": 0.905}, "geometry": {"type": "Point", "coordinates": [19.2270562, 47.5180162]}}, {"type": "Feature", "properties": {"code": "Lke-1/XVI/O1", "reg": "xvi-kesz", "conf": 0.904}, "geometry": {"type": "Point", "coordinates": [19.2299213, 47.5241418]}}, {"type": "Feature", "properties": {"code": "Lke-1/XVI/O3", "reg": "xvi-kesz", "conf": 0.904}, "geometry": {"type": "Point", "coordinates": [19.2318497, 47.5214878]}}, {"type": "Feature", "properties": {"code": "Vi-2/XVI/Z", "reg": "xvi-kesz", "conf": 0.904}, "geometry": {"type": "Point", "coordinates": [19.2154388, 47.5180042]}}, {"type": "Feature", "properties": {"code": "Lke-1/XVI/O1", "reg": "xvi-kesz", "conf": 0.902}, "geometry": {"type": "Point", "coordinates": [19.2238454, 47.5239732]}}, {"type": "Feature", "properties": {"code": "Lke-1/XVI/O3", "reg": "xvi-kesz", "conf": 0.901}, "geometry": {"type": "Point", "coordinates": [19.2316397, 47.519481]}}, {"type": "Feature", "properties": {"code": "Lke-1/XVI/O1", "reg": "xvi-kesz", "conf": 0.899}, "geometry": {"type": "Point", "coordinates": [19.2221723, 47.5239535]}}, {"type": "Feature", "properties": {"code": "Lke-1/XVI/O1", "reg": "xvi-kesz", "conf": 0.899}, "geometry": {"type": "Point", "coordinates": [19.2209346, 47.516827]}}, {"type": "Feature", "properties": {"code": "Lke-1/XVI/O1", "reg": "xvi-kesz", "conf": 0.892}, "geometry": {"type": "Point", "coordinates": [19.2329593, 47.5235863]}}, {"type": "Feature", "properties": {"code": "Lke-1/XVI/O1", "reg": "xvi-kesz", "conf": 0.889}, "geometry": {"type": "Point", "coordinates": [19.2238471, 47.5239709]}}, {"type": "Feature", "properties": {"code": "Lke-1/XVI/O1", "reg": "xvi-kesz", "conf": 0.879}, "geometry": {"type": "Point", "coordinates": [19.2209221, 47.5187751]}}, {"type": "Feature", "properties": {"code": "Lke-1/XVI/SZ3", "reg": "xvi-kesz", "conf": 0.878}, "geometry": {"type": "Point", "coordinates": [19.2331361, 47.5269139]}}, {"type": "Feature", "properties": {"code": "Ln-T/XVI/1", "reg": "xvi-kesz", "conf": 0.992}, "geometry": {"type": "Point", "coordinates": [19.1573974, 47.507331]}}, {"type": "Feature", "properties": {"code": "Lke-1/XVI/SZ1", "reg": "xvi-kesz", "conf": 0.976}, "geometry": {"type": "Point", "coordinates": [19.1546937, 47.5147112]}}, {"type": "Feature", "properties": {"code": "Lke-1/XVI/SZ1", "reg": "xvi-kesz", "conf": 0.976}, "geometry": {"type": "Point", "coordinates": [19.1562267, 47.5110336]}}, {"type": "Feature", "properties": {"code": "Lke-1/XVI/SZ4", "reg": "xvi-kesz", "conf": 0.975}, "geometry": {"type": "Point", "coordinates": [19.161863, 47.5112573]}}, {"type": "Feature", "properties": {"code": "K-Rek/XVI/1", "reg": "xvi-kesz", "conf": 0.974}, "geometry": {"type": "Point", "coordinates": [19.1604233, 47.5108635]}}, {"type": "Feature", "properties": {"code": "Lke-1/XVI/SZ5", "reg": "xvi-kesz", "conf": 0.973}, "geometry": {"type": "Point", "coordinates": [19.1594821, 47.514198]}}, {"type": "Feature", "properties": {"code": "Lke-1/XVI/SZ3", "reg": "xvi-kesz", "conf": 0.973}, "geometry": {"type": "Point", "coordinates": [19.1604485, 47.5130644]}}, {"type": "Feature", "properties": {"code": "Vi-2/XVI/L", "reg": "xvi-kesz", "conf": 0.973}, "geometry": {"type": "Point", "coordinates": [19.1578069, 47.5081134]}}, {"type": "Feature", "properties": {"code": "Lke-1/XVI/SZ3", "reg": "xvi-kesz", "conf": 0.967}, "geometry": {"type": "Point", "coordinates": [19.1617052, 47.5167256]}}, {"type": "Feature", "properties": {"code": "Lke-1/XVI/SZ4", "reg": "xvi-kesz", "conf": 0.955}, "geometry": {"type": "Point", "coordinates": [19.1616121, 47.512075]}}, {"type": "Feature", "properties": {"code": "Lke-1/XVI/SZ3", "reg": "xvi-kesz", "conf": 0.954}, "geometry": {"type": "Point", "coordinates": [19.1618259, 47.5142112]}}, {"type": "Feature", "properties": {"code": "Lke-1/XVI/CS1", "reg": "xvi-kesz", "conf": 0.953}, "geometry": {"type": "Point", "coordinates": [19.1558473, 47.514067]}}, {"type": "Feature", "properties": {"code": "Lke-1/XVI/SZ3", "reg": "xvi-kesz", "conf": 0.95}, "geometry": {"type": "Point", "coordinates": [19.1617993, 47.5162418]}}, {"type": "Feature", "properties": {"code": "Lke-1/XVI/SZ3", "reg": "xvi-kesz", "conf": 0.948}, "geometry": {"type": "Point", "coordinates": [19.1563813, 47.5169277]}}, {"type": "Feature", "properties": {"code": "Lke-1/XVI/SZ4", "reg": "xvi-kesz", "conf": 0.946}, "geometry": {"type": "Point", "coordinates": [19.1618574, 47.5153934]}}, {"type": "Feature", "properties": {"code": "Vi-2/XVI/K", "reg": "xvi-kesz", "conf": 0.945}, "geometry": {"type": "Point", "coordinates": [19.159198, 47.5080779]}}, {"type": "Feature", "properties": {"code": "Lke-1/XVI/SZ4", "reg": "xvi-kesz", "conf": 0.944}, "geometry": {"type": "Point", "coordinates": [19.1567744, 47.5145404]}}, {"type": "Feature", "properties": {"code": "Lke-1/XVI/SZ1", "reg": "xvi-kesz", "conf": 0.941}, "geometry": {"type": "Point", "coordinates": [19.1580189, 47.5153579]}}, {"type": "Feature", "properties": {"code": "Lke-1/XVI/SZ4", "reg": "xvi-kesz", "conf": 0.936}, "geometry": {"type": "Point", "coordinates": [19.1621759, 47.5125928]}}, {"type": "Feature", "properties": {"code": "Lke-1/XVI/O1", "reg": "xvi-kesz", "conf": 0.934}, "geometry": {"type": "Point", "coordinates": [19.1569714, 47.5106882]}}, {"type": "Feature", "properties": {"code": "Lke-1/XVI/SZ3", "reg": "xvi-kesz", "conf": 0.931}, "geometry": {"type": "Point", "coordinates": [19.1603086, 47.5156368]}}, {"type": "Feature", "properties": {"code": "Ln-T/XVI/1", "reg": "xvi-kesz", "conf": 0.929}, "geometry": {"type": "Point", "coordinates": [19.1569825, 47.5093492]}}, {"type": "Feature", "properties": {"code": "Lke-1/XVI/SZ1", "reg": "xvi-kesz", "conf": 0.928}, "geometry": {"type": "Point", "coordinates": [19.161846, 47.5067964]}}, {"type": "Feature", "properties": {"code": "Lke-1/XVI/SZ3", "reg": "xvi-kesz", "conf": 0.925}, "geometry": {"type": "Point", "coordinates": [19.159775, 47.5137835]}}, {"type": "Feature", "properties": {"code": "Gksz-2/XVI/1", "reg": "xvi-kesz", "conf": 0.92}, "geometry": {"type": "Point", "coordinates": [19.1614264, 47.5094153]}}, {"type": "Feature", "properties": {"code": "Lke-1/XVI/SZ3", "reg": "xvi-kesz", "conf": 0.917}, "geometry": {"type": "Point", "coordinates": [19.1618422, 47.5132856]}}, {"type": "Feature", "properties": {"code": "Lke-1/XVI/SZ4", "reg": "xvi-kesz", "conf": 0.906}, "geometry": {"type": "Point", "coordinates": [19.1520187, 47.5156055]}}, {"type": "Feature", "properties": {"code": "Lke-1/XVI/SZ3", "reg": "xvi-kesz", "conf": 0.897}, "geometry": {"type": "Point", "coordinates": [19.1528306, 47.5161266]}}, {"type": "Feature", "properties": {"code": "Lke-1/XVI/INT", "reg": "xvi-kesz", "conf": 0.991}, "geometry": {"type": "Point", "coordinates": [19.1714641, 47.5132663]}}, {"type": "Feature", "properties": {"code": "Vt-H/XVI/P", "reg": "xvi-kesz", "conf": 0.99}, "geometry": {"type": "Point", "coordinates": [19.170682, 47.5101871]}}, {"type": "Feature", "properties": {"code": "Lke-1/XVI/INT", "reg": "xvi-kesz", "conf": 0.989}, "geometry": {"type": "Point", "coordinates": [19.1875798, 47.5067728]}}, {"type": "Feature", "properties": {"code": "Lke-1/XVI/SZ4", "reg": "xvi-kesz", "conf": 0.988}, "geometry": {"type": "Point", "coordinates": [19.1754164, 47.5119957]}}, {"type": "Feature", "properties": {"code": "Lke-1/XVI/SZ4", "reg": "xvi-kesz", "conf": 0.987}, "geometry": {"type": "Point", "coordinates": [19.172005, 47.5088833]}}, {"type": "Feature", "properties": {"code": "Lke-1/XVI/T", "reg": "xvi-kesz", "conf": 0.986}, "geometry": {"type": "Point", "coordinates": [19.1667978, 47.5165747]}}, {"type": "Feature", "properties": {"code": "Lke-1/XVI/SZ3", "reg": "xvi-kesz", "conf": 0.983}, "geometry": {"type": "Point", "coordinates": [19.1735672, 47.5162256]}}, {"type": "Feature", "properties": {"code": "K-Vke/XVI/1", "reg": "xvi-kesz", "conf": 0.982}, "geometry": {"type": "Point", "coordinates": [19.1674176, 47.5149521]}}, {"type": "Feature", "properties": {"code": "Lke-1/XVI/O1", "reg": "xvi-kesz", "conf": 0.982}, "geometry": {"type": "Point", "coordinates": [19.1679433, 47.5085627]}}, {"type": "Feature", "properties": {"code": "Lke-1/XVI/SZ1", "reg": "xvi-kesz", "conf": 0.98}, "geometry": {"type": "Point", "coordinates": [19.1814794, 47.5107648]}}, {"type": "Feature", "properties": {"code": "Lke-1/XVI/SZ4", "reg": "xvi-kesz", "conf": 0.979}, "geometry": {"type": "Point", "coordinates": [19.1826597, 47.515189]}}, {"type": "Feature", "properties": {"code": "Lke-1/XVI/SZ4", "reg": "xvi-kesz", "conf": 0.975}, "geometry": {"type": "Point", "coordinates": [19.1639936, 47.5101768]}}, {"type": "Feature", "properties": {"code": "Lke-1/XVI/SZ4", "reg": "xvi-kesz", "conf": 0.972}, "geometry": {"type": "Point", "coordinates": [19.1630743, 47.5110673]}}, {"type": "Feature", "properties": {"code": "Lke-1/XVI/SZ1", "reg": "xvi-kesz", "conf": 0.968}, "geometry": {"type": "Point", "coordinates": [19.1687334, 47.5167772]}}, {"type": "Feature", "properties": {"code": "Lke-1/XVI/SZ1", "reg": "xvi-kesz", "conf": 0.968}, "geometry": {"type": "Point", "coordinates": [19.1878243, 47.5145051]}}, {"type": "Feature", "properties": {"code": "Lke-1/XVI/SZ4", "reg": "xvi-kesz", "conf": 0.968}, "geometry": {"type": "Point", "coordinates": [19.164089, 47.51287]}}, {"type": "Feature", "properties": {"code": "Lke-1/XVI/SZ4", "reg": "xvi-kesz", "conf": 0.968}, "geometry": {"type": "Point", "coordinates": [19.1688937, 47.5120352]}}, {"type": "Feature", "properties": {"code": "Lke-1/XVI/INT", "reg": "xvi-kesz", "conf": 0.968}, "geometry": {"type": "Point", "coordinates": [19.1741933, 47.5124658]}}, {"type": "Feature", "properties": {"code": "Lke-1/XVI/SZ4", "reg": "xvi-kesz", "conf": 0.967}, "geometry": {"type": "Point", "coordinates": [19.1695043, 47.510764]}}, {"type": "Feature", "properties": {"code": "Lke-1/XVI/SZ3", "reg": "xvi-kesz", "conf": 0.965}, "geometry": {"type": "Point", "coordinates": [19.171156, 47.515786]}}, {"type": "Feature", "properties": {"code": "Lke-1/XVI/INT", "reg": "xvi-kesz", "conf": 0.965}, "geometry": {"type": "Point", "coordinates": [19.1730414, 47.5159418]}}, {"type": "Feature", "properties": {"code": "Lke-1/XVI/SZ3", "reg": "xvi-kesz", "conf": 0.964}, "geometry": {"type": "Point", "coordinates": [19.1723748, 47.5155878]}}, {"type": "Feature", "properties": {"code": "Lke-1/XVI/SZ4", "reg": "xvi-kesz", "conf": 0.964}, "geometry": {"type": "Point", "coordinates": [19.1787285, 47.5095749]}}, {"type": "Feature", "properties": {"code": "Lke-1/XVI/SZ3", "reg": "xvi-kesz", "conf": 0.963}, "geometry": {"type": "Point", "coordinates": [19.1852495, 47.5088746]}}, {"type": "Feature", "properties": {"code": "Lke-1/XVI/O1", "reg": "xvi-kesz", "conf": 0.962}, "geometry": {"type": "Point", "coordinates": [19.1685255, 47.5079581]}}, {"type": "Feature", "properties": {"code": "Lke-1/XVI/SZ3", "reg": "xvi-kesz", "conf": 0.96}, "geometry": {"type": "Point", "coordinates": [19.1883701, 47.5080884]}}, {"type": "Feature", "properties": {"code": "Lke-1/XVI/SZ3", "reg": "xvi-kesz", "conf": 0.959}, "geometry": {"type": "Point", "coordinates": [19.1861632, 47.5067512]}}, {"type": "Feature", "properties": {"code": "Ln-T/XVI/1", "reg": "xvi-kesz", "conf": 0.958}, "geometry": {"type": "Point", "coordinates": [19.1855634, 47.5169247]}}, {"type": "Feature", "properties": {"code": "Lke-1/XVI/SZ4", "reg": "xvi-kesz", "conf": 0.958}, "geometry": {"type": "Point", "coordinates": [19.1637722, 47.5106115]}}, {"type": "Feature", "properties": {"code": "Lke-1/XVI/SZ4", "reg": "xvi-kesz", "conf": 0.958}, "geometry": {"type": "Point", "coordinates": [19.1722234, 47.5106073]}}, {"type": "Feature", "properties": {"code": "Lke-1/XVI/SZ4", "reg": "xvi-kesz", "conf": 0.957}, "geometry": {"type": "Point", "coordinates": [19.1652267, 47.511688]}}, {"type": "Feature", "properties": {"code": "Lke-1/XVI/SZ3", "reg": "xvi-kesz", "conf": 0.956}, "geometry": {"type": "Point", "coordinates": [19.1697293, 47.5137585]}}, {"type": "Feature", "properties": {"code": "Lke-1/XVI/SZ4", "reg": "xvi-kesz", "conf": 0.956}, "geometry": {"type": "Point", "coordinates": [19.1730962, 47.5138342]}}, {"type": "Feature", "properties": {"code": "Lke-1/XVI/SZ4", "reg": "xvi-kesz", "conf": 0.956}, "geometry": {"type": "Point", "coordinates": [19.1817578, 47.5110466]}}, {"type": "Feature", "properties": {"code": "Lke-1/XVI/SZ4", "reg": "xvi-kesz", "conf": 0.956}, "geometry": {"type": "Point", "coordinates": [19.1677702, 47.5095627]}}, {"type": "Feature", "properties": {"code": "Lke-1/XVI/SZ3", "reg": "xvi-kesz", "conf": 0.956}, "geometry": {"type": "Point", "coordinates": [19.1839524, 47.5085213]}}, {"type": "Feature", "properties": {"code": "Lke-1/XVI/SZ4", "reg": "xvi-kesz", "conf": 0.954}, "geometry": {"type": "Point", "coordinates": [19.1804129, 47.5169159]}}, {"type": "Feature", "properties": {"code": "Lke-1/XVI/SZ4", "reg": "xvi-kesz", "conf": 0.954}, "geometry": {"type": "Point", "coordinates": [19.1660213, 47.5111048]}}, {"type": "Feature", "properties": {"code": "Lke-1/XVI/SZ1", "reg": "xvi-kesz", "conf": 0.954}, "geometry": {"type": "Point", "coordinates": [19.1737133, 47.5111572]}}, {"type": "Feature", "properties": {"code": "Lke-1/XVI/SZ5", "reg": "xvi-kesz", "conf": 0.954}, "geometry": {"type": "Point", "coordinates": [19.1707756, 47.5068863]}}, {"type": "Feature", "properties": {"code": "Lke-1/XVI/SZ4", "reg": "xvi-kesz", "conf": 0.952}, "geometry": {"type": "Point", "coordinates": [19.1646278, 47.5122916]}}, {"type": "Feature", "properties": {"code": "Lke-1/XVI/SZ4", "reg": "xvi-kesz", "conf": 0.952}, "geometry": {"type": "Point", "coordinates": [19.1831981, 47.5131297]}}, {"type": "Feature", "properties": {"code": "Lke-1/XVI/SZ4", "reg": "xvi-kesz", "conf": 0.951}, "geometry": {"type": "Point", "coordinates": [19.1742383, 47.5130856]}}, {"type": "Feature", "properties": {"code": "Lke-1/XVI/SZ4", "reg": "xvi-kesz", "conf": 0.951}, "geometry": {"type": "Point", "coordinates": [19.1668514, 47.5106579]}}, {"type": "Feature", "properties": {"code": "Lke-1/XVI/SZ3", "reg": "xvi-kesz", "conf": 0.951}, "geometry": {"type": "Point", "coordinates": [19.18656, 47.508897]}}, {"type": "Feature", "properties": {"code": "Lke-1/XVI/SZ3", "reg": "xvi-kesz", "conf": 0.95}, "geometry": {"type": "Point", "coordinates": [19.1751858, 47.5160588]}}, {"type": "Feature", "properties": {"code": "Lke-1/XVI/O1", "reg": "xvi-kesz", "conf": 0.95}, "geometry": {"type": "Point", "coordinates": [19.1646193, 47.5096028]}}, {"type": "Feature", "properties": {"code": "Lke-1/XVI/O1", "reg": "xvi-kesz", "conf": 0.95}, "geometry": {"type": "Point", "coordinates": [19.177474, 47.5101712]}}, {"type": "Feature", "properties": {"code": "Lke-1/XVI/SZ5", "reg": "xvi-kesz", "conf": 0.95}, "geometry": {"type": "Point", "coordinates": [19.1822955, 47.5067602]}}, {"type": "Feature", "properties": {"code": "Lke-1/XVI/SZ4", "reg": "xvi-kesz", "conf": 0.949}, "geometry": {"type": "Point", "coordinates": [19.1840846, 47.5111826]}}, {"type": "Feature", "properties": {"code": "Lke-1/XVI/SZ3", "reg": "xvi-kesz", "conf": 0.949}, "geometry": {"type": "Point", "coordinates": [19.1872203, 47.5077838]}}, {"type": "Feature", "properties": {"code": "Lke-1/XVI/SZ3", "reg": "xvi-kesz", "conf": 0.947}, "geometry": {"type": "Point", "coordinates": [19.1670277, 47.5128916]}}, {"type": "Feature", "properties": {"code": "Lke-1/XVI/O1", "reg": "xvi-kesz", "conf": 0.946}, "geometry": {"type": "Point", "coordinates": [19.1676288, 47.5131616]}}, {"type": "Feature", "properties": {"code": "Lke-1/XVI/SZ5", "reg": "xvi-kesz", "conf": 0.946}, "geometry": {"type": "Point", "coordinates": [19.1759936, 47.5067909]}}, {"type": "Feature", "properties": {"code": "Lke-1/XVI/SZ3", "reg": "xvi-kesz", "conf": 0.945}, "geometry": {"type": "Point", "coordinates": [19.1636318, 47.5145959]}}, {"type": "Feature", "properties": {"code": "Lke-1/XVI/SZ4", "reg": "xvi-kesz", "conf": 0.944}, "geometry": {"type": "Point", "coordinates": [19.1700652, 47.511025]}}, {"type": "Feature", "properties": {"code": "Lke-1/XVI/INT", "reg": "xvi-kesz", "conf": 0.944}, "geometry": {"type": "Point", "coordinates": [19.1764897, 47.5111869]}}, {"type": "Feature", "properties": {"code": "Lke-1/XVI/KK", "reg": "xvi-kesz", "conf": 0.944}, "geometry": {"type": "Point", "coordinates": [19.1735507, 47.5083617]}}, {"type": "Feature", "properties": {"code": "Lke-1/XVI/SZ3", "reg": "xvi-kesz", "conf": 0.942}, "geometry": {"type": "Point", "coordinates": [19.1741426, 47.516913]}}, {"type": "Feature", "properties": {"code": "Lke-1/XVI/SZ3", "reg": "xvi-kesz", "conf": 0.94}, "geometry": {"type": "Point", "coordinates": [19.1870594, 47.5152715]}}, {"type": "Feature", "properties": {"code": "Lke-1/XVI/SZ3", "reg": "xvi-kesz", "conf": 0.94}, "geometry": {"type": "Point", "coordinates": [19.1638786, 47.513655]}}, {"type": "Feature", "properties": {"code": "Lke-1/XVI/SZ4", "reg": "xvi-kesz", "conf": 0.94}, "geometry": {"type": "Point", "coordinates": [19.1817578, 47.5110477]}}, {"type": "Feature", "properties": {"code": "Lke-1/XVI/SZ4", "reg": "xvi-kesz", "conf": 0.939}, "geometry": {"type": "Point", "coordinates": [19.1830551, 47.5108107]}}, {"type": "Feature", "properties": {"code": "Vi-2/XVI/SZ1", "reg": "xvi-kesz", "conf": 0.939}, "geometry": {"type": "Point", "coordinates": [19.1732383, 47.5071678]}}, {"type": "Feature", "properties": {"code": "Lke-1/XVI/SZ4", "reg": "xvi-kesz", "conf": 0.937}, "geometry": {"type": "Point", "coordinates": [19.1734776, 47.5092205]}}, {"type": "Feature", "properties": {"code": "Vi-2/XVI/Z", "reg": "xvi-kesz", "conf": 0.937}, "geometry": {"type": "Point", "coordinates": [19.1768318, 47.5082179]}}, {"type": "Feature", "properties": {"code": "Lke-1/XVI/SZ3", "reg": "xvi-kesz", "conf": 0.936}, "geometry": {"type": "Point", "coordinates": [19.1700361, 47.512747]}}, {"type": "Feature", "properties": {"code": "Lke-1/XVI/SZ4", "reg": "xvi-kesz", "conf": 0.935}, "geometry": {"type": "Point", "coordinates": [19.1730946, 47.5138331]}}, {"type": "Feature", "properties": {"code": "Lke-1/XVI/SZ3", "reg": "xvi-kesz", "conf": 0.934}, "geometry": {"type": "Point", "coordinates": [19.1659878, 47.5137265]}}, {"type": "Feature", "properties": {"code": "Lke-1/XVI/SZ4", "reg": "xvi-kesz", "conf": 0.934}, "geometry": {"type": "Point", "coordinates": [19.1862089, 47.5119319]}}, {"type": "Feature", "properties": {"code": "Lke-1/XVI/O1", "reg": "xvi-kesz", "conf": 0.933}, "geometry": {"type": "Point", "coordinates": [19.1716104, 47.5129317]}}, {"type": "Feature", "properties": {"code": "Lke-1/XVI/O1", "reg": "xvi-kesz", "conf": 0.932}, "geometry": {"type": "Point", "coordinates": [19.1785215, 47.5156716]}}, {"type": "Feature", "properties": {"code": "Lke-1/XVI/O1", "reg": "xvi-kesz", "conf": 0.932}, "geometry": {"type": "Point", "coordinates": [19.1801588, 47.5143184]}}, {"type": "Feature", "properties": {"code": "Lke-1/XVI/SZ4", "reg": "xvi-kesz", "conf": 0.932}, "geometry": {"type": "Point", "coordinates": [19.1840873, 47.5135961]}}, {"type": "Feature", "properties": {"code": "Lke-1/XVI/SZ3", "reg": "xvi-kesz", "conf": 0.93}, "geometry": {"type": "Point", "coordinates": [19.1830504, 47.5076317]}}, {"type": "Feature", "properties": {"code": "Lke-1/XVI/SZ3", "reg": "xvi-kesz", "conf": 0.93}, "geometry": {"type": "Point", "coordinates": [19.1847926, 47.5067596]}}, {"type": "Feature", "properties": {"code": "Lke-1/XVI/SZ3", "reg": "xvi-kesz", "conf": 0.929}, "geometry": {"type": "Point", "coordinates": [19.1740514, 47.5152059]}}, {"type": "Feature", "properties": {"code": "Lke-1/XVI/SZ5", "reg": "xvi-kesz", "conf": 0.929}, "geometry": {"type": "Point", "coordinates": [19.180953, 47.5076308]}}, {"type": "Feature", "properties": {"code": "Lke-1/XVI/SZ1", "reg": "xvi-kesz", "conf": 0.928}, "geometry": {"type": "Point", "coordinates": [19.1729457, 47.5118519]}}, {"type": "Feature", "properties": {"code": "Lke-1/XVI/SZ5", "reg": "xvi-kesz", "conf": 0.928}, "geometry": {"type": "Point", "coordinates": [19.1819894, 47.507418]}}, {"type": "Feature", "properties": {"code": "Lke-1/XVI/SZ4", "reg": "xvi-kesz", "conf": 0.927}, "geometry": {"type": "Point", "coordinates": [19.1813411, 47.5122868]}}, {"type": "Feature", "properties": {"code": "Vi-2/XVI/Z", "reg": "xvi-kesz", "conf": 0.927}, "geometry": {"type": "Point", "coordinates": [19.1793534, 47.5086711]}}, {"type": "Feature", "properties": {"code": "Lke-1/XVI/SZ5", "reg": "xvi-kesz", "conf": 0.927}, "geometry": {"type": "Point", "coordinates": [19.1772461, 47.5073519]}}, {"type": "Feature", "properties": {"code": "Lke-1/XVI/O1", "reg": "xvi-kesz", "conf": 0.924}, "geometry": {"type": "Point", "coordinates": [19.1726446, 47.5124983]}}, {"type": "Feature", "properties": {"code": "Lke-1/XVI/SZ5", "reg": "xvi-kesz", "conf": 0.923}, "geometry": {"type": "Point", "coordinates": [19.1814605, 47.5065656]}}, {"type": "Feature", "properties": {"code": "Lke-1/XVI/SZ5", "reg": "xvi-kesz", "conf": 0.922}, "geometry": {"type": "Point", "coordinates": [19.1744602, 47.5069093]}}, {"type": "Feature", "properties": {"code": "Lke-1/XVI/SZ3", "reg": "xvi-kesz", "conf": 0.921}, "geometry": {"type": "Point", "coordinates": [19.1879169, 47.5091035]}}, {"type": "Feature", "properties": {"code": "Lke-1/XVI/SZ5", "reg": "xvi-kesz", "conf": 0.921}, "geometry": {"type": "Point", "coordinates": [19.1722087, 47.5067629]}}, {"type": "Feature", "properties": {"code": "Lke-1/XVI/SZ3", "reg": "xvi-kesz", "conf": 0.921}, "geometry": {"type": "Point", "coordinates": [19.1834494, 47.5067077]}}, {"type": "Feature", "properties": {"code": "Lke-1/XVI/O1", "reg": "xvi-kesz", "conf": 0.92}, "geometry": {"type": "Point", "coordinates": [19.177007, 47.5140287]}}, {"type": "Feature", "properties": {"code": "Lke-1/XVI/O1", "reg": "xvi-kesz", "conf": 0.919}, "geometry": {"type": "Point", "coordinates": [19.1670398, 47.5090677]}}, {"type": "Feature", "properties": {"code": "Lke-1/XVI/SZ5", "reg": "xvi-kesz", "conf": 0.919}, "geometry": {"type": "Point", "coordinates": [19.1709338, 47.5065859]}}, {"type": "Feature", "properties": {"code": "Lke-1/XVI/O1", "reg": "xvi-kesz", "conf": 0.919}, "geometry": {"type": "Point", "coordinates": [19.1743224, 47.5072894]}}, {"type": "Feature", "properties": {"code": "Lke-1/XVI/SZ1", "reg": "xvi-kesz", "conf": 0.918}, "geometry": {"type": "Point", "coordinates": [19.1799441, 47.5107609]}}, {"type": "Feature", "properties": {"code": "Lke-1/XVI/SZ5", "reg": "xvi-kesz", "conf": 0.918}, "geometry": {"type": "Point", "coordinates": [19.181472, 47.5084798]}}, {"type": "Feature", "properties": {"code": "Lke-1/XVI/SZ5", "reg": "xvi-kesz", "conf": 0.917}, "geometry": {"type": "Point", "coordinates": [19.1755946, 47.5070786]}}, {"type": "Feature", "properties": {"code": "Lke-1/XVI/SZ4", "reg": "xvi-kesz", "conf": 0.915}, "geometry": {"type": "Point", "coordinates": [19.1671681, 47.5102299]}}, {"type": "Feature", "properties": {"code": "Lke-1/XVI/O1", "reg": "xvi-kesz", "conf": 0.915}, "geometry": {"type": "Point", "coordinates": [19.180404, 47.5067772]}}, {"type": "Feature", "properties": {"code": "Lke-1/XVI/O1", "reg": "xvi-kesz", "conf": 0.914}, "geometry": {"type": "Point", "coordinates": [19.178397, 47.508124]}}, {"type": "Feature", "properties": {"code": "Lke-1/XVI/O1", "reg": "xvi-kesz", "conf": 0.913}, "geometry": {"type": "Point", "coordinates": [19.1797122, 47.5162889]}}, {"type": "Feature", "properties": {"code": "Vi-2/XVI/SZ1", "reg": "xvi-kesz", "conf": 0.911}, "geometry": {"type": "Point", "coordinates": [19.1708588, 47.5153131]}}, {"type": "Feature", "properties": {"code": "Lke-1/XVI/SZ4", "reg": "xvi-kesz", "conf": 0.911}, "geometry": {"type": "Point", "coordinates": [19.164506, 47.5097496]}}, {"type": "Feature", "properties": {"code": "Lke-1/XVI/SZ3", "reg": "xvi-kesz", "conf": 0.909}, "geometry": {"type": "Point", "coordinates": [19.172155, 47.5146417]}}, {"type": "Feature", "properties": {"code": "Lke-1/XVI/SZ4", "reg": "xvi-kesz", "conf": 0.909}, "geometry": {"type": "Point", "coordinates": [19.1700736, 47.5110238]}}, {"type": "Feature", "properties": {"code": "Vi-2/XVI/Z", "reg": "xvi-kesz", "conf": 0.909}, "geometry": {"type": "Point", "coordinates": [19.1812057, 47.5090124]}}, {"type": "Feature", "properties": {"code": "Lke-1/XVI/SZ5", "reg": "xvi-kesz", "conf": 0.908}, "geometry": {"type": "Point", "coordinates": [19.1734412, 47.5067319]}}, {"type": "Feature", "properties": {"code": "Lke-1/XVI/SZ3", "reg": "xvi-kesz", "conf": 0.907}, "geometry": {"type": "Point", "coordinates": [19.171378, 47.5169276]}}, {"type": "Feature", "properties": {"code": "Lke-1/XVI/I-Z", "reg": "xvi-kesz", "conf": 0.905}, "geometry": {"type": "Point", "coordinates": [19.165939, 47.5169238]}}, {"type": "Feature", "properties": {"code": "Lke-1/XVI/SZ4", "reg": "xvi-kesz", "conf": 0.905}, "geometry": {"type": "Point", "coordinates": [19.1821919, 47.5127533]}}, {"type": "Feature", "properties": {"code": "Lke-1/XVI/SZ3", "reg": "xvi-kesz", "conf": 0.904}, "geometry": {"type": "Point", "coordinates": [19.1698743, 47.516198]}}, {"type": "Feature", "properties": {"code": "Vi-2/XVI/Z", "reg": "xvi-kesz", "conf": 0.904}, "geometry": {"type": "Point", "coordinates": [19.1834428, 47.5093988]}}, {"type": "Feature", "properties": {"code": "Lke-1/XVI/O1", "reg": "xvi-kesz", "conf": 0.898}, "geometry": {"type": "Point", "coordinates": [19.1814563, 47.5148265]}}, {"type": "Feature", "properties": {"code": "Vi-2/XVI/Z", "reg": "xvi-kesz", "conf": 0.897}, "geometry": {"type": "Point", "coordinates": [19.174051, 47.5078004]}}, {"type": "Feature", "properties": {"code": "Vi-2/XVI/Z", "reg": "xvi-kesz", "conf": 0.897}, "geometry": {"type": "Point", "coordinates": [19.1874219, 47.5101312]}}, {"type": "Feature", "properties": {"code": "Lke-1/XVI/SZ1", "reg": "xvi-kesz", "conf": 0.897}, "geometry": {"type": "Point", "coordinates": [19.1634945, 47.50659]}}, {"type": "Feature", "properties": {"code": "Vi-2/XVI/Z", "reg": "xvi-kesz", "conf": 0.895}, "geometry": {"type": "Point", "coordinates": [19.1720879, 47.5072999]}}, {"type": "Feature", "properties": {"code": "Lke-1/XVI/O1", "reg": "xvi-kesz", "conf": 0.895}, "geometry": {"type": "Point", "coordinates": [19.1789154, 47.506771]}}, {"type": "Feature", "properties": {"code": "Lke-1/XVI/SZ5", "reg": "xvi-kesz", "conf": 0.893}, "geometry": {"type": "Point", "coordinates": [19.1815867, 47.5168065]}}, {"type": "Feature", "properties": {"code": "Vi-2/XVI/Z", "reg": "xvi-kesz", "conf": 0.888}, "geometry": {"type": "Point", "coordinates": [19.1781888, 47.5084461]}}, {"type": "Feature", "properties": {"code": "Lke-1/XVI/O1", "reg": "xvi-kesz", "conf": 0.885}, "geometry": {"type": "Point", "coordinates": [19.1756262, 47.5076882]}}, {"type": "Feature", "properties": {"code": "Lke-1/XVI/O1", "reg": "xvi-kesz", "conf": 0.883}, "geometry": {"type": "Point", "coordinates": [19.1664206, 47.5142242]}}, {"type": "Feature", "properties": {"code": "Lke-1/XVI/O1", "reg": "xvi-kesz", "conf": 0.882}, "geometry": {"type": "Point", "coordinates": [19.1783903, 47.5081297]}}, {"type": "Feature", "properties": {"code": "Lke-1/XVI/SZ5", "reg": "xvi-kesz", "conf": 0.875}, "geometry": {"type": "Point", "coordinates": [19.1807452, 47.5081178]}}, {"type": "Feature", "properties": {"code": "Lke-1/XVI/SZ3", "reg": "xvi-kesz", "conf": 0.851}, "geometry": {"type": "Point", "coordinates": [19.1779024, 47.5169052]}}, {"type": "Feature", "properties": {"code": "Vi-2/XVI/SZ1", "reg": "xvi-kesz", "conf": 0.823}, "geometry": {"type": "Point", "coordinates": [19.1697345, 47.5065543]}}, {"type": "Feature", "properties": {"code": "Lke-1/XVI/O1", "reg": "xvi-kesz", "conf": 0.801}, "geometry": {"type": "Point", "coordinates": [19.1769817, 47.5079653]}}, {"type": "Feature", "properties": {"code": "Lke-1/XVI/SZ4", "reg": "xvi-kesz", "conf": 0.987}, "geometry": {"type": "Point", "coordinates": [19.2138125, 47.5079237]}}, {"type": "Feature", "properties": {"code": "Lke-1/XVI/SZ3", "reg": "xvi-kesz", "conf": 0.985}, "geometry": {"type": "Point", "coordinates": [19.1891499, 47.5065822]}}, {"type": "Feature", "properties": {"code": "Lke-1/XVI/SZ1", "reg": "xvi-kesz", "conf": 0.984}, "geometry": {"type": "Point", "coordinates": [19.1945524, 47.5133816]}}, {"type": "Feature", "properties": {"code": "Ln-T/XVI/INT", "reg": "xvi-kesz", "conf": 0.981}, "geometry": {"type": "Point", "coordinates": [19.188956, 47.5103237]}}, {"type": "Feature", "properties": {"code": "K-Hon/XVI/2", "reg": "xvi-kesz", "conf": 0.98}, "geometry": {"type": "Point", "coordinates": [19.1919415, 47.5072752]}}, {"type": "Feature", "properties": {"code": "Vt-H/XVI/K", "reg": "xvi-kesz", "conf": 0.979}, "geometry": {"type": "Point", "coordinates": [19.2042455, 47.5079457]}}, {"type": "Feature", "properties": {"code": "Lke-1/XVI/SZ4", "reg": "xvi-kesz", "conf": 0.978}, "geometry": {"type": "Point", "coordinates": [19.1952202, 47.5157102]}}, {"type": "Feature", "properties": {"code": "Ln-T/XVI/2", "reg": "xvi-kesz", "conf": 0.977}, "geometry": {"type": "Point", "coordinates": [19.193336, 47.5087776]}}, {"type": "Feature", "properties": {"code": "Vt-H/XVI/K", "reg": "xvi-kesz", "conf": 0.977}, "geometry": {"type": "Point", "coordinates": [19.2034363, 47.5110634]}}, {"type": "Feature", "properties": {"code": "Lke-1/XVI/SZ1", "reg": "xvi-kesz", "conf": 0.976}, "geometry": {"type": "Point", "coordinates": [19.2021386, 47.5168706]}}, {"type": "Feature", "properties": {"code": "Lke-1/XVI/SZ1", "reg": "xvi-kesz", "conf": 0.975}, "geometry": {"type": "Point", "coordinates": [19.201164, 47.5152122]}}, {"type": "Feature", "properties": {"code": "Lke-1/XVI/SZ1", "reg": "xvi-kesz", "conf": 0.973}, "geometry": {"type": "Point", "coordinates": [19.2124866, 47.5095088]}}, {"type": "Feature", "properties": {"code": "Ln-T/XVI/2", "reg": "xvi-kesz", "conf": 0.973}, "geometry": {"type": "Point", "coordinates": [19.1900525, 47.5070668]}}, {"type": "Feature", "properties": {"code": "Vt-H/XVI/S", "reg": "xvi-kesz", "conf": 0.969}, "geometry": {"type": "Point", "coordinates": [19.2064431, 47.50947]}}, {"type": "Feature", "properties": {"code": "Lke-1/XVI/SZ3", "reg": "xvi-kesz", "conf": 0.965}, "geometry": {"type": "Point", "coordinates": [19.1896883, 47.5116374]}}, {"type": "Feature", "properties": {"code": "Lke-1/XVI/SZ1", "reg": "xvi-kesz", "conf": 0.964}, "geometry": {"type": "Point", "coordinates": [19.2105594, 47.5144244]}}, {"type": "Feature", "properties": {"code": "Lke-1/XVI/SZ1", "reg": "xvi-kesz", "conf": 0.963}, "geometry": {"type": "Point", "coordinates": [19.196729, 47.5136308]}}, {"type": "Feature", "properties": {"code": "Lke-1/XVI/SZ4", "reg": "xvi-kesz", "conf": 0.962}, "geometry": {"type": "Point", "coordinates": [19.2143977, 47.5106689]}}, {"type": "Feature", "properties": {"code": "Lke-1/XVI/INT", "reg": "xvi-kesz", "conf": 0.961}, "geometry": {"type": "Point", "coordinates": [19.19691, 47.5130996]}}, {"type": "Feature", "properties": {"code": "Lke-1/XVI/SZ1", "reg": "xvi-kesz", "conf": 0.959}, "geometry": {"type": "Point", "coordinates": [19.2098883, 47.5130573]}}, {"type": "Feature", "properties": {"code": "Lke-1/XVI/SZ4", "reg": "xvi-kesz", "conf": 0.956}, "geometry": {"type": "Point", "coordinates": [19.1957725, 47.516257]}}, {"type": "Feature", "properties": {"code": "Lke-1/XVI/SZ4", "reg": "xvi-kesz", "conf": 0.955}, "geometry": {"type": "Point", "coordinates": [19.1925561, 47.5167572]}}, {"type": "Feature", "properties": {"code": "Lke-1/XVI/SZ4", "reg": "xvi-kesz", "conf": 0.955}, "geometry": {"type": "Point", "coordinates": [19.1902896, 47.5166781]}}, {"type": "Feature", "properties": {"code": "Lke-1/XVI/SZ4", "reg": "xvi-kesz", "conf": 0.954}, "geometry": {"type": "Point", "coordinates": [19.196136, 47.5168687]}}, {"type": "Feature", "properties": {"code": "Lke-1/XVI/SZ4", "reg": "xvi-kesz", "conf": 0.952}, "geometry": {"type": "Point", "coordinates": [19.1913702, 47.5167524]}}, {"type": "Feature", "properties": {"code": "K-Vke/XVI/2", "reg": "xvi-kesz", "conf": 0.952}, "geometry": {"type": "Point", "coordinates": [19.2131212, 47.5150447]}}, {"type": "Feature", "properties": {"code": "Lke-1/XVI/SZ4", "reg": "xvi-kesz", "conf": 0.951}, "geometry": {"type": "Point", "coordinates": [19.200553, 47.5160238]}}, {"type": "Feature", "properties": {"code": "Lke-1/XVI/SZ4", "reg": "xvi-kesz", "conf": 0.951}, "geometry": {"type": "Point", "coordinates": [19.1985348, 47.5148882]}}, {"type": "Feature", "properties": {"code": "Lke-1/XVI/SZ4", "reg": "xvi-kesz", "conf": 0.95}, "geometry": {"type": "Point", "coordinates": [19.1978466, 47.514478]}}, {"type": "Feature", "properties": {"code": "Vi-2/XVI/SZ1", "reg": "xvi-kesz", "conf": 0.949}, "geometry": {"type": "Point", "coordinates": [19.1918474, 47.5107343]}}, {"type": "Feature", "properties": {"code": "Lke-1/XVI/SZ4", "reg": "xvi-kesz", "conf": 0.948}, "geometry": {"type": "Point", "coordinates": [19.2135813, 47.5094442]}}, {"type": "Feature", "properties": {"code": "Ln-3/XVI/1", "reg": "xvi-kesz", "conf": 0.947}, "geometry": {"type": "Point", "coordinates": [19.197699, 47.5072651]}}, {"type": "Feature", "properties": {"code": "Lke-1/XVI/SZ3", "reg": "xvi-kesz", "conf": 0.944}, "geometry": {"type": "Point", "coordinates": [19.2110112, 47.5084433]}}, {"type": "Feature", "properties": {"code": "Lke-1/XVI/SZ1", "reg": "xvi-kesz", "conf": 0.941}, "geometry": {"type": "Point", "coordinates": [19.2113014, 47.5163873]}}, {"type": "Feature", "properties": {"code": "Lke-1/XVI/SZ1", "reg": "xvi-kesz", "conf": 0.94}, "geometry": {"type": "Point", "coordinates": [19.1935689, 47.5123932]}}, {"type": "Feature", "properties": {"code": "Lk-2/XVI/T", "reg": "xvi-kesz", "conf": 0.939}, "geometry": {"type": "Point", "coordinates": [19.1970739, 47.5078291]}}, {"type": "Feature", "properties": {"code": "Lke-1/XVI/SZ2", "reg": "xvi-kesz", "conf": 0.938}, "geometry": {"type": "Point", "coordinates": [19.1954187, 47.5135452]}}, {"type": "Feature", "properties": {"code": "Lke-1/XVI/SZ3", "reg": "xvi-kesz", "conf": 0.935}, "geometry": {"type": "Point", "coordinates": [19.21034, 47.5079579]}}, {"type": "Feature", "properties": {"code": "Lke-1/XVI/INT", "reg": "xvi-kesz", "conf": 0.933}, "geometry": {"type": "Point", "coordinates": [19.206363, 47.5167964]}}, {"type": "Feature", "properties": {"code": "Lke-1/XVI/SZ1", "reg": "xvi-kesz", "conf": 0.932}, "geometry": {"type": "Point", "coordinates": [19.1914035, 47.511754]}}, {"type": "Feature", "properties": {"code": "Lke-1/XVI/SZ1", "reg": "xvi-kesz", "conf": 0.929}, "geometry": {"type": "Point", "coordinates": [19.210971, 47.5124698]}}, {"type": "Feature", "properties": {"code": "Ln-T/XVI/2", "reg": "xvi-kesz", "conf": 0.929}, "geometry": {"type": "Point", "coordinates": [19.192253, 47.5101346]}}, {"type": "Feature", "properties": {"code": "Lke-1/XVI/SZ4", "reg": "xvi-kesz", "conf": 0.927}, "geometry": {"type": "Point", "coordinates": [19.1948787, 47.5168733]}}, {"type": "Feature", "properties": {"code": "Vt-H/XVI/O", "reg": "xvi-kesz", "conf": 0.927}, "geometry": {"type": "Point", "coordinates": [19.2018904, 47.5114408]}}, {"type": "Feature", "properties": {"code": "Lke-1/XVI/SZ1", "reg": "xvi-kesz", "conf": 0.925}, "geometry": {"type": "Point", "coordinates": [19.211613, 47.5155956]}}, {"type": "Feature", "properties": {"code": "Lke-1/XVI/SZ4", "reg": "xvi-kesz", "conf": 0.925}, "geometry": {"type": "Point", "coordinates": [19.213889, 47.5102146]}}, {"type": "Feature", "properties": {"code": "Lk-2/XVI/T", "reg": "xvi-kesz", "conf": 0.923}, "geometry": {"type": "Point", "coordinates": [19.1970739, 47.5078303]}}, {"type": "Feature", "properties": {"code": "Vt-H/XVI/K", "reg": "xvi-kesz", "conf": 0.922}, "geometry": {"type": "Point", "coordinates": [19.2034346, 47.5110623]}}, {"type": "Feature", "properties": {"code": "Lke-1/XVI/SZ4", "reg": "xvi-kesz", "conf": 0.921}, "geometry": {"type": "Point", "coordinates": [19.2134029, 47.5137278]}}, {"type": "Feature", "properties": {"code": "Lke-1/XVI/SZ4", "reg": "xvi-kesz", "conf": 0.921}, "geometry": {"type": "Point", "coordinates": [19.2143885, 47.5084647]}}, {"type": "Feature", "properties": {"code": "Lke-1/XVI/SZ5", "reg": "xvi-kesz", "conf": 0.921}, "geometry": {"type": "Point", "coordinates": [19.2120352, 47.5073606]}}, {"type": "Feature", "properties": {"code": "Lke-1/XVI/SZ5", "reg": "xvi-kesz", "conf": 0.92}, "geometry": {"type": "Point", "coordinates": [19.1889338, 47.5167499]}}, {"type": "Feature", "properties": {"code": "Lke-1/XVI/SZ1", "reg": "xvi-kesz", "conf": 0.92}, "geometry": {"type": "Point", "coordinates": [19.209913, 47.5153934]}}, {"type": "Feature", "properties": {"code": "Vt-H/XVI/KK", "reg": "xvi-kesz", "conf": 0.92}, "geometry": {"type": "Point", "coordinates": [19.2023764, 47.51017]}}, {"type": "Feature", "properties": {"code": "Lke-1/XVI/SZ3", "reg": "xvi-kesz", "conf": 0.918}, "geometry": {"type": "Point", "coordinates": [19.1997191, 47.5150029]}}, {"type": "Feature", "properties": {"code": "Lke-1/XVI/SZ5", "reg": "xvi-kesz", "conf": 0.917}, "geometry": {"type": "Point", "coordinates": [19.2101928, 47.506536]}}, {"type": "Feature", "properties": {"code": "Lke-1/XVI/SZ3", "reg": "xvi-kesz", "conf": 0.916}, "geometry": {"type": "Point", "coordinates": [19.1894744, 47.514676]}}, {"type": "Feature", "properties": {"code": "Lke-1/XVI/SZ1", "reg": "xvi-kesz", "conf": 0.916}, "geometry": {"type": "Point", "coordinates": [19.1895023, 47.5132007]}}, {"type": "Feature", "properties": {"code": "Vt-H/XVI/KK", "reg": "xvi-kesz", "conf": 0.915}, "geometry": {"type": "Point", "coordinates": [19.2043186, 47.5106982]}}, {"type": "Feature", "properties": {"code": "Lke-1/XVI/SZ1", "reg": "xvi-kesz", "conf": 0.911}, "geometry": {"type": "Point", "coordinates": [19.2021586, 47.5157598]}}, {"type": "Feature", "properties": {"code": "Vt-H/XVI/KK", "reg": "xvi-kesz", "conf": 0.911}, "geometry": {"type": "Point", "coordinates": [19.2043186, 47.5106994]}}, {"type": "Feature", "properties": {"code": "Lke-1/XVI/SZ1", "reg": "xvi-kesz", "conf": 0.907}, "geometry": {"type": "Point", "coordinates": [19.2095175, 47.5159317]}}, {"type": "Feature", "properties": {"code": "Lke-1/XVI/SZ1", "reg": "xvi-kesz", "conf": 0.906}, "geometry": {"type": "Point", "coordinates": [19.1917362, 47.5141233]}}, {"type": "Feature", "properties": {"code": "Lke-1/XVI/SZ3", "reg": "xvi-kesz", "conf": 0.906}, "geometry": {"type": "Point", "coordinates": [19.1964163, 47.5147754]}}, {"type": "Feature", "properties": {"code": "Lke-1/XVI/SZ1", "reg": "xvi-kesz", "conf": 0.9}, "geometry": {"type": "Point", "coordinates": [19.2127097, 47.5110151]}}, {"type": "Feature", "properties": {"code": "Vi-2/XVI/SZ2", "reg": "xvi-kesz", "conf": 0.899}, "geometry": {"type": "Point", "coordinates": [19.1902703, 47.5098643]}}, {"type": "Feature", "properties": {"code": "Lk-2/XVI/KK", "reg": "xvi-kesz", "conf": 0.899}, "geometry": {"type": "Point", "coordinates": [19.1968533, 47.5081209]}}, {"type": "Feature", "properties": {"code": "Lke-1/XVI/SZ4", "reg": "xvi-kesz", "conf": 0.898}, "geometry": {"type": "Point", "coordinates": [19.2013389, 47.5159236]}}, {"type": "Feature", "properties": {"code": "Vt-H/XVI/KK", "reg": "xvi-kesz", "conf": 0.894}, "geometry": {"type": "Point", "coordinates": [19.2023594, 47.51017]}}, {"type": "Feature", "properties": {"code": "Lke-1/XVI/SZ3", "reg": "xvi-kesz", "conf": 0.894}, "geometry": {"type": "Point", "coordinates": [19.1903155, 47.506683]}}, {"type": "Feature", "properties": {"code": "Lke-1/XVI/O1", "reg": "xvi-kesz", "conf": 0.893}, "geometry": {"type": "Point", "coordinates": [19.2038625, 47.5152481]}}, {"type": "Feature", "properties": {"code": "Lke-1/XVI/SZ1", "reg": "xvi-kesz", "conf": 0.888}, "geometry": {"type": "Point", "coordinates": [19.2119111, 47.5148687]}}, {"type": "Feature", "properties": {"code": "Lke-1/XVI/SZ3", "reg": "xvi-kesz", "conf": 0.885}, "geometry": {"type": "Point", "coordinates": [19.1895247, 47.5161061]}}, {"type": "Feature", "properties": {"code": "Lke-1/XVI/SZ3", "reg": "xvi-kesz", "conf": 0.876}, "geometry": {"type": "Point", "coordinates": [19.1889184, 47.5111475]}}, {"type": "Feature", "properties": {"code": "Lke-1/XVI/SZ3", "reg": "xvi-kesz", "conf": 0.864}, "geometry": {"type": "Point", "coordinates": [19.1903557, 47.5137508]}}, {"type": "Feature", "properties": {"code": "Lke-1/XVI/SZ3", "reg": "xvi-kesz", "conf": 0.857}, "geometry": {"type": "Point", "coordinates": [19.188915, 47.5111463]}}, {"type": "Feature", "properties": {"code": "Lke-1/XVI/INT", "reg": "xvi-kesz", "conf": 0.839}, "geometry": {"type": "Point", "coordinates": [19.2112605, 47.5070535]}}, {"type": "Feature", "properties": {"code": "Lke-1/XVI/SZ1", "reg": "xvi-kesz", "conf": 0.829}, "geometry": {"type": "Point", "coordinates": [19.2067852, 47.5067367]}}, {"type": "Feature", "properties": {"code": "Lke-1/XVI/SZ5", "reg": "xvi-kesz", "conf": 0.787}, "geometry": {"type": "Point", "coordinates": [19.21092, 47.5069155]}}, {"type": "Feature", "properties": {"code": "Lke-1/XVI/SZ2", "reg": "xvi-kesz", "conf": 0.785}, "geometry": {"type": "Point", "coordinates": [19.2048088, 47.5163569]}}, {"type": "Feature", "properties": {"code": "Lke-1/XVI/SZ4", "reg": "xvi-kesz", "conf": 0.988}, "geometry": {"type": "Point", "coordinates": [19.215451, 47.5098588]}}, {"type": "Feature", "properties": {"code": "Lke-1/XVI/SZ1", "reg": "xvi-kesz", "conf": 0.982}, "geometry": {"type": "Point", "coordinates": [19.2250278, 47.5091459]}}, {"type": "Feature", "properties": {"code": "Lke-1/XVI/SZ4", "reg": "xvi-kesz", "conf": 0.975}, "geometry": {"type": "Point", "coordinates": [19.2157084, 47.5106]}}, {"type": "Feature", "properties": {"code": "Lke-1/XVI/SZ4", "reg": "xvi-kesz", "conf": 0.975}, "geometry": {"type": "Point", "coordinates": [19.2169099, 47.5071825]}}, {"type": "Feature", "properties": {"code": "Lke-1/XVI/SZ4", "reg": "xvi-kesz", "conf": 0.975}, "geometry": {"type": "Point", "coordinates": [19.2160868, 47.5069196]}}, {"type": "Feature", "properties": {"code": "Lke-1/XVI/SZ4", "reg": "xvi-kesz", "conf": 0.974}, "geometry": {"type": "Point", "coordinates": [19.2164811, 47.5086966]}}, {"type": "Feature", "properties": {"code": "Lke-1/XVI/SZ1", "reg": "xvi-kesz", "conf": 0.972}, "geometry": {"type": "Point", "coordinates": [19.2218022, 47.5081101]}}, {"type": "Feature", "properties": {"code": "Lke-1/XVI/SZ1", "reg": "xvi-kesz", "conf": 0.97}, "geometry": {"type": "Point", "coordinates": [19.2335674, 47.5151605]}}, {"type": "Feature", "properties": {"code": "Lke-1/XVI/SZ1", "reg": "xvi-kesz", "conf": 0.969}, "geometry": {"type": "Point", "coordinates": [19.2155652, 47.5124509]}}, {"type": "Feature", "properties": {"code": "Lke-1/XVI/SZ1", "reg": "xvi-kesz", "conf": 0.969}, "geometry": {"type": "Point", "coordinates": [19.2180937, 47.511975]}}, {"type": "Feature", "properties": {"code": "Lke-1/XVI/SZ1", "reg": "xvi-kesz", "conf": 0.965}, "geometry": {"type": "Point", "coordinates": [19.2333849, 47.5168275]}}, {"type": "Feature", "properties": {"code": "Lke-1/XVI/SZ1", "reg": "xvi-kesz", "conf": 0.965}, "geometry": {"type": "Point", "coordinates": [19.2241623, 47.5119208]}}, {"type": "Feature", "properties": {"code": "Lke-1/XVI/SZ1", "reg": "xvi-kesz", "conf": 0.964}, "geometry": {"type": "Point", "coordinates": [19.2213548, 47.5106387]}}, {"type": "Feature", "properties": {"code": "Lke-1/XVI/SZ1", "reg": "xvi-kesz", "conf": 0.963}, "geometry": {"type": "Point", "coordinates": [19.226214, 47.5119947]}}, {"type": "Feature", "properties": {"code": "K-Rek/XVI/1", "reg": "xvi-kesz", "conf": 0.957}, "geometry": {"type": "Point", "coordinates": [19.2238282, 47.5168575]}}, {"type": "Feature", "properties": {"code": "Lke-1/XVI/SZ4", "reg": "xvi-kesz", "conf": 0.955}, "geometry": {"type": "Point", "coordinates": [19.2187976, 47.5096572]}}, {"type": "Feature", "properties": {"code": "Lke-1/XVI/SZ4", "reg": "xvi-kesz", "conf": 0.955}, "geometry": {"type": "Point", "coordinates": [19.2206598, 47.5078161]}}, {"type": "Feature", "properties": {"code": "Lke-1/XVI/SZ4", "reg": "xvi-kesz", "conf": 0.953}, "geometry": {"type": "Point", "coordinates": [19.2166911, 47.5138605]}}, {"type": "Feature", "properties": {"code": "Lke-1/XVI/SZ1", "reg": "xvi-kesz", "conf": 0.952}, "geometry": {"type": "Point", "coordinates": [19.235762, 47.5168222]}}, {"type": "Feature", "properties": {"code": "Lke-1/XVI/SZ4", "reg": "xvi-kesz", "conf": 0.948}, "geometry": {"type": "Point", "coordinates": [19.2172962, 47.5090197]}}, {"type": "Feature", "properties": {"code": "Lke-1/XVI/SZ4", "reg": "xvi-kesz", "conf": 0.946}, "geometry": {"type": "Point", "coordinates": [19.2175484, 47.5132383]}}, {"type": "Feature", "properties": {"code": "Lke-1/XVI/SZ4", "reg": "xvi-kesz", "conf": 0.944}, "geometry": {"type": "Point", "coordinates": [19.2157677, 47.508312]}}, {"type": "Feature", "properties": {"code": "Lke-1/XVI/SZ4", "reg": "xvi-kesz", "conf": 0.941}, "geometry": {"type": "Point", "coordinates": [19.2162957, 47.5111576]}}, {"type": "Feature", "properties": {"code": "Lke-1/XVI/SZ4", "reg": "xvi-kesz", "conf": 0.937}, "geometry": {"type": "Point", "coordinates": [19.2173932, 47.5111655]}}, {"type": "Feature", "properties": {"code": "Lke-1/XVI/SZ1", "reg": "xvi-kesz", "conf": 0.935}, "geometry": {"type": "Point", "coordinates": [19.2194316, 47.5126514]}}, {"type": "Feature", "properties": {"code": "Lke-1/XVI/SZ1", "reg": "xvi-kesz", "conf": 0.935}, "geometry": {"type": "Point", "coordinates": [19.2228464, 47.5113057]}}, {"type": "Feature", "properties": {"code": "Lke-1/XVI/SZ1", "reg": "xvi-kesz", "conf": 0.932}, "geometry": {"type": "Point", "coordinates": [19.2199972, 47.510043]}}, {"type": "Feature", "properties": {"code": "Lke-1/XVI/SZ4", "reg": "xvi-kesz", "conf": 0.927}, "geometry": {"type": "Point", "coordinates": [19.2181161, 47.5093088]}}, {"type": "Feature", "properties": {"code": "Lke-1/XVI/SZ4", "reg": "xvi-kesz", "conf": 0.909}, "geometry": {"type": "Point", "coordinates": [19.2206582, 47.507815]}}, {"type": "Feature", "properties": {"code": "Lke-1/XVI/SZ1", "reg": "xvi-kesz", "conf": 0.898}, "geometry": {"type": "Point", "coordinates": [19.2211671, 47.5129839]}}, {"type": "Feature", "properties": {"code": "Lke-1/XVI/SZ1", "reg": "xvi-kesz", "conf": 0.887}, "geometry": {"type": "Point", "coordinates": [19.2294142, 47.5112095]}}, {"type": "Feature", "properties": {"code": "Lke-1/XVI/O1", "reg": "xvi-kesz", "conf": 0.872}, "geometry": {"type": "Point", "coordinates": [19.2209416, 47.5168559]}}, {"type": "Feature", "properties": {"code": "Lk-T/XVI/1", "reg": "xvi-kesz", "conf": 0.99}, "geometry": {"type": "Point", "coordinates": [19.1749581, 47.5059599]}}, {"type": "Feature", "properties": {"code": "Lke-1/XVI/SZ5", "reg": "xvi-kesz", "conf": 0.969}, "geometry": {"type": "Point", "coordinates": [19.1734373, 47.5067603]}}, {"type": "Feature", "properties": {"code": "Ln-T/XVI/1", "reg": "xvi-kesz", "conf": 0.968}, "geometry": {"type": "Point", "coordinates": [19.1587236, 47.5062857]}}, {"type": "Feature", "properties": {"code": "Lke-1/XVI/SZ4", "reg": "xvi-kesz", "conf": 0.967}, "geometry": {"type": "Point", "coordinates": [19.1791609, 47.5026597]}}, {"type": "Feature", "properties": {"code": "Lke-1/XVI/SZ5", "reg": "xvi-kesz", "conf": 0.965}, "geometry": {"type": "Point", "coordinates": [19.1741776, 47.5064351]}}, {"type": "Feature", "properties": {"code": "Lke-1/XVI/SZ5", "reg": "xvi-kesz", "conf": 0.962}, "geometry": {"type": "Point", "coordinates": [19.1709332, 47.5057853]}}, {"type": "Feature", "properties": {"code": "Lke-1/XVI/SZ4", "reg": "xvi-kesz", "conf": 0.962}, "geometry": {"type": "Point", "coordinates": [19.1806228, 47.503587]}}, {"type": "Feature", "properties": {"code": "Lke-1/XVI/SZ5", "reg": "xvi-kesz", "conf": 0.959}, "geometry": {"type": "Point", "coordinates": [19.1759929, 47.5068202]}}, {"type": "Feature", "properties": {"code": "Lke-1/XVI/SZ5", "reg": "xvi-kesz", "conf": 0.957}, "geometry": {"type": "Point", "coordinates": [19.1699722, 47.5059423]}}, {"type": "Feature", "properties": {"code": "Lke-1/XVI/O1", "reg": "xvi-kesz", "conf": 0.953}, "geometry": {"type": "Point", "coordinates": [19.1780459, 47.5020062]}}, {"type": "Feature", "properties": {"code": "Gksz-2/XVI/2", "reg": "xvi-kesz", "conf": 0.948}, "geometry": {"type": "Point", "coordinates": [19.1754035, 47.5025976]}}, {"type": "Feature", "properties": {"code": "Lke-1/XVI/SZ4", "reg": "xvi-kesz", "conf": 0.947}, "geometry": {"type": "Point", "coordinates": [19.1805419, 47.5009079]}}, {"type": "Feature", "properties": {"code": "Lke-1/XVI/O1", "reg": "xvi-kesz", "conf": 0.945}, "geometry": {"type": "Point", "coordinates": [19.180823, 47.5054898]}}, {"type": "Feature", "properties": {"code": "Lke-1/XVI/O1", "reg": "xvi-kesz", "conf": 0.943}, "geometry": {"type": "Point", "coordinates": [19.1790727, 47.5041089]}}, {"type": "Feature", "properties": {"code": "Lke-1/XVI/SZ5", "reg": "xvi-kesz", "conf": 0.941}, "geometry": {"type": "Point", "coordinates": [19.1807134, 47.5017013]}}, {"type": "Feature", "properties": {"code": "Vi-2/XVI/SZ1", "reg": "xvi-kesz", "conf": 0.938}, "geometry": {"type": "Point", "coordinates": [19.1697434, 47.5065629]}}, {"type": "Feature", "properties": {"code": "Ln-T/XVI/INT", "reg": "xvi-kesz", "conf": 0.937}, "geometry": {"type": "Point", "coordinates": [19.1582724, 47.506762]}}, {"type": "Feature", "properties": {"code": "Lk-T/XVI/1", "reg": "xvi-kesz", "conf": 0.937}, "geometry": {"type": "Point", "coordinates": [19.1733802, 47.5056759]}}, {"type": "Feature", "properties": {"code": "Gksz-2/XVI/2", "reg": "xvi-kesz", "conf": 0.937}, "geometry": {"type": "Point", "coordinates": [19.1775281, 47.5032862]}}, {"type": "Feature", "properties": {"code": "Gksz-2/XVI/2", "reg": "xvi-kesz", "conf": 0.934}, "geometry": {"type": "Point", "coordinates": [19.1728429, 47.5027207]}}, {"type": "Feature", "properties": {"code": "Lke-1/XVI/KK", "reg": "xvi-kesz", "conf": 0.933}, "geometry": {"type": "Point", "coordinates": [19.1794456, 47.5049136]}}, {"type": "Feature", "properties": {"code": "Lke-1/XVI/O1", "reg": "xvi-kesz", "conf": 0.93}, "geometry": {"type": "Point", "coordinates": [19.1693469, 47.5050898]}}, {"type": "Feature", "properties": {"code": "Gksz-2/XVI/2", "reg": "xvi-kesz", "conf": 0.93}, "geometry": {"type": "Point", "coordinates": [19.1743825, 47.5035548]}}, {"type": "Feature", "properties": {"code": "Vi-2/XVI/SZ1", "reg": "xvi-kesz", "conf": 0.919}, "geometry": {"type": "Point", "coordinates": [19.1685901, 47.5067972]}}, {"type": "Feature", "properties": {"code": "Lke-1/XVI/O1", "reg": "xvi-kesz", "conf": 0.917}, "geometry": {"type": "Point", "coordinates": [19.180069, 47.5047635]}}, {"type": "Feature", "properties": {"code": "Lke-1/XVI/SZ4", "reg": "xvi-kesz", "conf": 0.917}, "geometry": {"type": "Point", "coordinates": [19.1798112, 47.5030404]}}, {"type": "Feature", "properties": {"code": "Lke-1/XVI/O1", "reg": "xvi-kesz", "conf": 0.915}, "geometry": {"type": "Point", "coordinates": [19.1803938, 47.506814]}}, {"type": "Feature", "properties": {"code": "Gksz-2/XVI/2", "reg": "xvi-kesz", "conf": 0.913}, "geometry": {"type": "Point", "coordinates": [19.1718706, 47.5045201]}}, {"type": "Feature", "properties": {"code": "Lke-1/XVI/SZ5", "reg": "xvi-kesz", "conf": 0.91}, "geometry": {"type": "Point", "coordinates": [19.1709368, 47.5066094]}}, {"type": "Feature", "properties": {"code": "Lke-1/XVI/SZ5", "reg": "xvi-kesz", "conf": 0.899}, "geometry": {"type": "Point", "coordinates": [19.1718609, 47.5060205]}}, {"type": "Feature", "properties": {"code": "Lke-1/XVI/SZ4", "reg": "xvi-kesz", "conf": 0.898}, "geometry": {"type": "Point", "coordinates": [19.1806919, 47.5025572]}}, {"type": "Feature", "properties": {"code": "Lke-1/XVI/O1", "reg": "xvi-kesz", "conf": 0.896}, "geometry": {"type": "Point", "coordinates": [19.1707356, 47.5040815]}}, {"type": "Feature", "properties": {"code": "Lke-1/XVI/O1", "reg": "xvi-kesz", "conf": 0.894}, "geometry": {"type": "Point", "coordinates": [19.1707406, 47.5040803]}}, {"type": "Feature", "properties": {"code": "Lke-1/XVI/O1", "reg": "xvi-kesz", "conf": 0.888}, "geometry": {"type": "Point", "coordinates": [19.1813208, 47.5043292]}}, {"type": "Feature", "properties": {"code": "Lke-1/XVI/SZ1", "reg": "xvi-kesz", "conf": 0.883}, "geometry": {"type": "Point", "coordinates": [19.1635073, 47.5066023]}}, {"type": "Feature", "properties": {"code": "Lke-1/XVI/O1", "reg": "xvi-kesz", "conf": 0.879}, "geometry": {"type": "Point", "coordinates": [19.1773768, 47.5068076]}}, {"type": "Feature", "properties": {"code": "Lke-1/XVI/O1", "reg": "xvi-kesz", "conf": 0.876}, "geometry": {"type": "Point", "coordinates": [19.1789062, 47.5068028]}}, {"type": "Feature", "properties": {"code": "Lke-1/XVI/O1", "reg": "xvi-kesz", "conf": 0.874}, "geometry": {"type": "Point", "coordinates": [19.1790676, 47.5041078]}}, {"type": "Feature", "properties": {"code": "Lke-1/XVI/SZ5", "reg": "xvi-kesz", "conf": 0.872}, "geometry": {"type": "Point", "coordinates": [19.1772744, 47.504923]}}, {"type": "Feature", "properties": {"code": "Lke-1/XVI/INT", "reg": "xvi-kesz", "conf": 0.991}, "geometry": {"type": "Point", "coordinates": [19.1875864, 47.5068075]}}, {"type": "Feature", "properties": {"code": "Lke-1/XVI/SZ1", "reg": "xvi-kesz", "conf": 0.991}, "geometry": {"type": "Point", "coordinates": [19.2067762, 47.5067645]}}, {"type": "Feature", "properties": {"code": "Ln-T/XVI/T", "reg": "xvi-kesz", "conf": 0.989}, "geometry": {"type": "Point", "coordinates": [19.2008178, 47.5059284]}}, {"type": "Feature", "properties": {"code": "Lke-1/XVI/SZ5", "reg": "xvi-kesz", "conf": 0.986}, "geometry": {"type": "Point", "coordinates": [19.1823028, 47.506796]}}, {"type": "Feature", "properties": {"code": "Lke-1/XVI/SZ3", "reg": "xvi-kesz", "conf": 0.983}, "geometry": {"type": "Point", "coordinates": [19.1882977, 47.5054238]}}, {"type": "Feature", "properties": {"code": "Lke-1/XVI/SZ4", "reg": "xvi-kesz", "conf": 0.983}, "geometry": {"type": "Point", "coordinates": [19.1837377, 47.5016532]}}, {"type": "Feature", "properties": {"code": "Vi-2/XVI/V", "reg": "xvi-kesz", "conf": 0.983}, "geometry": {"type": "Point", "coordinates": [19.1984771, 47.4991584]}}, {"type": "Feature", "properties": {"code": "Lke-1/XVI/SZ3", "reg": "xvi-kesz", "conf": 0.978}, "geometry": {"type": "Point", "coordinates": [19.1891258, 47.5066222]}}, {"type": "Feature", "properties": {"code": "K-Hon/XVI/1", "reg": "xvi-kesz", "conf": 0.977}, "geometry": {"type": "Point", "coordinates": [19.1926923, 47.5013955]}}, {"type": "Feature", "properties": {"code": "Lke-1/XVI/SZ3", "reg": "xvi-kesz", "conf": 0.972}, "geometry": {"type": "Point", "coordinates": [19.1839149, 47.5032187]}}, {"type": "Feature", "properties": {"code": "Lke-1/XVI/SZ4", "reg": "xvi-kesz", "conf": 0.971}, "geometry": {"type": "Point", "coordinates": [19.1817846, 47.5015833]}}, {"type": "Feature", "properties": {"code": "K-Hon/XVI/2", "reg": "xvi-kesz", "conf": 0.969}, "geometry": {"type": "Point", "coordinates": [19.1929312, 47.5055307]}}, {"type": "Feature", "properties": {"code": "Lke-1/XVI/SZ3", "reg": "xvi-kesz", "conf": 0.965}, "geometry": {"type": "Point", "coordinates": [19.1880774, 47.5029283]}}, {"type": "Feature", "properties": {"code": "Lke-1/XVI/SZ7", "reg": "xvi-kesz", "conf": 0.965}, "geometry": {"type": "Point", "coordinates": [19.1897582, 47.4994145]}}, {"type": "Feature", "properties": {"code": "Lke-1/XVI/SZ3", "reg": "xvi-kesz", "conf": 0.963}, "geometry": {"type": "Point", "coordinates": [19.1878726, 47.5037507]}}, {"type": "Feature", "properties": {"code": "Lke-1/XVI/SZ4", "reg": "xvi-kesz", "conf": 0.962}, "geometry": {"type": "Point", "coordinates": [19.1866384, 47.5015762]}}, {"type": "Feature", "properties": {"code": "Gksz-2/XVI/1", "reg": "xvi-kesz", "conf": 0.96}, "geometry": {"type": "Point", "coordinates": [19.1950423, 47.5032375]}}, {"type": "Feature", "properties": {"code": "Lke-1/XVI/SZ4", "reg": "xvi-kesz", "conf": 0.959}, "geometry": {"type": "Point", "coordinates": [19.1823179, 47.5031437]}}, {"type": "Feature", "properties": {"code": "Lke-1/XVI/SZ3", "reg": "xvi-kesz", "conf": 0.958}, "geometry": {"type": "Point", "coordinates": [19.1896775, 47.5055628]}}, {"type": "Feature", "properties": {"code": "Lke-1/XVI/SZ4", "reg": "xvi-kesz", "conf": 0.958}, "geometry": {"type": "Point", "coordinates": [19.182508, 47.5008852]}}, {"type": "Feature", "properties": {"code": "Lke-1/XVI/INT", "reg": "xvi-kesz", "conf": 0.957}, "geometry": {"type": "Point", "coordinates": [19.1818436, 47.5059484]}}, {"type": "Feature", "properties": {"code": "Lke-1/XVI/SZ3", "reg": "xvi-kesz", "conf": 0.957}, "geometry": {"type": "Point", "coordinates": [19.1902965, 47.5067205]}}, {"type": "Feature", "properties": {"code": "Lke-1/XVI/SZ1", "reg": "xvi-kesz", "conf": 0.956}, "geometry": {"type": "Point", "coordinates": [19.2059362, 47.506295]}}, {"type": "Feature", "properties": {"code": "Lke-1/XVI/SZ4", "reg": "xvi-kesz", "conf": 0.954}, "geometry": {"type": "Point", "coordinates": [19.1853495, 47.5016315]}}, {"type": "Feature", "properties": {"code": "Lke-1/XVI/SZ4", "reg": "xvi-kesz", "conf": 0.953}, "geometry": {"type": "Point", "coordinates": [19.1883013, 47.5002843]}}, {"type": "Feature", "properties": {"code": "Lke-1/XVI/SZ3", "reg": "xvi-kesz", "conf": 0.952}, "geometry": {"type": "Point", "coordinates": [19.1858371, 47.5035388]}}, {"type": "Feature", "properties": {"code": "Lke-1/XVI/SZ5", "reg": "xvi-kesz", "conf": 0.949}, "geometry": {"type": "Point", "coordinates": [19.1828377, 47.5056911]}}, {"type": "Feature", "properties": {"code": "Gksz-1/XVI/1", "reg": "xvi-kesz", "conf": 0.945}, "geometry": {"type": "Point", "coordinates": [19.1982237, 47.505167]}}, {"type": "Feature", "properties": {"code": "Lke-1/XVI/O1", "reg": "xvi-kesz", "conf": 0.945}, "geometry": {"type": "Point", "coordinates": [19.1817762, 47.503688]}}, {"type": "Feature", "properties": {"code": "Lke-1/XVI/SZ7", "reg": "xvi-kesz", "conf": 0.944}, "geometry": {"type": "Point", "coordinates": [19.2041676, 47.5045874]}}, {"type": "Feature", "properties": {"code": "Ln-3/XVI/1", "reg": "xvi-kesz", "conf": 0.943}, "geometry": {"type": "Point", "coordinates": [19.1982387, 47.503052]}}, {"type": "Feature", "properties": {"code": "Lke-1/XVI/SZ5", "reg": "xvi-kesz", "conf": 0.941}, "geometry": {"type": "Point", "coordinates": [19.1824967, 47.5046705]}}, {"type": "Feature", "properties": {"code": "Lke-1/XVI/SZ3", "reg": "xvi-kesz", "conf": 0.94}, "geometry": {"type": "Point", "coordinates": [19.1858494, 47.5047782]}}, {"type": "Feature", "properties": {"code": "Lke-1/XVI/SZ3", "reg": "xvi-kesz", "conf": 0.94}, "geometry": {"type": "Point", "coordinates": [19.1860649, 47.5026231]}}, {"type": "Feature", "properties": {"code": "Lke-1/XVI/SZ7", "reg": "xvi-kesz", "conf": 0.937}, "geometry": {"type": "Point", "coordinates": [19.2054299, 47.502217]}}, {"type": "Feature", "properties": {"code": "Lke-1/XVI/SZ3", "reg": "xvi-kesz", "conf": 0.931}, "geometry": {"type": "Point", "coordinates": [19.1834563, 47.5067431]}}, {"type": "Feature", "properties": {"code": "Lke-1/XVI/SZ3", "reg": "xvi-kesz", "conf": 0.928}, "geometry": {"type": "Point", "coordinates": [19.1848041, 47.5067935]}}, {"type": "Feature", "properties": {"code": "Gksz-1/XVI/1", "reg": "xvi-kesz", "conf": 0.927}, "geometry": {"type": "Point", "coordinates": [19.1998361, 47.504305]}}, {"type": "Feature", "properties": {"code": "Ln-T/XVI/1", "reg": "xvi-kesz", "conf": 0.924}, "geometry": {"type": "Point", "coordinates": [19.2010211, 47.506773]}}, {"type": "Feature", "properties": {"code": "Lke-1/XVI/SZ4", "reg": "xvi-kesz", "conf": 0.918}, "geometry": {"type": "Point", "coordinates": [19.182508, 47.5008852]}}, {"type": "Feature", "properties": {"code": "Lke-1/XVI/SZ3", "reg": "xvi-kesz", "conf": 0.916}, "geometry": {"type": "Point", "coordinates": [19.1870092, 47.505113]}}, {"type": "Feature", "properties": {"code": "Lk-2/XVI/SZ3", "reg": "xvi-kesz", "conf": 0.913}, "geometry": {"type": "Point", "coordinates": [19.1966599, 47.5055536]}}, {"type": "Feature", "properties": {"code": "Gksz-1/XVI/3", "reg": "xvi-kesz", "conf": 0.912}, "geometry": {"type": "Point", "coordinates": [19.201343, 47.5044324]}}, {"type": "Feature", "properties": {"code": "Lke-1/XVI/SZ4", "reg": "xvi-kesz", "conf": 0.908}, "geometry": {"type": "Point", "coordinates": [19.1881268, 47.501118]}}, {"type": "Feature", "properties": {"code": "Lke-1/XVI/KK", "reg": "xvi-kesz", "conf": 0.902}, "geometry": {"type": "Point", "coordinates": [19.1882299, 47.499385]}}, {"type": "Feature", "properties": {"code": "Lke-1/XVI/SZ4", "reg": "xvi-kesz", "conf": 0.892}, "geometry": {"type": "Point", "coordinates": [19.20658, 47.5042359]}}, {"type": "Feature", "properties": {"code": "Lke-1/XVI/SZ4", "reg": "xvi-kesz", "conf": 0.891}, "geometry": {"type": "Point", "coordinates": [19.2045686, 47.5052861]}}, {"type": "Feature", "properties": {"code": "Lke-1/XVI/SZ4", "reg": "xvi-kesz", "conf": 0.882}, "geometry": {"type": "Point", "coordinates": [19.2051879, 47.5057582]}}, {"type": "Feature", "properties": {"code": "Lke-1/XVI/SZ4", "reg": "xvi-kesz", "conf": 0.871}, "geometry": {"type": "Point", "coordinates": [19.2059167, 47.5038696]}}, {"type": "Feature", "properties": {"code": "Gksz-2/XVI/2", "reg": "xvi-kesz", "conf": 0.985}, "geometry": {"type": "Point", "coordinates": [19.2188299, 47.5040837]}}, {"type": "Feature", "properties": {"code": "Lke-1/XVI/SZ4", "reg": "xvi-kesz", "conf": 0.979}, "geometry": {"type": "Point", "coordinates": [19.2183879, 47.5067588]}}, {"type": "Feature", "properties": {"code": "Lke-1/XVI/SZ4", "reg": "xvi-kesz", "conf": 0.975}, "geometry": {"type": "Point", "coordinates": [19.2099244, 47.505632]}}, {"type": "Feature", "properties": {"code": "Lke-1/XVI/SZ1", "reg": "xvi-kesz", "conf": 0.973}, "geometry": {"type": "Point", "coordinates": [19.2084944, 47.5067554]}}, {"type": "Feature", "properties": {"code": "Lke-1/XVI/SZ4", "reg": "xvi-kesz", "conf": 0.973}, "geometry": {"type": "Point", "coordinates": [19.2198312, 47.5063834]}}, {"type": "Feature", "properties": {"code": "Lke-1/XVI/SZ4", "reg": "xvi-kesz", "conf": 0.972}, "geometry": {"type": "Point", "coordinates": [19.2108687, 47.503361]}}, {"type": "Feature", "properties": {"code": "Lke-1/XVI/SZ4", "reg": "xvi-kesz", "conf": 0.96}, "geometry": {"type": "Point", "coordinates": [19.2179785, 47.5060715]}}, {"type": "Feature", "properties": {"code": "Gksz-2/XVI/3", "reg": "xvi-kesz", "conf": 0.953}, "geometry": {"type": "Point", "coordinates": [19.2310837, 47.498158]}}, {"type": "Feature", "properties": {"code": "Lke-1/XVI/SZ5", "reg": "xvi-kesz", "conf": 0.952}, "geometry": {"type": "Point", "coordinates": [19.2101888, 47.5065502]}}, {"type": "Feature", "properties": {"code": "Lke-1/XVI/SZ4", "reg": "xvi-kesz", "conf": 0.948}, "geometry": {"type": "Point", "coordinates": [19.2090259, 47.5029878]}}, {"type": "Feature", "properties": {"code": "Lke-1/XVI/SZ4", "reg": "xvi-kesz", "conf": 0.946}, "geometry": {"type": "Point", "coordinates": [19.2115431, 47.5037377]}}, {"type": "Feature", "properties": {"code": "Vi-3/XVI/SZ2", "reg": "xvi-kesz", "conf": 0.945}, "geometry": {"type": "Point", "coordinates": [19.2144558, 47.5019274]}}, {"type": "Feature", "properties": {"code": "Lke-1/XVI/SZ4", "reg": "xvi-kesz", "conf": 0.943}, "geometry": {"type": "Point", "coordinates": [19.2160271, 47.5057064]}}, {"type": "Feature", "properties": {"code": "Lke-1/XVI/SZ4", "reg": "xvi-kesz", "conf": 0.939}, "geometry": {"type": "Point", "coordinates": [19.2141506, 47.5052127]}}, {"type": "Feature", "properties": {"code": "Vi-3/XVI/SZ1", "reg": "xvi-kesz", "conf": 0.933}, "geometry": {"type": "Point", "coordinates": [19.2140008, 47.5025019]}}, {"type": "Feature", "properties": {"code": "Lke-1/XVI/CS2", "reg": "xvi-kesz", "conf": 0.932}, "geometry": {"type": "Point", "coordinates": [19.2093948, 47.5005106]}}, {"type": "Feature", "properties": {"code": "Lke-1/XVI/SZ7", "reg": "xvi-kesz", "conf": 0.925}, "geometry": {"type": "Point", "coordinates": [19.2098087, 47.5009728]}}, {"type": "Feature", "properties": {"code": "Lke-1/XVI/O1", "reg": "xvi-kesz", "conf": 0.922}, "geometry": {"type": "Point", "coordinates": [19.2126322, 47.5041401]}}, {"type": "Feature", "properties": {"code": "Lke-1/XVI/SZ7", "reg": "xvi-kesz", "conf": 0.922}, "geometry": {"type": "Point", "coordinates": [19.2126151, 47.5017463]}}, {"type": "Feature", "properties": {"code": "Lke-1/XVI/SZ4", "reg": "xvi-kesz", "conf": 0.918}, "geometry": {"type": "Point", "coordinates": [19.2083263, 47.5048391]}}, {"type": "Feature", "properties": {"code": "Lke-1/XVI/SZ5", "reg": "xvi-kesz", "conf": 0.905}, "geometry": {"type": "Point", "coordinates": [19.2131132, 47.5062209]}}, {"type": "Feature", "properties": {"code": "Lke-1/XVI/SZ4", "reg": "xvi-kesz", "conf": 0.898}, "geometry": {"type": "Point", "coordinates": [19.2078333, 47.5041189]}}, {"type": "Feature", "properties": {"code": "Lke-1/XVI/SZ4", "reg": "xvi-kesz", "conf": 0.886}, "geometry": {"type": "Point", "coordinates": [19.2089924, 47.5051874]}}, {"type": "Feature", "properties": {"code": "Lke-1/XVI/SZ7", "reg": "xvi-kesz", "conf": 0.886}, "geometry": {"type": "Point", "coordinates": [19.2091999, 47.5015736]}}, {"type": "Feature", "properties": {"code": "Lke-1/XVI/SZ4", "reg": "xvi-kesz", "conf": 0.862}, "geometry": {"type": "Point", "coordinates": [19.2149855, 47.5055722]}}]}