{"type": "FeatureCollection", "features": [{"type": "Feature", "properties": {"code": "Ln-T/9", "reg": "xiv-kesz", "conf": 1.0}, "geometry": {"type": "Point", "coordinates": [19.1074667, 47.5368471]}}, {"type": "Feature", "properties": {"code": "Vi-2/21", "reg": "xiv-kesz", "conf": 1.0}, "geometry": {"type": "Point", "coordinates": [19.1054752, 47.5380624]}}, {"type": "Feature", "properties": {"code": "Gksz-2/8", "reg": "xiv-kesz", "conf": 1.0}, "geometry": {"type": "Point", "coordinates": [19.1029171, 47.5395566]}}, {"type": "Feature", "properties": {"code": "Gksz-1/1", "reg": "xiv-kesz", "conf": 1.0}, "geometry": {"type": "Point", "coordinates": [19.1080413, 47.5379935]}}, {"type": "Feature", "properties": {"code": "Vi-2/3", "reg": "xiv-kesz", "conf": 1.0}, "geometry": {"type": "Point", "coordinates": [19.1033099, 47.5376591]}}, {"type": "Feature", "properties": {"code": "Kt-Zkk-3", "reg": "xiv-kesz", "conf": 1.0}, "geometry": {"type": "Point", "coordinates": [19.107582, 47.5373246]}}, {"type": "Feature", "properties": {"code": "Ln-T/1", "reg": "xiv-kesz", "conf": 1.0}, "geometry": {"type": "Point", "coordinates": [19.1063542, 47.536962]}}, {"type": "Feature", "properties": {"code": "Kt-Kk", "reg": "xiv-kesz", "conf": 1.0}, "geometry": {"type": "Point", "coordinates": [19.1055474, 47.5390535]}}, {"type": "Feature", "properties": {"code": "Lke-1/1", "reg": "xiv-kesz", "conf": 1.0}, "geometry": {"type": "Point", "coordinates": [19.1092145, 47.5369761]}}, {"type": "Feature", "properties": {"code": "Ln-T/1", "reg": "xiv-kesz", "conf": 1.0}, "geometry": {"type": "Point", "coordinates": [19.107664, 47.537514]}}, {"type": "Feature", "properties": {"code": "Kt-Kk", "reg": "xiv-kesz", "conf": 1.0}, "geometry": {"type": "Point", "coordinates": [19.1043345, 47.5366253]}}, {"type": "Feature", "properties": {"code": "Ln-T/1", "reg": "xiv-kesz", "conf": 1.0}, "geometry": {"type": "Point", "coordinates": [19.1070881, 47.5375416]}}, {"type": "Feature", "properties": {"code": "Kt-Kk", "reg": "xiv-kesz", "conf": 1.0}, "geometry": {"type": "Point", "coordinates": [19.1028192, 47.5387731]}}, {"type": "Feature", "properties": {"code": "Kt-Kk", "reg": "xiv-kesz", "conf": 1.0}, "geometry": {"type": "Point", "coordinates": [19.1080944, 47.5385075]}}, {"type": "Feature", "properties": {"code": "Gksz-2/8", "reg": "xiv-kesz", "conf": 1.0}, "geometry": {"type": "Point", "coordinates": [19.1046329, 47.5397934]}}, {"type": "Feature", "properties": {"code": "Kt-Kk", "reg": "xiv-kesz", "conf": 1.0}, "geometry": {"type": "Point", "coordinates": [19.1060891, 47.536813]}}, {"type": "Feature", "properties": {"code": "Vi-2/3", "reg": "xiv-kesz", "conf": 1.0}, "geometry": {"type": "Point", "coordinates": [19.1025921, 47.5382856]}}, {"type": "Feature", "properties": {"code": "KÖk", "reg": "xiv-kesz", "conf": 1.0}, "geometry": {"type": "Point", "coordinates": [19.1071302, 47.5391378]}}, {"type": "Feature", "properties": {"code": "Ln-T/1", "reg": "xiv-kesz", "conf": 1.0}, "geometry": {"type": "Point", "coordinates": [19.1079403, 47.5371872]}}, {"type": "Feature", "properties": {"code": "Kt-Kk", "reg": "xiv-kesz", "conf": 1.0}, "geometry": {"type": "Point", "coordinates": [19.1073627, 47.5377988]}}, {"type": "Feature", "properties": {"code": "Ln-T/1", "reg": "xiv-kesz", "conf": 1.0}, "geometry": {"type": "Point", "coordinates": [19.1066942, 47.5372585]}}, {"type": "Feature", "properties": {"code": "Lke-1/1", "reg": "xiv-kesz", "conf": 1.0}, "geometry": {"type": "Point", "coordinates": [19.1101258, 47.5369785]}}, {"type": "Feature", "properties": {"code": "Ln-T/4", "reg": "xiv-kesz", "conf": 1.0}, "geometry": {"type": "Point", "coordinates": [19.1011615, 47.5293825]}}, {"type": "Feature", "properties": {"code": "Vi-3/3", "reg": "xiv-kesz", "conf": 1.0}, "geometry": {"type": "Point", "coordinates": [19.1032581, 47.5316792]}}, {"type": "Feature", "properties": {"code": "Ln-T/3", "reg": "xiv-kesz", "conf": 1.0}, "geometry": {"type": "Point", "coordinates": [19.1015664, 47.5291889]}}, {"type": "Feature", "properties": {"code": "Vi-2/16", "reg": "xiv-kesz", "conf": 1.0}, "geometry": {"type": "Point", "coordinates": [19.0891366, 47.5287044]}}, {"type": "Feature", "properties": {"code": "Kt-Zkk-2", "reg": "xiv-kesz", "conf": 1.0}, "geometry": {"type": "Point", "coordinates": [19.0921753, 47.52705]}}, {"type": "Feature", "properties": {"code": "Zkp/Kk-1", "reg": "xiv-kesz", "conf": 1.0}, "geometry": {"type": "Point", "coordinates": [19.092441, 47.5355003]}}, {"type": "Feature", "properties": {"code": "Gksz-1/8", "reg": "xiv-kesz", "conf": 1.0}, "geometry": {"type": "Point", "coordinates": [19.0995378, 47.5353728]}}, {"type": "Feature", "properties": {"code": "Gksz-1/9", "reg": "xiv-kesz", "conf": 1.0}, "geometry": {"type": "Point", "coordinates": [19.0959345, 47.5286189]}}, {"type": "Feature", "properties": {"code": "Vi-2/3", "reg": "xiv-kesz", "conf": 1.0}, "geometry": {"type": "Point", "coordinates": [19.103269, 47.535811]}}, {"type": "Feature", "properties": {"code": "Ln-T/1", "reg": "xiv-kesz", "conf": 1.0}, "geometry": {"type": "Point", "coordinates": [19.1013793, 47.5282742]}}, {"type": "Feature", "properties": {"code": "Gksz-1/8", "reg": "xiv-kesz", "conf": 1.0}, "geometry": {"type": "Point", "coordinates": [19.0878426, 47.5277822]}}, {"type": "Feature", "properties": {"code": "KÖk", "reg": "xiv-kesz", "conf": 1.0}, "geometry": {"type": "Point", "coordinates": [19.0969334, 47.5350223]}}, {"type": "Feature", "properties": {"code": "Kt-Zkp-1", "reg": "xiv-kesz", "conf": 1.0}, "geometry": {"type": "Point", "coordinates": [19.1004037, 47.5281991]}}, {"type": "Feature", "properties": {"code": "Ln-T/1", "reg": "xiv-kesz", "conf": 1.0}, "geometry": {"type": "Point", "coordinates": [19.1016644, 47.5299181]}}, {"type": "Feature", "properties": {"code": "Ln-T/1", "reg": "xiv-kesz", "conf": 1.0}, "geometry": {"type": "Point", "coordinates": [19.1006333, 47.5296624]}}, {"type": "Feature", "properties": {"code": "Ln-T/1", "reg": "xiv-kesz", "conf": 1.0}, "geometry": {"type": "Point", "coordinates": [19.1030291, 47.5326897]}}, {"type": "Feature", "properties": {"code": "Gksz-1/8", "reg": "xiv-kesz", "conf": 1.0}, "geometry": {"type": "Point", "coordinates": [19.0946034, 47.5290806]}}, {"type": "Feature", "properties": {"code": "Zkp/Kk-1", "reg": "xiv-kesz", "conf": 1.0}, "geometry": {"type": "Point", "coordinates": [19.0927545, 47.5315054]}}, {"type": "Feature", "properties": {"code": "Ln-T/8", "reg": "xiv-kesz", "conf": 1.0}, "geometry": {"type": "Point", "coordinates": [19.1007448, 47.5278375]}}, {"type": "Feature", "properties": {"code": "Vi-2/3", "reg": "xiv-kesz", "conf": 1.0}, "geometry": {"type": "Point", "coordinates": [19.0968025, 47.5279334]}}, {"type": "Feature", "properties": {"code": "Kt-Kk", "reg": "xiv-kesz", "conf": 1.0}, "geometry": {"type": "Point", "coordinates": [19.0991729, 47.5322247]}}, {"type": "Feature", "properties": {"code": "Gksz-1/8", "reg": "xiv-kesz", "conf": 1.0}, "geometry": {"type": "Point", "coordinates": [19.0930625, 47.5331394]}}, {"type": "Feature", "properties": {"code": "Vi-2/3", "reg": "xiv-kesz", "conf": 1.0}, "geometry": {"type": "Point", "coordinates": [19.1013075, 47.5361044]}}, {"type": "Feature", "properties": {"code": "Kt-Kk", "reg": "xiv-kesz", "conf": 1.0}, "geometry": {"type": "Point", "coordinates": [19.1024902, 47.5351712]}}, {"type": "Feature", "properties": {"code": "Gksz-1/8", "reg": "xiv-kesz", "conf": 1.0}, "geometry": {"type": "Point", "coordinates": [19.0952801, 47.5360567]}}, {"type": "Feature", "properties": {"code": "Lk-1/3", "reg": "xiv-kesz", "conf": 1.0}, "geometry": {"type": "Point", "coordinates": [19.1017703, 47.5274078]}}, {"type": "Feature", "properties": {"code": "Kt-Zkk-2", "reg": "xiv-kesz", "conf": 1.0}, "geometry": {"type": "Point", "coordinates": [19.0982445, 47.5329764]}}, {"type": "Feature", "properties": {"code": "Kt-Kk", "reg": "xiv-kesz", "conf": 1.0}, "geometry": {"type": "Point", "coordinates": [19.1016495, 47.5312554]}}, {"type": "Feature", "properties": {"code": "Vi-2/3", "reg": "xiv-kesz", "conf": 1.0}, "geometry": {"type": "Point", "coordinates": [19.100295, 47.5345606]}}, {"type": "Feature", "properties": {"code": "Kt-Kk", "reg": "xiv-kesz", "conf": 1.0}, "geometry": {"type": "Point", "coordinates": [19.1017592, 47.5316298]}}, {"type": "Feature", "properties": {"code": "Zkp/Kp-1", "reg": "xiv-kesz", "conf": 1.0}, "geometry": {"type": "Point", "coordinates": [19.099152, 47.5327771]}}, {"type": "Feature", "properties": {"code": "Ln-T/1", "reg": "xiv-kesz", "conf": 1.0}, "geometry": {"type": "Point", "coordinates": [19.1035385, 47.5324852]}}, {"type": "Feature", "properties": {"code": "Vi-2/3", "reg": "xiv-kesz", "conf": 1.0}, "geometry": {"type": "Point", "coordinates": [19.0984076, 47.5315937]}}, {"type": "Feature", "properties": {"code": "Vi-2/3", "reg": "xiv-kesz", "conf": 1.0}, "geometry": {"type": "Point", "coordinates": [19.1022938, 47.534542]}}, {"type": "Feature", "properties": {"code": "Ln-T/1", "reg": "xiv-kesz", "conf": 1.0}, "geometry": {"type": "Point", "coordinates": [19.100728, 47.5284362]}}, {"type": "Feature", "properties": {"code": "Ln-T/1", "reg": "xiv-kesz", "conf": 1.0}, "geometry": {"type": "Point", "coordinates": [19.1022295, 47.5305438]}}, {"type": "Feature", "properties": {"code": "Lk-1/3", "reg": "xiv-kesz", "conf": 1.0}, "geometry": {"type": "Point", "coordinates": [19.1021482, 47.5281341]}}, {"type": "Feature", "properties": {"code": "Kt-Kk", "reg": "xiv-kesz", "conf": 1.0}, "geometry": {"type": "Point", "coordinates": [19.1025898, 47.5326299]}}, {"type": "Feature", "properties": {"code": "Kt-Kk", "reg": "xiv-kesz", "conf": 1.0}, "geometry": {"type": "Point", "coordinates": [19.0960457, 47.5290648]}}, {"type": "Feature", "properties": {"code": "Vi-2/3", "reg": "xiv-kesz", "conf": 1.0}, "geometry": {"type": "Point", "coordinates": [19.0992136, 47.5313381]}}, {"type": "Feature", "properties": {"code": "Vi-2/3", "reg": "xiv-kesz", "conf": 1.0}, "geometry": {"type": "Point", "coordinates": [19.0977966, 47.5279893]}}, {"type": "Feature", "properties": {"code": "Kt-Zkk-2", "reg": "xiv-kesz", "conf": 1.0}, "geometry": {"type": "Point", "coordinates": [19.0904792, 47.528758]}}, {"type": "Feature", "properties": {"code": "Lk-1/3", "reg": "xiv-kesz", "conf": 1.0}, "geometry": {"type": "Point", "coordinates": [19.102716, 47.527908]}}, {"type": "Feature", "properties": {"code": "KÖk", "reg": "xiv-kesz", "conf": 1.0}, "geometry": {"type": "Point", "coordinates": [19.0938138, 47.5362266]}}, {"type": "Feature", "properties": {"code": "Vi-2/3", "reg": "xiv-kesz", "conf": 1.0}, "geometry": {"type": "Point", "coordinates": [19.0973253, 47.527235]}}, {"type": "Feature", "properties": {"code": "Zkp/Kk-1", "reg": "xiv-kesz", "conf": 1.0}, "geometry": {"type": "Point", "coordinates": [19.094169, 47.5350529]}}, {"type": "Feature", "properties": {"code": "Vi-2/3", "reg": "xiv-kesz", "conf": 1.0}, "geometry": {"type": "Point", "coordinates": [19.0980625, 47.5294919]}}, {"type": "Feature", "properties": {"code": "Ln-T/1", "reg": "xiv-kesz", "conf": 1.0}, "geometry": {"type": "Point", "coordinates": [19.1000482, 47.5279155]}}, {"type": "Feature", "properties": {"code": "Ln-T/1", "reg": "xiv-kesz", "conf": 1.0}, "geometry": {"type": "Point", "coordinates": [19.1013394, 47.5306039]}}, {"type": "Feature", "properties": {"code": "Lk-1/3", "reg": "xiv-kesz", "conf": 1.0}, "geometry": {"type": "Point", "coordinates": [19.1032297, 47.5295171]}}, {"type": "Feature", "properties": {"code": "Ln-T/1", "reg": "xiv-kesz", "conf": 1.0}, "geometry": {"type": "Point", "coordinates": [19.09913, 47.5271828]}}, {"type": "Feature", "properties": {"code": "Lk-1/3", "reg": "xiv-kesz", "conf": 1.0}, "geometry": {"type": "Point", "coordinates": [19.1032348, 47.5273288]}}, {"type": "Feature", "properties": {"code": "KÖk", "reg": "xiv-kesz", "conf": 1.0}, "geometry": {"type": "Point", "coordinates": [19.0922119, 47.5290401]}}, {"type": "Feature", "properties": {"code": "Ln-T/8", "reg": "xiv-kesz", "conf": 1.0}, "geometry": {"type": "Point", "coordinates": [19.1022592, 47.5299352]}}, {"type": "Feature", "properties": {"code": "Gksz-1/8", "reg": "xiv-kesz", "conf": 1.0}, "geometry": {"type": "Point", "coordinates": [19.0906865, 47.5323434]}}, {"type": "Feature", "properties": {"code": "Vi-2/3", "reg": "xiv-kesz", "conf": 1.0}, "geometry": {"type": "Point", "coordinates": [19.0972257, 47.5298883]}}, {"type": "Feature", "properties": {"code": "Kt-Kk", "reg": "xiv-kesz", "conf": 1.0}, "geometry": {"type": "Point", "coordinates": [19.0948428, 47.5270968]}}, {"type": "Feature", "properties": {"code": "Kt-Kk", "reg": "xiv-kesz", "conf": 1.0}, "geometry": {"type": "Point", "coordinates": [19.1000911, 47.5316874]}}, {"type": "Feature", "properties": {"code": "Vi-2/3", "reg": "xiv-kesz", "conf": 1.0}, "geometry": {"type": "Point", "coordinates": [19.0961867, 47.5270571]}}, {"type": "Feature", "properties": {"code": "Kt-Zkk-2", "reg": "xiv-kesz", "conf": 1.0}, "geometry": {"type": "Point", "coordinates": [19.0947176, 47.5300376]}}, {"type": "Feature", "properties": {"code": "Zkp/Kp-1", "reg": "xiv-kesz", "conf": 1.0}, "geometry": {"type": "Point", "coordinates": [19.0999898, 47.5322508]}}, {"type": "Feature", "properties": {"code": "Kt-Kk", "reg": "xiv-kesz", "conf": 1.0}, "geometry": {"type": "Point", "coordinates": [19.0916659, 47.5356511]}}, {"type": "Feature", "properties": {"code": "Vi-2/3", "reg": "xiv-kesz", "conf": 1.0}, "geometry": {"type": "Point", "coordinates": [19.0956732, 47.5273503]}}, {"type": "Feature", "properties": {"code": "Kt-Kk", "reg": "xiv-kesz", "conf": 1.0}, "geometry": {"type": "Point", "coordinates": [19.097473, 47.5275512]}}, {"type": "Feature", "properties": {"code": "Vi-2/3", "reg": "xiv-kesz", "conf": 1.0}, "geometry": {"type": "Point", "coordinates": [19.0993245, 47.5300824]}}, {"type": "Feature", "properties": {"code": "Ln-T/3", "reg": "xiv-kesz", "conf": 1.0}, "geometry": {"type": "Point", "coordinates": [19.1000976, 47.5274352]}}, {"type": "Feature", "properties": {"code": "Ln-T/1", "reg": "xiv-kesz", "conf": 1.0}, "geometry": {"type": "Point", "coordinates": [19.0993592, 47.5278337]}}, {"type": "Feature", "properties": {"code": "Vi-2/3", "reg": "xiv-kesz", "conf": 1.0}, "geometry": {"type": "Point", "coordinates": [19.1017986, 47.5372333]}}, {"type": "Feature", "properties": {"code": "Zkp/Kk-1", "reg": "xiv-kesz", "conf": 1.0}, "geometry": {"type": "Point", "coordinates": [19.0976359, 47.5370912]}}, {"type": "Feature", "properties": {"code": "Vi-2/3", "reg": "xiv-kesz", "conf": 1.0}, "geometry": {"type": "Point", "coordinates": [19.1016997, 47.5335173]}}, {"type": "Feature", "properties": {"code": "Ln-T/1", "reg": "xiv-kesz", "conf": 1.0}, "geometry": {"type": "Point", "coordinates": [19.1003866, 47.5289676]}}, {"type": "Feature", "properties": {"code": "Ln-T/4", "reg": "xiv-kesz", "conf": 1.0}, "geometry": {"type": "Point", "coordinates": [19.0997848, 47.5276144]}}, {"type": "Feature", "properties": {"code": "Vi-2/3", "reg": "xiv-kesz", "conf": 1.0}, "geometry": {"type": "Point", "coordinates": [19.0995413, 47.5335485]}}, {"type": "Feature", "properties": {"code": "Kt-Kk", "reg": "xiv-kesz", "conf": 1.0}, "geometry": {"type": "Point", "coordinates": [19.1032903, 47.5336953]}}, {"type": "Feature", "properties": {"code": "Vi-2/3", "reg": "xiv-kesz", "conf": 1.0}, "geometry": {"type": "Point", "coordinates": [19.1012393, 47.5345478]}}, {"type": "Feature", "properties": {"code": "Kt-Zkk-3", "reg": "xiv-kesz", "conf": 1.0}, "geometry": {"type": "Point", "coordinates": [19.1018988, 47.5307414]}}, {"type": "Feature", "properties": {"code": "KÖu-4", "reg": "xiv-kesz", "conf": 1.0}, "geometry": {"type": "Point", "coordinates": [19.1054245, 47.5332257]}}, {"type": "Feature", "properties": {"code": "Ln-T/9", "reg": "xiv-kesz", "conf": 1.0}, "geometry": {"type": "Point", "coordinates": [19.1074752, 47.5368672]}}, {"type": "Feature", "properties": {"code": "Vi-3/3", "reg": "xiv-kesz", "conf": 1.0}, "geometry": {"type": "Point", "coordinates": [19.1032797, 47.5316893]}}, {"type": "Feature", "properties": {"code": "Lk-2/8", "reg": "xiv-kesz", "conf": 1.0}, "geometry": {"type": "Point", "coordinates": [19.1222586, 47.5301128]}}, {"type": "Feature", "properties": {"code": "Ln-3/1", "reg": "xiv-kesz", "conf": 1.0}, "geometry": {"type": "Point", "coordinates": [19.1125505, 47.5354037]}}, {"type": "Feature", "properties": {"code": "Ln-3/2", "reg": "xiv-kesz", "conf": 1.0}, "geometry": {"type": "Point", "coordinates": [19.1096933, 47.532153]}}, {"type": "Feature", "properties": {"code": "Lke-1/3", "reg": "xiv-kesz", "conf": 1.0}, "geometry": {"type": "Point", "coordinates": [19.1129017, 47.5275585]}}, {"type": "Feature", "properties": {"code": "Gksz-2/9", "reg": "xiv-kesz", "conf": 1.0}, "geometry": {"type": "Point", "coordinates": [19.1099626, 47.5329321]}}, {"type": "Feature", "properties": {"code": "Zkp/Kk-2", "reg": "xiv-kesz", "conf": 1.0}, "geometry": {"type": "Point", "coordinates": [19.110929, 47.5277364]}}, {"type": "Feature", "properties": {"code": "Lk-2/11", "reg": "xiv-kesz", "conf": 1.0}, "geometry": {"type": "Point", "coordinates": [19.1085338, 47.5293162]}}, {"type": "Feature", "properties": {"code": "Lk-2/18", "reg": "xiv-kesz", "conf": 1.0}, "geometry": {"type": "Point", "coordinates": [19.1129368, 47.5338612]}}, {"type": "Feature", "properties": {"code": "Lke-1/1", "reg": "xiv-kesz", "conf": 1.0}, "geometry": {"type": "Point", "coordinates": [19.1098024, 47.5293179]}}, {"type": "Feature", "properties": {"code": "Vi-2/3", "reg": "xiv-kesz", "conf": 1.0}, "geometry": {"type": "Point", "coordinates": [19.1032793, 47.5358188]}}, {"type": "Feature", "properties": {"code": "Lk-1/3", "reg": "xiv-kesz", "conf": 1.0}, "geometry": {"type": "Point", "coordinates": [19.1045803, 47.5276256]}}, {"type": "Feature", "properties": {"code": "Ln-T/1", "reg": "xiv-kesz", "conf": 1.0}, "geometry": {"type": "Point", "coordinates": [19.1064425, 47.5363884]}}, {"type": "Feature", "properties": {"code": "Lk-2/4", "reg": "xiv-kesz", "conf": 1.0}, "geometry": {"type": "Point", "coordinates": [19.1225104, 47.5282449]}}, {"type": "Feature", "properties": {"code": "Lk-1/4", "reg": "xiv-kesz", "conf": 1.0}, "geometry": {"type": "Point", "coordinates": [19.1092049, 47.527538]}}, {"type": "Feature", "properties": {"code": "Gksz-2/9", "reg": "xiv-kesz", "conf": 1.0}, "geometry": {"type": "Point", "coordinates": [19.1104897, 47.5353769]}}, {"type": "Feature", "properties": {"code": "Lke-1/1", "reg": "xiv-kesz", "conf": 1.0}, "geometry": {"type": "Point", "coordinates": [19.116859, 47.5313092]}}, {"type": "Feature", "properties": {"code": "Lk-1/3", "reg": "xiv-kesz", "conf": 1.0}, "geometry": {"type": "Point", "coordinates": [19.1046597, 47.5288925]}}, {"type": "Feature", "properties": {"code": "Kt-Kk", "reg": "xiv-kesz", "conf": 1.0}, "geometry": {"type": "Point", "coordinates": [19.1130202, 47.5344342]}}, {"type": "Feature", "properties": {"code": "Zkp/Kk-1", "reg": "xiv-kesz", "conf": 1.0}, "geometry": {"type": "Point", "coordinates": [19.1057164, 47.529832]}}, {"type": "Feature", "properties": {"code": "Lke-1/1", "reg": "xiv-kesz", "conf": 1.0}, "geometry": {"type": "Point", "coordinates": [19.1080551, 47.5326377]}}, {"type": "Feature", "properties": {"code": "Ln-T/1", "reg": "xiv-kesz", "conf": 1.0}, "geometry": {"type": "Point", "coordinates": [19.1088886, 47.5356231]}}, {"type": "Feature", "properties": {"code": "Zkp/Kk-1", "reg": "xiv-kesz", "conf": 1.0}, "geometry": {"type": "Point", "coordinates": [19.1102061, 47.5280046]}}, {"type": "Feature", "properties": {"code": "Lke-1/2", "reg": "xiv-kesz", "conf": 1.0}, "geometry": {"type": "Point", "coordinates": [19.1100653, 47.5283349]}}, {"type": "Feature", "properties": {"code": "Ln-T/8", "reg": "xiv-kesz", "conf": 1.0}, "geometry": {"type": "Point", "coordinates": [19.1068615, 47.5358577]}}, {"type": "Feature", "properties": {"code": "Ln-T/1", "reg": "xiv-kesz", "conf": 1.0}, "geometry": {"type": "Point", "coordinates": [19.104376, 47.5329764]}}, {"type": "Feature", "properties": {"code": "Ln-T/1", "reg": "xiv-kesz", "conf": 1.0}, "geometry": {"type": "Point", "coordinates": [19.1030484, 47.532699]}}, {"type": "Feature", "properties": {"code": "Lke-1/1", "reg": "xiv-kesz", "conf": 1.0}, "geometry": {"type": "Point", "coordinates": [19.11656, 47.5331787]}}, {"type": "Feature", "properties": {"code": "Ln-T/1", "reg": "xiv-kesz", "conf": 1.0}, "geometry": {"type": "Point", "coordinates": [19.1078978, 47.5357327]}}, {"type": "Feature", "properties": {"code": "Ln-3/3", "reg": "xiv-kesz", "conf": 1.0}, "geometry": {"type": "Point", "coordinates": [19.1090172, 47.5322531]}}, {"type": "Feature", "properties": {"code": "Lk-2/8", "reg": "xiv-kesz", "conf": 1.0}, "geometry": {"type": "Point", "coordinates": [19.1081339, 47.5307976]}}, {"type": "Feature", "properties": {"code": "Ln-T/1", "reg": "xiv-kesz", "conf": 1.0}, "geometry": {"type": "Point", "coordinates": [19.1063608, 47.5369922]}}, {"type": "Feature", "properties": {"code": "Kt-Zkp-1", "reg": "xiv-kesz", "conf": 1.0}, "geometry": {"type": "Point", "coordinates": [19.105022, 47.533882]}}, {"type": "Feature", "properties": {"code": "Lke-1/1", "reg": "xiv-kesz", "conf": 1.0}, "geometry": {"type": "Point", "coordinates": [19.1057863, 47.5320778]}}, {"type": "Feature", "properties": {"code": "Lke-1/1", "reg": "xiv-kesz", "conf": 1.0}, "geometry": {"type": "Point", "coordinates": [19.1140493, 47.5272179]}}, {"type": "Feature", "properties": {"code": "Kt-Zkk-2", "reg": "xiv-kesz", "conf": 1.0}, "geometry": {"type": "Point", "coordinates": [19.1085368, 47.5363006]}}, {"type": "Feature", "properties": {"code": "Lk-1/3", "reg": "xiv-kesz", "conf": 1.0}, "geometry": {"type": "Point", "coordinates": [19.105533, 47.5285308]}}, {"type": "Feature", "properties": {"code": "Ln-T/1", "reg": "xiv-kesz", "conf": 1.0}, "geometry": {"type": "Point", "coordinates": [19.1052824, 47.5347124]}}, {"type": "Feature", "properties": {"code": "Lk-2/7", "reg": "xiv-kesz", "conf": 1.0}, "geometry": {"type": "Point", "coordinates": [19.107447, 47.5320454]}}, {"type": "Feature", "properties": {"code": "Kt-Kk", "reg": "xiv-kesz", "conf": 1.0}, "geometry": {"type": "Point", "coordinates": [19.1122356, 47.527388]}}, {"type": "Feature", "properties": {"code": "Lk-1/3", "reg": "xiv-kesz", "conf": 1.0}, "geometry": {"type": "Point", "coordinates": [19.1040115, 47.5299355]}}, {"type": "Feature", "properties": {"code": "Lke-1/1", "reg": "xiv-kesz", "conf": 1.0}, "geometry": {"type": "Point", "coordinates": [19.1120109, 47.5357772]}}, {"type": "Feature", "properties": {"code": "Ln-T/1", "reg": "xiv-kesz", "conf": 1.0}, "geometry": {"type": "Point", "coordinates": [19.1057695, 47.5344964]}}, {"type": "Feature", "properties": {"code": "Lke-1/1", "reg": "xiv-kesz", "conf": 1.0}, "geometry": {"type": "Point", "coordinates": [19.1077574, 47.5340747]}}, {"type": "Feature", "properties": {"code": "Ln-T/1", "reg": "xiv-kesz", "conf": 1.0}, "geometry": {"type": "Point", "coordinates": [19.1084803, 47.5361692]}}, {"type": "Feature", "properties": {"code": "Lke-1/1", "reg": "xiv-kesz", "conf": 1.0}, "geometry": {"type": "Point", "coordinates": [19.106752, 47.5327752]}}, {"type": "Feature", "properties": {"code": "Ln-T/1", "reg": "xiv-kesz", "conf": 1.0}, "geometry": {"type": "Point", "coordinates": [19.1037385, 47.5332828]}}, {"type": "Feature", "properties": {"code": "Kt-Zkk-2", "reg": "xiv-kesz", "conf": 1.0}, "geometry": {"type": "Point", "coordinates": [19.1066691, 47.536214]}}, {"type": "Feature", "properties": {"code": "Ln-T/1", "reg": "xiv-kesz", "conf": 1.0}, "geometry": {"type": "Point", "coordinates": [19.1054827, 47.5353426]}}, {"type": "Feature", "properties": {"code": "Zkp/Kk-1", "reg": "xiv-kesz", "conf": 1.0}, "geometry": {"type": "Point", "coordinates": [19.1043859, 47.5304822]}}, {"type": "Feature", "properties": {"code": "Kt-Kk", "reg": "xiv-kesz", "conf": 1.0}, "geometry": {"type": "Point", "coordinates": [19.1025036, 47.5351785]}}, {"type": "Feature", "properties": {"code": "Lke-1/1", "reg": "xiv-kesz", "conf": 1.0}, "geometry": {"type": "Point", "coordinates": [19.1135558, 47.5295308]}}, {"type": "Feature", "properties": {"code": "Lke-1/1", "reg": "xiv-kesz", "conf": 1.0}, "geometry": {"type": "Point", "coordinates": [19.1092317, 47.5369814]}}, {"type": "Feature", "properties": {"code": "Lke-1/1", "reg": "xiv-kesz", "conf": 1.0}, "geometry": {"type": "Point", "coordinates": [19.1182868, 47.5326082]}}, {"type": "Feature", "properties": {"code": "Ln-T/1", "reg": "xiv-kesz", "conf": 1.0}, "geometry": {"type": "Point", "coordinates": [19.1039864, 47.5342889]}}, {"type": "Feature", "properties": {"code": "Lke-1/1", "reg": "xiv-kesz", "conf": 1.0}, "geometry": {"type": "Point", "coordinates": [19.1174255, 47.5304329]}}, {"type": "Feature", "properties": {"code": "Lke-1/1", "reg": "xiv-kesz", "conf": 1.0}, "geometry": {"type": "Point", "coordinates": [19.1076494, 47.5350009]}}, {"type": "Feature", "properties": {"code": "Ln-T/1", "reg": "xiv-kesz", "conf": 1.0}, "geometry": {"type": "Point", "coordinates": [19.1088834, 47.5365432]}}, {"type": "Feature", "properties": {"code": "Kt-Zkp-1", "reg": "xiv-kesz", "conf": 1.0}, "geometry": {"type": "Point", "coordinates": [19.1061863, 47.5349383]}}, {"type": "Feature", "properties": {"code": "Lke-1/1", "reg": "xiv-kesz", "conf": 1.0}, "geometry": {"type": "Point", "coordinates": [19.1068683, 47.5334857]}}, {"type": "Feature", "properties": {"code": "Lke-1/6", "reg": "xiv-kesz", "conf": 1.0}, "geometry": {"type": "Point", "coordinates": [19.1131018, 47.5314203]}}, {"type": "Feature", "properties": {"code": "Kt-Kk", "reg": "xiv-kesz", "conf": 1.0}, "geometry": {"type": "Point", "coordinates": [19.1088121, 47.5310712]}}, {"type": "Feature", "properties": {"code": "Kt-Fk-2", "reg": "xiv-kesz", "conf": 1.0}, "geometry": {"type": "Point", "coordinates": [19.1094025, 47.5355626]}}, {"type": "Feature", "properties": {"code": "Ln-T/1", "reg": "xiv-kesz", "conf": 1.0}, "geometry": {"type": "Point", "coordinates": [19.1052236, 47.5340713]}}, {"type": "Feature", "properties": {"code": "Ln-T/1", "reg": "xiv-kesz", "conf": 1.0}, "geometry": {"type": "Point", "coordinates": [19.1049243, 47.5334275]}}, {"type": "Feature", "properties": {"code": "Lk-2/8", "reg": "xiv-kesz", "conf": 1.0}, "geometry": {"type": "Point", "coordinates": [19.1116736, 47.532808]}}, {"type": "Feature", "properties": {"code": "Lke-1/1", "reg": "xiv-kesz", "conf": 1.0}, "geometry": {"type": "Point", "coordinates": [19.1191846, 47.5321152]}}, {"type": "Feature", "properties": {"code": "Lke-1/1", "reg": "xiv-kesz", "conf": 1.0}, "geometry": {"type": "Point", "coordinates": [19.114302, 47.5324185]}}, {"type": "Feature", "properties": {"code": "Lk-2/8", "reg": "xiv-kesz", "conf": 1.0}, "geometry": {"type": "Point", "coordinates": [19.108634, 47.5313105]}}, {"type": "Feature", "properties": {"code": "KÖu-3", "reg": "xiv-kesz", "conf": 1.0}, "geometry": {"type": "Point", "coordinates": [19.1075787, 47.529297]}}, {"type": "Feature", "properties": {"code": "Lke-1/1", "reg": "xiv-kesz", "conf": 1.0}, "geometry": {"type": "Point", "coordinates": [19.1056147, 47.5327092]}}, {"type": "Feature", "properties": {"code": "Lk-1/2", "reg": "xiv-kesz", "conf": 1.0}, "geometry": {"type": "Point", "coordinates": [19.1055053, 47.5272502]}}, {"type": "Feature", "properties": {"code": "Ln-T/1", "reg": "xiv-kesz", "conf": 1.0}, "geometry": {"type": "Point", "coordinates": [19.103558, 47.5324951]}}, {"type": "Feature", "properties": {"code": "Ln-T/1", "reg": "xiv-kesz", "conf": 1.0}, "geometry": {"type": "Point", "coordinates": [19.1039283, 47.5323022]}}, {"type": "Feature", "properties": {"code": "Lke-1/1", "reg": "xiv-kesz", "conf": 1.0}, "geometry": {"type": "Point", "coordinates": [19.1116706, 47.536291]}}, {"type": "Feature", "properties": {"code": "Kt-Kk", "reg": "xiv-kesz", "conf": 1.0}, "geometry": {"type": "Point", "coordinates": [19.1026117, 47.5326387]}}, {"type": "Feature", "properties": {"code": "Kt-Kk", "reg": "xiv-kesz", "conf": 1.0}, "geometry": {"type": "Point", "coordinates": [19.1050602, 47.5358046]}}, {"type": "Feature", "properties": {"code": "Ln-T/1", "reg": "xiv-kesz", "conf": 1.0}, "geometry": {"type": "Point", "coordinates": [19.1044664, 47.5336541]}}, {"type": "Feature", "properties": {"code": "Lke-1/1", "reg": "xiv-kesz", "conf": 1.0}, "geometry": {"type": "Point", "coordinates": [19.1046134, 47.5311911]}}, {"type": "Feature", "properties": {"code": "Lk-2/8", "reg": "xiv-kesz", "conf": 1.0}, "geometry": {"type": "Point", "coordinates": [19.1184012, 47.5287018]}}, {"type": "Feature", "properties": {"code": "Ln-T/4", "reg": "xiv-kesz", "conf": 1.0}, "geometry": {"type": "Point", "coordinates": [19.1057129, 47.5338201]}}, {"type": "Feature", "properties": {"code": "Kt-Kk", "reg": "xiv-kesz", "conf": 1.0}, "geometry": {"type": "Point", "coordinates": [19.1043274, 47.5366727]}}, {"type": "Feature", "properties": {"code": "Lk-2/8", "reg": "xiv-kesz", "conf": 1.0}, "geometry": {"type": "Point", "coordinates": [19.1167458, 47.5280922]}}, {"type": "Feature", "properties": {"code": "Lk-2/8", "reg": "xiv-kesz", "conf": 1.0}, "geometry": {"type": "Point", "coordinates": [19.1099254, 47.5309897]}}, {"type": "Feature", "properties": {"code": "Lk-1/3", "reg": "xiv-kesz", "conf": 1.0}, "geometry": {"type": "Point", "coordinates": [19.1027472, 47.5279195]}}, {"type": "Feature", "properties": {"code": "Lke-1/1", "reg": "xiv-kesz", "conf": 1.0}, "geometry": {"type": "Point", "coordinates": [19.1113342, 47.5308797]}}, {"type": "Feature", "properties": {"code": "KÖk", "reg": "xiv-kesz", "conf": 1.0}, "geometry": {"type": "Point", "coordinates": [19.1209276, 47.5327276]}}, {"type": "Feature", "properties": {"code": "Lke-1/1", "reg": "xiv-kesz", "conf": 1.0}, "geometry": {"type": "Point", "coordinates": [19.1118275, 47.5284919]}}, {"type": "Feature", "properties": {"code": "Lke-1/1", "reg": "xiv-kesz", "conf": 1.0}, "geometry": {"type": "Point", "coordinates": [19.1148668, 47.5317852]}}, {"type": "Feature", "properties": {"code": "Ln-3/2", "reg": "xiv-kesz", "conf": 1.0}, "geometry": {"type": "Point", "coordinates": [19.1083914, 47.5318381]}}, {"type": "Feature", "properties": {"code": "Kt-Zkk-2", "reg": "xiv-kesz", "conf": 1.0}, "geometry": {"type": "Point", "coordinates": [19.10846, 47.535663]}}, {"type": "Feature", "properties": {"code": "Lke-1/1", "reg": "xiv-kesz", "conf": 1.0}, "geometry": {"type": "Point", "coordinates": [19.1120832, 47.5301926]}}, {"type": "Feature", "properties": {"code": "Lke-1/1", "reg": "xiv-kesz", "conf": 1.0}, "geometry": {"type": "Point", "coordinates": [19.1131655, 47.5326964]}}, {"type": "Feature", "properties": {"code": "Gksz-1/1", "reg": "xiv-kesz", "conf": 1.0}, "geometry": {"type": "Point", "coordinates": [19.1136479, 47.5347514]}}, {"type": "Feature", "properties": {"code": "Ln-T/1", "reg": "xiv-kesz", "conf": 1.0}, "geometry": {"type": "Point", "coordinates": [19.1062209, 47.5343629]}}, {"type": "Feature", "properties": {"code": "Kt-Kk", "reg": "xiv-kesz", "conf": 1.0}, "geometry": {"type": "Point", "coordinates": [19.1041746, 47.5347644]}}, {"type": "Feature", "properties": {"code": "Lke-1/1", "reg": "xiv-kesz", "conf": 1.0}, "geometry": {"type": "Point", "coordinates": [19.1201549, 47.5319292]}}, {"type": "Feature", "properties": {"code": "Lk-1/3", "reg": "xiv-kesz", "conf": 1.0}, "geometry": {"type": "Point", "coordinates": [19.1032566, 47.5295283]}}, {"type": "Feature", "properties": {"code": "Lke-1/1", "reg": "xiv-kesz", "conf": 1.0}, "geometry": {"type": "Point", "coordinates": [19.1053049, 47.530903]}}, {"type": "Feature", "properties": {"code": "Lk-1/3", "reg": "xiv-kesz", "conf": 1.0}, "geometry": {"type": "Point", "coordinates": [19.1032672, 47.5273412]}}, {"type": "Feature", "properties": {"code": "Ln-3/5", "reg": "xiv-kesz", "conf": 1.0}, "geometry": {"type": "Point", "coordinates": [19.1097609, 47.5341061]}}, {"type": "Feature", "properties": {"code": "Lk-2/8", "reg": "xiv-kesz", "conf": 1.0}, "geometry": {"type": "Point", "coordinates": [19.1176836, 47.5293597]}}, {"type": "Feature", "properties": {"code": "Kt-Kk", "reg": "xiv-kesz", "conf": 1.0}, "geometry": {"type": "Point", "coordinates": [19.1122974, 47.5348083]}}, {"type": "Feature", "properties": {"code": "Lke-1/1", "reg": "xiv-kesz", "conf": 1.0}, "geometry": {"type": "Point", "coordinates": [19.1153941, 47.53143]}}, {"type": "Feature", "properties": {"code": "Kt-Kk", "reg": "xiv-kesz", "conf": 1.0}, "geometry": {"type": "Point", "coordinates": [19.1209579, 47.526972]}}, {"type": "Feature", "properties": {"code": "KÖk", "reg": "xiv-kesz", "conf": 1.0}, "geometry": {"type": "Point", "coordinates": [19.1134226, 47.5359239]}}, {"type": "Feature", "properties": {"code": "Lke-1/2", "reg": "xiv-kesz", "conf": 1.0}, "geometry": {"type": "Point", "coordinates": [19.1210058, 47.5315721]}}, {"type": "Feature", "properties": {"code": "Kt-Kk", "reg": "xiv-kesz", "conf": 1.0}, "geometry": {"type": "Point", "coordinates": [19.1081362, 47.5284057]}}, {"type": "Feature", "properties": {"code": "Ln-T/3", "reg": "xiv-kesz", "conf": 1.0}, "geometry": {"type": "Point", "coordinates": [19.1070348, 47.5354834]}}, {"type": "Feature", "properties": {"code": "Zkp/Kk-1", "reg": "xiv-kesz", "conf": 1.0}, "geometry": {"type": "Point", "coordinates": [19.1083868, 47.5286771]}}, {"type": "Feature", "properties": {"code": "Lk-2/3", "reg": "xiv-kesz", "conf": 1.0}, "geometry": {"type": "Point", "coordinates": [19.1198877, 47.5272299]}}, {"type": "Feature", "properties": {"code": "Lk-2/8", "reg": "xiv-kesz", "conf": 1.0}, "geometry": {"type": "Point", "coordinates": [19.107208, 47.5317186]}}, {"type": "Feature", "properties": {"code": "Lk-1/3", "reg": "xiv-kesz", "conf": 1.0}, "geometry": {"type": "Point", "coordinates": [19.1050015, 47.5271116]}}, {"type": "Feature", "properties": {"code": "Lke-1/1", "reg": "xiv-kesz", "conf": 1.0}, "geometry": {"type": "Point", "coordinates": [19.1137139, 47.5279274]}}, {"type": "Feature", "properties": {"code": "Lk-2/8", "reg": "xiv-kesz", "conf": 1.0}, "geometry": {"type": "Point", "coordinates": [19.1203164, 47.5279493]}}, {"type": "Feature", "properties": {"code": "Ln-T/1", "reg": "xiv-kesz", "conf": 1.0}, "geometry": {"type": "Point", "coordinates": [19.1044424, 47.5320647]}}, {"type": "Feature", "properties": {"code": "Ln-T/1", "reg": "xiv-kesz", "conf": 1.0}, "geometry": {"type": "Point", "coordinates": [19.1048265, 47.5353425]}}, {"type": "Feature", "properties": {"code": "Lke-1/1", "reg": "xiv-kesz", "conf": 1.0}, "geometry": {"type": "Point", "coordinates": [19.1109703, 47.5290354]}}, {"type": "Feature", "properties": {"code": "KÖk", "reg": "xiv-kesz", "conf": 1.0}, "geometry": {"type": "Point", "coordinates": [19.11437, 47.5355423]}}, {"type": "Feature", "properties": {"code": "Lk-1/9", "reg": "xiv-kesz", "conf": 1.0}, "geometry": {"type": "Point", "coordinates": [19.1061977, 47.5280839]}}, {"type": "Feature", "properties": {"code": "Lke-1/1", "reg": "xiv-kesz", "conf": 1.0}, "geometry": {"type": "Point", "coordinates": [19.1068318, 47.534201]}}, {"type": "Feature", "properties": {"code": "Lk-1/4", "reg": "xiv-kesz", "conf": 1.0}, "geometry": {"type": "Point", "coordinates": [19.1071943, 47.5278123]}}, {"type": "Feature", "properties": {"code": "Lke-1/1", "reg": "xiv-kesz", "conf": 1.0}, "geometry": {"type": "Point", "coordinates": [19.113026, 47.5297469]}}, {"type": "Feature", "properties": {"code": "Kt-Kk", "reg": "xiv-kesz", "conf": 1.0}, "geometry": {"type": "Point", "coordinates": [19.1142301, 47.5353059]}}, {"type": "Feature", "properties": {"code": "Lke-1/2", "reg": "xiv-kesz", "conf": 1.0}, "geometry": {"type": "Point", "coordinates": [19.115007, 47.5340805]}}, {"type": "Feature", "properties": {"code": "Kt-Kk", "reg": "xiv-kesz", "conf": 1.0}, "geometry": {"type": "Point", "coordinates": [19.1056768, 47.5275824]}}, {"type": "Feature", "properties": {"code": "Lk-2/7", "reg": "xiv-kesz", "conf": 1.0}, "geometry": {"type": "Point", "coordinates": [19.118577, 47.5289002]}}, {"type": "Feature", "properties": {"code": "Lk-2/8", "reg": "xiv-kesz", "conf": 1.0}, "geometry": {"type": "Point", "coordinates": [19.1180026, 47.52834]}}, {"type": "Feature", "properties": {"code": "Ln-T/1", "reg": "xiv-kesz", "conf": 1.0}, "geometry": {"type": "Point", "coordinates": [19.107078, 47.5361539]}}, {"type": "Feature", "properties": {"code": "Lke-1/1", "reg": "xiv-kesz", "conf": 1.0}, "geometry": {"type": "Point", "coordinates": [19.1123415, 47.5282438]}}, {"type": "Feature", "properties": {"code": "Kt-Zkp-1", "reg": "xiv-kesz", "conf": 1.0}, "geometry": {"type": "Point", "coordinates": [19.1036577, 47.5330819]}}, {"type": "Feature", "properties": {"code": "Lk-2/4", "reg": "xiv-kesz", "conf": 1.0}, "geometry": {"type": "Point", "coordinates": [19.1214632, 47.5272939]}}, {"type": "Feature", "properties": {"code": "Ln-T/1", "reg": "xiv-kesz", "conf": 1.0}, "geometry": {"type": "Point", "coordinates": [19.1039589, 47.5338243]}}, {"type": "Feature", "properties": {"code": "Kt-Kk", "reg": "xiv-kesz", "conf": 1.0}, "geometry": {"type": "Point", "coordinates": [19.1101168, 47.5325533]}}, {"type": "Feature", "properties": {"code": "Lk-2/3", "reg": "xiv-kesz", "conf": 1.0}, "geometry": {"type": "Point", "coordinates": [19.1218612, 47.5283434]}}, {"type": "Feature", "properties": {"code": "KÖu-3", "reg": "xiv-kesz", "conf": 1.0}, "geometry": {"type": "Point", "coordinates": [19.1133337, 47.5354246]}}, {"type": "Feature", "properties": {"code": "Lk-2/11", "reg": "xiv-kesz", "conf": 1.0}, "geometry": {"type": "Point", "coordinates": [19.1073841, 47.5297087]}}, {"type": "Feature", "properties": {"code": "Ln-T/2", "reg": "xiv-kesz", "conf": 1.0}, "geometry": {"type": "Point", "coordinates": [19.1055501, 47.5362717]}}, {"type": "Feature", "properties": {"code": "Kt-Kk", "reg": "xiv-kesz", "conf": 1.0}, "geometry": {"type": "Point", "coordinates": [19.1062988, 47.5273517]}}, {"type": "Feature", "properties": {"code": "Kt-Zkk-1", "reg": "xiv-kesz", "conf": 1.0}, "geometry": {"type": "Point", "coordinates": [19.1071015, 47.5346775]}}, {"type": "Feature", "properties": {"code": "Ln-T/1", "reg": "xiv-kesz", "conf": 1.0}, "geometry": {"type": "Point", "coordinates": [19.1061474, 47.5351264]}}, {"type": "Feature", "properties": {"code": "Lk-2/8", "reg": "xiv-kesz", "conf": 1.0}, "geometry": {"type": "Point", "coordinates": [19.1071771, 47.5300757]}}, {"type": "Feature", "properties": {"code": "Lke-1/1", "reg": "xiv-kesz", "conf": 1.0}, "geometry": {"type": "Point", "coordinates": [19.1095378, 47.5362445]}}, {"type": "Feature", "properties": {"code": "Lk-2/8", "reg": "xiv-kesz", "conf": 1.0}, "geometry": {"type": "Point", "coordinates": [19.120112, 47.5308747]}}, {"type": "Feature", "properties": {"code": "Lke-1/1", "reg": "xiv-kesz", "conf": 1.0}, "geometry": {"type": "Point", "coordinates": [19.1085615, 47.5348899]}}, {"type": "Feature", "properties": {"code": "Kt-Kk", "reg": "xiv-kesz", "conf": 1.0}, "geometry": {"type": "Point", "coordinates": [19.1060919, 47.5368458]}}, {"type": "Feature", "properties": {"code": "Lk-1/19", "reg": "xiv-kesz", "conf": 1.0}, "geometry": {"type": "Point", "coordinates": [19.1095368, 47.5272458]}}, {"type": "Feature", "properties": {"code": "Lk-1/4", "reg": "xiv-kesz", "conf": 1.0}, "geometry": {"type": "Point", "coordinates": [19.1078036, 47.5270016]}}, {"type": "Feature", "properties": {"code": "Lk-1/2", "reg": "xiv-kesz", "conf": 1.0}, "geometry": {"type": "Point", "coordinates": [19.1069904, 47.5280723]}}, {"type": "Feature", "properties": {"code": "Lke-1/1", "reg": "xiv-kesz", "conf": 1.0}, "geometry": {"type": "Point", "coordinates": [19.1155291, 47.5286545]}}, {"type": "Feature", "properties": {"code": "Ln-T/1", "reg": "xiv-kesz", "conf": 1.0}, "geometry": {"type": "Point", "coordinates": [19.1046151, 47.5343073]}}, {"type": "Feature", "properties": {"code": "Lke-1/1", "reg": "xiv-kesz", "conf": 1.0}, "geometry": {"type": "Point", "coordinates": [19.1207882, 47.5317466]}}, {"type": "Feature", "properties": {"code": "Lk-2/7", "reg": "xiv-kesz", "conf": 1.0}, "geometry": {"type": "Point", "coordinates": [19.1196599, 47.5297626]}}, {"type": "Feature", "properties": {"code": "Lk-1/3", "reg": "xiv-kesz", "conf": 1.0}, "geometry": {"type": "Point", "coordinates": [19.1037164, 47.5291243]}}, {"type": "Feature", "properties": {"code": "Ln-T/1", "reg": "xiv-kesz", "conf": 1.0}, "geometry": {"type": "Point", "coordinates": [19.1054251, 47.5332924]}}, {"type": "Feature", "properties": {"code": "Lk-2/5", "reg": "xiv-kesz", "conf": 1.0}, "geometry": {"type": "Point", "coordinates": [19.117079, 47.5273827]}}, {"type": "Feature", "properties": {"code": "Lk-2/8", "reg": "xiv-kesz", "conf": 1.0}, "geometry": {"type": "Point", "coordinates": [19.122267, 47.5317725]}}, {"type": "Feature", "properties": {"code": "Lk-2/8", "reg": "xiv-kesz", "conf": 1.0}, "geometry": {"type": "Point", "coordinates": [19.120741, 47.5288444]}}, {"type": "Feature", "properties": {"code": "Lke-1/1", "reg": "xiv-kesz", "conf": 1.0}, "geometry": {"type": "Point", "coordinates": [19.1061739, 47.5306438]}}, {"type": "Feature", "properties": {"code": "Kt-Kk", "reg": "xiv-kesz", "conf": 1.0}, "geometry": {"type": "Point", "coordinates": [19.1108599, 47.5322667]}}, {"type": "Feature", "properties": {"code": "Kt-Kk", "reg": "xiv-kesz", "conf": 1.0}, "geometry": {"type": "Point", "coordinates": [19.1129127, 47.5360421]}}, {"type": "Feature", "properties": {"code": "Kt-Kk", "reg": "xiv-kesz", "conf": 1.0}, "geometry": {"type": "Point", "coordinates": [19.1065226, 47.5291258]}}, {"type": "Feature", "properties": {"code": "Lk-1/3", "reg": "xiv-kesz", "conf": 1.0}, "geometry": {"type": "Point", "coordinates": [19.1061912, 47.5284476]}}, {"type": "Feature", "properties": {"code": "Lke-1/1", "reg": "xiv-kesz", "conf": 1.0}, "geometry": {"type": "Point", "coordinates": [19.1144693, 47.5290545]}}, {"type": "Feature", "properties": {"code": "Ln-T/1", "reg": "xiv-kesz", "conf": 1.0}, "geometry": {"type": "Point", "coordinates": [19.1079569, 47.5372044]}}, {"type": "Feature", "properties": {"code": "Kt-Kk", "reg": "xiv-kesz", "conf": 1.0}, "geometry": {"type": "Point", "coordinates": [19.108103, 47.5303261]}}, {"type": "Feature", "properties": {"code": "Kt-Kk", "reg": "xiv-kesz", "conf": 1.0}, "geometry": {"type": "Point", "coordinates": [19.1033069, 47.5337043]}}, {"type": "Feature", "properties": {"code": "Lk-1/4", "reg": "xiv-kesz", "conf": 1.0}, "geometry": {"type": "Point", "coordinates": [19.1079259, 47.5274065]}}, {"type": "Feature", "properties": {"code": "Lke-1/1", "reg": "xiv-kesz", "conf": 1.0}, "geometry": {"type": "Point", "coordinates": [19.1101463, 47.5369759]}}, {"type": "Feature", "properties": {"code": "KÖu-3", "reg": "xiv-kesz", "conf": 1.0}, "geometry": {"type": "Point", "coordinates": [19.1106371, 47.5325707]}}, {"type": "Feature", "properties": {"code": "Lk-2/5", "reg": "xiv-kesz", "conf": 1.0}, "geometry": {"type": "Point", "coordinates": [19.118947, 47.5276206]}}, {"type": "Feature", "properties": {"code": "Lk-2/5", "reg": "xiv-kesz", "conf": 1.0}, "geometry": {"type": "Point", "coordinates": [19.1195735, 47.5274213]}}, {"type": "Feature", "properties": {"code": "Lk-2/8", "reg": "xiv-kesz", "conf": 1.0}, "geometry": {"type": "Point", "coordinates": [19.1153664, 47.5273005]}}, {"type": "Feature", "properties": {"code": "Lk-2/9", "reg": "xiv-kesz", "conf": 1.0}, "geometry": {"type": "Point", "coordinates": [19.1230411, 47.5309874]}}, {"type": "Feature", "properties": {"code": "Lk-2/8", "reg": "xiv-kesz", "conf": 1.0}, "geometry": {"type": "Point", "coordinates": [19.122297, 47.5301264]}}, {"type": "Feature", "properties": {"code": "Kt-Zkk-1", "reg": "xiv-kesz", "conf": 1.0}, "geometry": {"type": "Point", "coordinates": [19.1253443, 47.527585]}}, {"type": "Feature", "properties": {"code": "Lk-2/8", "reg": "xiv-kesz", "conf": 1.0}, "geometry": {"type": "Point", "coordinates": [19.1240861, 47.5315387]}}, {"type": "Feature", "properties": {"code": "Lk-2/4", "reg": "xiv-kesz", "conf": 1.0}, "geometry": {"type": "Point", "coordinates": [19.1225524, 47.5282619]}}, {"type": "Feature", "properties": {"code": "Ln-3/5", "reg": "xiv-kesz", "conf": 1.0}, "geometry": {"type": "Point", "coordinates": [19.1277098, 47.5303136]}}, {"type": "Feature", "properties": {"code": "Lke-1/1", "reg": "xiv-kesz", "conf": 1.0}, "geometry": {"type": "Point", "coordinates": [19.1374968, 47.5269932]}}, {"type": "Feature", "properties": {"code": "Lke-1/1", "reg": "xiv-kesz", "conf": 1.0}, "geometry": {"type": "Point", "coordinates": [19.133377, 47.5273316]}}, {"type": "Feature", "properties": {"code": "Kt-Kk", "reg": "xiv-kesz", "conf": 1.0}, "geometry": {"type": "Point", "coordinates": [19.1262581, 47.5297655]}}, {"type": "Feature", "properties": {"code": "Kt-Kk", "reg": "xiv-kesz", "conf": 1.0}, "geometry": {"type": "Point", "coordinates": [19.1279015, 47.5309805]}}, {"type": "Feature", "properties": {"code": "Lke-1/1", "reg": "xiv-kesz", "conf": 1.0}, "geometry": {"type": "Point", "coordinates": [19.1310305, 47.5291982]}}, {"type": "Feature", "properties": {"code": "Lke-1/2", "reg": "xiv-kesz", "conf": 1.0}, "geometry": {"type": "Point", "coordinates": [19.1311531, 47.5277746]}}, {"type": "Feature", "properties": {"code": "Lke-1/1", "reg": "xiv-kesz", "conf": 1.0}, "geometry": {"type": "Point", "coordinates": [19.1339463, 47.5279834]}}, {"type": "Feature", "properties": {"code": "Lke-1/1", "reg": "xiv-kesz", "conf": 1.0}, "geometry": {"type": "Point", "coordinates": [19.1347827, 47.5284187]}}, {"type": "Feature", "properties": {"code": "Lke-1/1", "reg": "xiv-kesz", "conf": 1.0}, "geometry": {"type": "Point", "coordinates": [19.1256566, 47.5271998]}}, {"type": "Feature", "properties": {"code": "Lk-2/8", "reg": "xiv-kesz", "conf": 1.0}, "geometry": {"type": "Point", "coordinates": [19.1252334, 47.5307626]}}, {"type": "Feature", "properties": {"code": "Lke-1/1", "reg": "xiv-kesz", "conf": 1.0}, "geometry": {"type": "Point", "coordinates": [19.1295777, 47.5280424]}}, {"type": "Feature", "properties": {"code": "KÖu-3", "reg": "xiv-kesz", "conf": 1.0}, "geometry": {"type": "Point", "coordinates": [19.125238, 47.5294915]}}, {"type": "Feature", "properties": {"code": "Lk-2/3", "reg": "xiv-kesz", "conf": 1.0}, "geometry": {"type": "Point", "coordinates": [19.1237807, 47.5295778]}}, {"type": "Feature", "properties": {"code": "Lke-1/1", "reg": "xiv-kesz", "conf": 1.0}, "geometry": {"type": "Point", "coordinates": [19.1319136, 47.5278283]}}, {"type": "Feature", "properties": {"code": "Kt-Kk", "reg": "xiv-kesz", "conf": 1.0}, "geometry": {"type": "Point", "coordinates": [19.1252546, 47.5280396]}}, {"type": "Feature", "properties": {"code": "KÖk", "reg": "xiv-kesz", "conf": 1.0}, "geometry": {"type": "Point", "coordinates": [19.1404921, 47.5269839]}}, {"type": "Feature", "properties": {"code": "Lke-1/1", "reg": "xiv-kesz", "conf": 1.0}, "geometry": {"type": "Point", "coordinates": [19.1330054, 47.5287291]}}, {"type": "Feature", "properties": {"code": "Lke-1/1", "reg": "xiv-kesz", "conf": 1.0}, "geometry": {"type": "Point", "coordinates": [19.1298563, 47.5299163]}}, {"type": "Feature", "properties": {"code": "Kt-Kk", "reg": "xiv-kesz", "conf": 1.0}, "geometry": {"type": "Point", "coordinates": [19.1234015, 47.5290302]}}, {"type": "Feature", "properties": {"code": "KÖk", "reg": "xiv-kesz", "conf": 1.0}, "geometry": {"type": "Point", "coordinates": [19.1385438, 47.5277536]}}, {"type": "Feature", "properties": {"code": "Kt-Kk", "reg": "xiv-kesz", "conf": 1.0}, "geometry": {"type": "Point", "coordinates": [19.1248773, 47.5301078]}}, {"type": "Feature", "properties": {"code": "Lke-1/1", "reg": "xiv-kesz", "conf": 1.0}, "geometry": {"type": "Point", "coordinates": [19.1359101, 47.5273434]}}, {"type": "Feature", "properties": {"code": "Lke-1/1", "reg": "xiv-kesz", "conf": 1.0}, "geometry": {"type": "Point", "coordinates": [19.1288694, 47.5295664]}}, {"type": "Feature", "properties": {"code": "Lke-1/1", "reg": "xiv-kesz", "conf": 1.0}, "geometry": {"type": "Point", "coordinates": [19.1281545, 47.5287208]}}, {"type": "Feature", "properties": {"code": "Lk-2/3", "reg": "xiv-kesz", "conf": 1.0}, "geometry": {"type": "Point", "coordinates": [19.1219039, 47.5283593]}}, {"type": "Feature", "properties": {"code": "Lk-2/8", "reg": "xiv-kesz", "conf": 1.0}, "geometry": {"type": "Point", "coordinates": [19.1222976, 47.5317836]}}, {"type": "Feature", "properties": {"code": "KÖk", "reg": "xiv-kesz", "conf": 1.0}, "geometry": {"type": "Point", "coordinates": [19.1268684, 47.5314256]}}, {"type": "Feature", "properties": {"code": "Lke-1/1", "reg": "xiv-kesz", "conf": 1.0}, "geometry": {"type": "Point", "coordinates": [19.1265757, 47.527925]}}, {"type": "Feature", "properties": {"code": "Lke-1/1", "reg": "xiv-kesz", "conf": 1.0}, "geometry": {"type": "Point", "coordinates": [19.1272089, 47.5275332]}}, {"type": "Feature", "properties": {"code": "Kt-Kk", "reg": "xiv-kesz", "conf": 1.0}, "geometry": {"type": "Point", "coordinates": [19.1262716, 47.5313978]}}, {"type": "Feature", "properties": {"code": "Lke-1/2", "reg": "xiv-kesz", "conf": 1.0}, "geometry": {"type": "Point", "coordinates": [19.1322559, 47.5288188]}}, {"type": "Feature", "properties": {"code": "Lke-1/1", "reg": "xiv-kesz", "conf": 1.0}, "geometry": {"type": "Point", "coordinates": [19.1377835, 47.5274618]}}, {"type": "Feature", "properties": {"code": "Kt-Zkk-1", "reg": "xiv-kesz", "conf": 1.0}, "geometry": {"type": "Point", "coordinates": [19.126352, 47.5284266]}}, {"type": "Feature", "properties": {"code": "Vi-1/7", "reg": "xiv-kesz", "conf": 1.0}, "geometry": {"type": "Point", "coordinates": [19.0863183, 47.5207855]}}, {"type": "Feature", "properties": {"code": "Vi-2/7", "reg": "xiv-kesz", "conf": 1.0}, "geometry": {"type": "Point", "coordinates": [19.0874424, 47.5176959]}}, {"type": "Feature", "properties": {"code": "Vi-2/5", "reg": "xiv-kesz", "conf": 1.0}, "geometry": {"type": "Point", "coordinates": [19.0902758, 47.5182949]}}, {"type": "Feature", "properties": {"code": "Lk-1/3", "reg": "xiv-kesz", "conf": 1.0}, "geometry": {"type": "Point", "coordinates": [19.1013286, 47.5269694]}}, {"type": "Feature", "properties": {"code": "Lk-1/9", "reg": "xiv-kesz", "conf": 1.0}, "geometry": {"type": "Point", "coordinates": [19.0999042, 47.5234648]}}, {"type": "Feature", "properties": {"code": "Ln-2/8", "reg": "xiv-kesz", "conf": 1.0}, "geometry": {"type": "Point", "coordinates": [19.100518, 47.5225059]}}, {"type": "Feature", "properties": {"code": "Ln-T/1", "reg": "xiv-kesz", "conf": 1.0}, "geometry": {"type": "Point", "coordinates": [19.0978094, 47.5253201]}}, {"type": "Feature", "properties": {"code": "K-Eü/1", "reg": "xiv-kesz", "conf": 1.0}, "geometry": {"type": "Point", "coordinates": [19.1034033, 47.5192097]}}, {"type": "Feature", "properties": {"code": "Vi-2/11", "reg": "xiv-kesz", "conf": 1.0}, "geometry": {"type": "Point", "coordinates": [19.1036174, 47.517491]}}, {"type": "Feature", "properties": {"code": "Vi-2/15", "reg": "xiv-kesz", "conf": 1.0}, "geometry": {"type": "Point", "coordinates": [19.088967, 47.5224291]}}, {"type": "Feature", "properties": {"code": "K-Rek/4", "reg": "xiv-kesz", "conf": 1.0}, "geometry": {"type": "Point", "coordinates": [19.0914771, 47.5234983]}}, {"type": "Feature", "properties": {"code": "Kt-Zkk-2", "reg": "xiv-kesz", "conf": 1.0}, "geometry": {"type": "Point", "coordinates": [19.0921943, 47.5270684]}}, {"type": "Feature", "properties": {"code": "K-Közl/1", "reg": "xiv-kesz", "conf": 1.0}, "geometry": {"type": "Point", "coordinates": [19.0922769, 47.5190654]}}, {"type": "Feature", "properties": {"code": "Gksz-2/6", "reg": "xiv-kesz", "conf": 1.0}, "geometry": {"type": "Point", "coordinates": [19.0864478, 47.5221456]}}, {"type": "Feature", "properties": {"code": "Lk-2/16", "reg": "xiv-kesz", "conf": 1.0}, "geometry": {"type": "Point", "coordinates": [19.0984967, 47.518508]}}, {"type": "Feature", "properties": {"code": "Lk-2/13", "reg": "xiv-kesz", "conf": 1.0}, "geometry": {"type": "Point", "coordinates": [19.0993053, 47.5189936]}}, {"type": "Feature", "properties": {"code": "Kt-Kk", "reg": "xiv-kesz", "conf": 1.0}, "geometry": {"type": "Point", "coordinates": [19.103634, 47.5239933]}}, {"type": "Feature", "properties": {"code": "Lk-2/16", "reg": "xiv-kesz", "conf": 1.0}, "geometry": {"type": "Point", "coordinates": [19.0992378, 47.5174327]}}, {"type": "Feature", "properties": {"code": "Lk-1/3", "reg": "xiv-kesz", "conf": 1.0}, "geometry": {"type": "Point", "coordinates": [19.1006665, 47.5260374]}}, {"type": "Feature", "properties": {"code": "KÖu-3", "reg": "xiv-kesz", "conf": 1.0}, "geometry": {"type": "Point", "coordinates": [19.0884955, 47.5257855]}}, {"type": "Feature", "properties": {"code": "Lk-T/1", "reg": "xiv-kesz", "conf": 1.0}, "geometry": {"type": "Point", "coordinates": [19.0957995, 47.5205865]}}, {"type": "Feature", "properties": {"code": "Lk-1/3", "reg": "xiv-kesz", "conf": 1.0}, "geometry": {"type": "Point", "coordinates": [19.1003997, 47.5241434]}}, {"type": "Feature", "properties": {"code": "Ln-T/1", "reg": "xiv-kesz", "conf": 1.0}, "geometry": {"type": "Point", "coordinates": [19.0935223, 47.5218716]}}, {"type": "Feature", "properties": {"code": "Ln-T/1", "reg": "xiv-kesz", "conf": 1.0}, "geometry": {"type": "Point", "coordinates": [19.0986529, 47.5260136]}}, {"type": "Feature", "properties": {"code": "Lk-2/5", "reg": "xiv-kesz", "conf": 1.0}, "geometry": {"type": "Point", "coordinates": [19.094607, 47.5188403]}}, {"type": "Feature", "properties": {"code": "Lk-2/5", "reg": "xiv-kesz", "conf": 1.0}, "geometry": {"type": "Point", "coordinates": [19.0993143, 47.5196293]}}, {"type": "Feature", "properties": {"code": "Kt-Kk", "reg": "xiv-kesz", "conf": 1.0}, "geometry": {"type": "Point", "coordinates": [19.0984582, 47.5227873]}}, {"type": "Feature", "properties": {"code": "Ln-2/10", "reg": "xiv-kesz", "conf": 1.0}, "geometry": {"type": "Point", "coordinates": [19.102794, 47.5211397]}}, {"type": "Feature", "properties": {"code": "Zkp/Kk-2", "reg": "xiv-kesz", "conf": 1.0}, "geometry": {"type": "Point", "coordinates": [19.0921023, 47.520858]}}, {"type": "Feature", "properties": {"code": "Lk-2/15", "reg": "xiv-kesz", "conf": 1.0}, "geometry": {"type": "Point", "coordinates": [19.0976046, 47.5228597]}}, {"type": "Feature", "properties": {"code": "Lk-2/17", "reg": "xiv-kesz", "conf": 1.0}, "geometry": {"type": "Point", "coordinates": [19.0994765, 47.5177866]}}, {"type": "Feature", "properties": {"code": "KÖk", "reg": "xiv-kesz", "conf": 1.0}, "geometry": {"type": "Point", "coordinates": [19.0851696, 47.5227047]}}, {"type": "Feature", "properties": {"code": "KÖu-3", "reg": "xiv-kesz", "conf": 1.0}, "geometry": {"type": "Point", "coordinates": [19.0906415, 47.5250775]}}, {"type": "Feature", "properties": {"code": "Lk-2/4", "reg": "xiv-kesz", "conf": 1.0}, "geometry": {"type": "Point", "coordinates": [19.0953726, 47.5219743]}}, {"type": "Feature", "properties": {"code": "Kt-Kk", "reg": "xiv-kesz", "conf": 1.0}, "geometry": {"type": "Point", "coordinates": [19.0995258, 47.523595]}}, {"type": "Feature", "properties": {"code": "Ln-2/2", "reg": "xiv-kesz", "conf": 1.0}, "geometry": {"type": "Point", "coordinates": [19.1019415, 47.5215226]}}, {"type": "Feature", "properties": {"code": "Kt-Kk", "reg": "xiv-kesz", "conf": 1.0}, "geometry": {"type": "Point", "coordinates": [19.0952433, 47.5178968]}}, {"type": "Feature", "properties": {"code": "Kt-Kk", "reg": "xiv-kesz", "conf": 1.0}, "geometry": {"type": "Point", "coordinates": [19.0881645, 47.5250438]}}, {"type": "Feature", "properties": {"code": "Lk-2/1", "reg": "xiv-kesz", "conf": 1.0}, "geometry": {"type": "Point", "coordinates": [19.0962084, 47.518171]}}, {"type": "Feature", "properties": {"code": "Lk-T/1", "reg": "xiv-kesz", "conf": 1.0}, "geometry": {"type": "Point", "coordinates": [19.0970157, 47.5212268]}}, {"type": "Feature", "properties": {"code": "Lk-1/2", "reg": "xiv-kesz", "conf": 1.0}, "geometry": {"type": "Point", "coordinates": [19.1025709, 47.5238723]}}, {"type": "Feature", "properties": {"code": "Lk-1/2", "reg": "xiv-kesz", "conf": 1.0}, "geometry": {"type": "Point", "coordinates": [19.101393, 47.5233101]}}, {"type": "Feature", "properties": {"code": "Ln-T/3", "reg": "xiv-kesz", "conf": 1.0}, "geometry": {"type": "Point", "coordinates": [19.0987993, 47.5256184]}}, {"type": "Feature", "properties": {"code": "Ln-T/2", "reg": "xiv-kesz", "conf": 1.0}, "geometry": {"type": "Point", "coordinates": [19.0987228, 47.5237497]}}, {"type": "Feature", "properties": {"code": "Lk-T/1", "reg": "xiv-kesz", "conf": 1.0}, "geometry": {"type": "Point", "coordinates": [19.0974617, 47.5204181]}}, {"type": "Feature", "properties": {"code": "Ln-T/1", "reg": "xiv-kesz", "conf": 1.0}, "geometry": {"type": "Point", "coordinates": [19.093153, 47.5214917]}}, {"type": "Feature", "properties": {"code": "Gksz-2/6", "reg": "xiv-kesz", "conf": 1.0}, "geometry": {"type": "Point", "coordinates": [19.0843531, 47.5219373]}}, {"type": "Feature", "properties": {"code": "Kt-Zkk-3", "reg": "xiv-kesz", "conf": 1.0}, "geometry": {"type": "Point", "coordinates": [19.0937678, 47.522011]}}, {"type": "Feature", "properties": {"code": "Ln-T/1", "reg": "xiv-kesz", "conf": 1.0}, "geometry": {"type": "Point", "coordinates": [19.0958911, 47.5234256]}}, {"type": "Feature", "properties": {"code": "Vi-2/23", "reg": "xiv-kesz", "conf": 1.0}, "geometry": {"type": "Point", "coordinates": [19.0882983, 47.5181708]}}, {"type": "Feature", "properties": {"code": "Ln-T/8", "reg": "xiv-kesz", "conf": 1.0}, "geometry": {"type": "Point", "coordinates": [19.099216, 47.5258252]}}, {"type": "Feature", "properties": {"code": "Kt-Kk", "reg": "xiv-kesz", "conf": 1.0}, "geometry": {"type": "Point", "coordinates": [19.1032321, 47.5213602]}}, {"type": "Feature", "properties": {"code": "Kt-Zkk-3", "reg": "xiv-kesz", "conf": 1.0}, "geometry": {"type": "Point", "coordinates": [19.0950167, 47.5230599]}}, {"type": "Feature", "properties": {"code": "Ln-T/4", "reg": "xiv-kesz", "conf": 1.0}, "geometry": {"type": "Point", "coordinates": [19.0978286, 47.5241096]}}, {"type": "Feature", "properties": {"code": "KÖu-3", "reg": "xiv-kesz", "conf": 1.0}, "geometry": {"type": "Point", "coordinates": [19.0930514, 47.5246885]}}, {"type": "Feature", "properties": {"code": "Lk-T/1", "reg": "xiv-kesz", "conf": 1.0}, "geometry": {"type": "Point", "coordinates": [19.0971463, 47.5206478]}}, {"type": "Feature", "properties": {"code": "Lk-1/3", "reg": "xiv-kesz", "conf": 1.0}, "geometry": {"type": "Point", "coordinates": [19.0993253, 47.5249751]}}, {"type": "Feature", "properties": {"code": "Ln-T/1", "reg": "xiv-kesz", "conf": 1.0}, "geometry": {"type": "Point", "coordinates": [19.0994108, 47.5266577]}}, {"type": "Feature", "properties": {"code": "Ln-T/1", "reg": "xiv-kesz", "conf": 1.0}, "geometry": {"type": "Point", "coordinates": [19.0946073, 47.522433]}}, {"type": "Feature", "properties": {"code": "Lk-2/7", "reg": "xiv-kesz", "conf": 1.0}, "geometry": {"type": "Point", "coordinates": [19.0977218, 47.5212161]}}, {"type": "Feature", "properties": {"code": "Kt-Kk", "reg": "xiv-kesz", "conf": 1.0}, "geometry": {"type": "Point", "coordinates": [19.0964897, 47.5237282]}}, {"type": "Feature", "properties": {"code": "Lk-1/3", "reg": "xiv-kesz", "conf": 1.0}, "geometry": {"type": "Point", "coordinates": [19.1018038, 47.5274485]}}, {"type": "Feature", "properties": {"code": "Lk-2/4", "reg": "xiv-kesz", "conf": 1.0}, "geometry": {"type": "Point", "coordinates": [19.0973366, 47.5223144]}}, {"type": "Feature", "properties": {"code": "Ln-T/1", "reg": "xiv-kesz", "conf": 1.0}, "geometry": {"type": "Point", "coordinates": [19.0971371, 47.5247499]}}, {"type": "Feature", "properties": {"code": "Kt-Zkp-1", "reg": "xiv-kesz", "conf": 1.0}, "geometry": {"type": "Point", "coordinates": [19.0983792, 47.5264118]}}, {"type": "Feature", "properties": {"code": "Lk-1/3", "reg": "xiv-kesz", "conf": 1.0}, "geometry": {"type": "Point", "coordinates": [19.1020827, 47.525015]}}, {"type": "Feature", "properties": {"code": "Lk-2/14", "reg": "xiv-kesz", "conf": 1.0}, "geometry": {"type": "Point", "coordinates": [19.099884, 47.5207704]}}, {"type": "Feature", "properties": {"code": "Ln-2/1", "reg": "xiv-kesz", "conf": 1.0}, "geometry": {"type": "Point", "coordinates": [19.1022861, 47.5219331]}}, {"type": "Feature", "properties": {"code": "Kt-Kk", "reg": "xiv-kesz", "conf": 1.0}, "geometry": {"type": "Point", "coordinates": [19.0907656, 47.5197754]}}, {"type": "Feature", "properties": {"code": "Kt-Kk", "reg": "xiv-kesz", "conf": 1.0}, "geometry": {"type": "Point", "coordinates": [19.1027285, 47.5243012]}}, {"type": "Feature", "properties": {"code": "Lk-1/3", "reg": "xiv-kesz", "conf": 1.0}, "geometry": {"type": "Point", "coordinates": [19.1034717, 47.5261071]}}, {"type": "Feature", "properties": {"code": "Vi-2/3", "reg": "xiv-kesz", "conf": 1.0}, "geometry": {"type": "Point", "coordinates": [19.0951359, 47.5253993]}}, {"type": "Feature", "properties": {"code": "Lk-2/4", "reg": "xiv-kesz", "conf": 1.0}, "geometry": {"type": "Point", "coordinates": [19.1013904, 47.5180141]}}, {"type": "Feature", "properties": {"code": "Kt-Kk", "reg": "xiv-kesz", "conf": 1.0}, "geometry": {"type": "Point", "coordinates": [19.090162, 47.5189337]}}, {"type": "Feature", "properties": {"code": "Lk-1/2", "reg": "xiv-kesz", "conf": 1.0}, "geometry": {"type": "Point", "coordinates": [19.1032938, 47.5252356]}}, {"type": "Feature", "properties": {"code": "Lk-T/1", "reg": "xiv-kesz", "conf": 1.0}, "geometry": {"type": "Point", "coordinates": [19.0964482, 47.5201561]}}, {"type": "Feature", "properties": {"code": "Kt-Kk", "reg": "xiv-kesz", "conf": 1.0}, "geometry": {"type": "Point", "coordinates": [19.1023096, 47.5235992]}}, {"type": "Feature", "properties": {"code": "Kt-Kk", "reg": "xiv-kesz", "conf": 1.0}, "geometry": {"type": "Point", "coordinates": [19.0946982, 47.5182659]}}, {"type": "Feature", "properties": {"code": "Lk-2/5", "reg": "xiv-kesz", "conf": 1.0}, "geometry": {"type": "Point", "coordinates": [19.1015419, 47.518384]}}, {"type": "Feature", "properties": {"code": "K-Eü/1", "reg": "xiv-kesz", "conf": 1.0}, "geometry": {"type": "Point", "coordinates": [19.1010609, 47.5200689]}}, {"type": "Feature", "properties": {"code": "Lk-T/1", "reg": "xiv-kesz", "conf": 1.0}, "geometry": {"type": "Point", "coordinates": [19.0965855, 47.5210844]}}, {"type": "Feature", "properties": {"code": "KÖu-3", "reg": "xiv-kesz", "conf": 1.0}, "geometry": {"type": "Point", "coordinates": [19.0968494, 47.5240008]}}, {"type": "Feature", "properties": {"code": "Kt-Kk", "reg": "xiv-kesz", "conf": 1.0}, "geometry": {"type": "Point", "coordinates": [19.0992297, 47.5205292]}}, {"type": "Feature", "properties": {"code": "Lk-2/5", "reg": "xiv-kesz", "conf": 1.0}, "geometry": {"type": "Point", "coordinates": [19.0961565, 47.5198574]}}, {"type": "Feature", "properties": {"code": "Ln-T/1", "reg": "xiv-kesz", "conf": 1.0}, "geometry": {"type": "Point", "coordinates": [19.0940336, 47.5221152]}}, {"type": "Feature", "properties": {"code": "Kt-Kk", "reg": "xiv-kesz", "conf": 1.0}, "geometry": {"type": "Point", "coordinates": [19.0953671, 47.5187117]}}, {"type": "Feature", "properties": {"code": "KÖk", "reg": "xiv-kesz", "conf": 1.0}, "geometry": {"type": "Point", "coordinates": [19.0908681, 47.5186595]}}, {"type": "Feature", "properties": {"code": "Lk-2/5", "reg": "xiv-kesz", "conf": 1.0}, "geometry": {"type": "Point", "coordinates": [19.0973841, 47.5188021]}}, {"type": "Feature", "properties": {"code": "Kt-Fk-1", "reg": "xiv-kesz", "conf": 1.0}, "geometry": {"type": "Point", "coordinates": [19.0968545, 47.5244236]}}, {"type": "Feature", "properties": {"code": "Kt-Kk", "reg": "xiv-kesz", "conf": 1.0}, "geometry": {"type": "Point", "coordinates": [19.1002809, 47.5233652]}}, {"type": "Feature", "properties": {"code": "Vi-2/27", "reg": "xiv-kesz", "conf": 1.0}, "geometry": {"type": "Point", "coordinates": [19.0888478, 47.5175551]}}, {"type": "Feature", "properties": {"code": "Ln-T/4", "reg": "xiv-kesz", "conf": 1.0}, "geometry": {"type": "Point", "coordinates": [19.0942836, 47.5222944]}}, {"type": "Feature", "properties": {"code": "Lk-T/1", "reg": "xiv-kesz", "conf": 1.0}, "geometry": {"type": "Point", "coordinates": [19.0961351, 47.5203767]}}, {"type": "Feature", "properties": {"code": "Lk-2/5", "reg": "xiv-kesz", "conf": 1.0}, "geometry": {"type": "Point", "coordinates": [19.0956205, 47.5179397]}}, {"type": "Feature", "properties": {"code": "Kt-Kk", "reg": "xiv-kesz", "conf": 1.0}, "geometry": {"type": "Point", "coordinates": [19.1026999, 47.5226216]}}, {"type": "Feature", "properties": {"code": "Vi-2/5", "reg": "xiv-kesz", "conf": 1.0}, "geometry": {"type": "Point", "coordinates": [19.091947, 47.5173085]}}, {"type": "Feature", "properties": {"code": "Lk-2/1", "reg": "xiv-kesz", "conf": 1.0}, "geometry": {"type": "Point", "coordinates": [19.0969629, 47.5179366]}}, {"type": "Feature", "properties": {"code": "Lk-2/7", "reg": "xiv-kesz", "conf": 1.0}, "geometry": {"type": "Point", "coordinates": [19.1008752, 47.5181971]}}, {"type": "Feature", "properties": {"code": "Vi-2/3", "reg": "xiv-kesz", "conf": 1.0}, "geometry": {"type": "Point", "coordinates": [19.0973521, 47.527265]}}, {"type": "Feature", "properties": {"code": "Lk-2/1", "reg": "xiv-kesz", "conf": 1.0}, "geometry": {"type": "Point", "coordinates": [19.1032829, 47.5181512]}}, {"type": "Feature", "properties": {"code": "Vi-2/23", "reg": "xiv-kesz", "conf": 1.0}, "geometry": {"type": "Point", "coordinates": [19.0865842, 47.5185261]}}, {"type": "Feature", "properties": {"code": "Lk-1/3", "reg": "xiv-kesz", "conf": 1.0}, "geometry": {"type": "Point", "coordinates": [19.101965, 47.5241373]}}, {"type": "Feature", "properties": {"code": "Kt-Zkp-1", "reg": "xiv-kesz", "conf": 1.0}, "geometry": {"type": "Point", "coordinates": [19.0976024, 47.5207168]}}, {"type": "Feature", "properties": {"code": "Vi-2/8", "reg": "xiv-kesz", "conf": 1.0}, "geometry": {"type": "Point", "coordinates": [19.0967577, 47.5235275]}}, {"type": "Feature", "properties": {"code": "Lk-2/4", "reg": "xiv-kesz", "conf": 1.0}, "geometry": {"type": "Point", "coordinates": [19.1020216, 47.5176036]}}, {"type": "Feature", "properties": {"code": "Ln-T/1", "reg": "xiv-kesz", "conf": 1.0}, "geometry": {"type": "Point", "coordinates": [19.09806, 47.5259699]}}, {"type": "Feature", "properties": {"code": "Ln-T/1", "reg": "xiv-kesz", "conf": 1.0}, "geometry": {"type": "Point", "coordinates": [19.0991602, 47.5272168]}}, {"type": "Feature", "properties": {"code": "KÖk", "reg": "xiv-kesz", "conf": 1.0}, "geometry": {"type": "Point", "coordinates": [19.0898453, 47.5247727]}}, {"type": "Feature", "properties": {"code": "Kt-Kk", "reg": "xiv-kesz", "conf": 1.0}, "geometry": {"type": "Point", "coordinates": [19.0965451, 47.5188442]}}, {"type": "Feature", "properties": {"code": "Lk-1/3", "reg": "xiv-kesz", "conf": 1.0}, "geometry": {"type": "Point", "coordinates": [19.1032712, 47.5273723]}}, {"type": "Feature", "properties": {"code": "Lk-1/3", "reg": "xiv-kesz", "conf": 1.0}, "geometry": {"type": "Point", "coordinates": [19.1036964, 47.5256246]}}, {"type": "Feature", "properties": {"code": "Lk-2/4", "reg": "xiv-kesz", "conf": 1.0}, "geometry": {"type": "Point", "coordinates": [19.0991317, 47.5214857]}}, {"type": "Feature", "properties": {"code": "Lk-1/2", "reg": "xiv-kesz", "conf": 1.0}, "geometry": {"type": "Point", "coordinates": [19.1029504, 47.5234132]}}, {"type": "Feature", "properties": {"code": "Lk-T/1", "reg": "xiv-kesz", "conf": 1.0}, "geometry": {"type": "Point", "coordinates": [19.0970968, 47.5196997]}}, {"type": "Feature", "properties": {"code": "Lk-2/5", "reg": "xiv-kesz", "conf": 1.0}, "geometry": {"type": "Point", "coordinates": [19.0997511, 47.5217599]}}, {"type": "Feature", "properties": {"code": "Kt-Kk", "reg": "xiv-kesz", "conf": 1.0}, "geometry": {"type": "Point", "coordinates": [19.0986244, 47.520883]}}, {"type": "Feature", "properties": {"code": "Lk-T/1", "reg": "xiv-kesz", "conf": 1.0}, "geometry": {"type": "Point", "coordinates": [19.09725, 47.5200581]}}, {"type": "Feature", "properties": {"code": "Lk-2/5", "reg": "xiv-kesz", "conf": 1.0}, "geometry": {"type": "Point", "coordinates": [19.0948614, 47.5211931]}}, {"type": "Feature", "properties": {"code": "Lk-2/13", "reg": "xiv-kesz", "conf": 1.0}, "geometry": {"type": "Point", "coordinates": [19.0931406, 47.5202143]}}, {"type": "Feature", "properties": {"code": "Kt-Kk", "reg": "xiv-kesz", "conf": 1.0}, "geometry": {"type": "Point", "coordinates": [19.0836785, 47.5227966]}}, {"type": "Feature", "properties": {"code": "Kt-Zkk-2", "reg": "xiv-kesz", "conf": 1.0}, "geometry": {"type": "Point", "coordinates": [19.0890462, 47.5258426]}}, {"type": "Feature", "properties": {"code": "KÖu-4", "reg": "xiv-kesz", "conf": 1.0}, "geometry": {"type": "Point", "coordinates": [19.0894727, 47.5201721]}}, {"type": "Feature", "properties": {"code": "Lk-2/5", "reg": "xiv-kesz", "conf": 1.0}, "geometry": {"type": "Point", "coordinates": [19.0988974, 47.5223175]}}, {"type": "Feature", "properties": {"code": "Kt-Kk", "reg": "xiv-kesz", "conf": 1.0}, "geometry": {"type": "Point", "coordinates": [19.0948661, 47.5271213]}}, {"type": "Feature", "properties": {"code": "Kt-Kk", "reg": "xiv-kesz", "conf": 1.0}, "geometry": {"type": "Point", "coordinates": [19.0943077, 47.5247153]}}, {"type": "Feature", "properties": {"code": "Lk-2/5", "reg": "xiv-kesz", "conf": 1.0}, "geometry": {"type": "Point", "coordinates": [19.0953299, 47.5191559]}}, {"type": "Feature", "properties": {"code": "Lk-T/1", "reg": "xiv-kesz", "conf": 1.0}, "geometry": {"type": "Point", "coordinates": [19.097991, 47.5205223]}}, {"type": "Feature", "properties": {"code": "Gksz-1/8", "reg": "xiv-kesz", "conf": 1.0}, "geometry": {"type": "Point", "coordinates": [19.0887472, 47.5264453]}}, {"type": "Feature", "properties": {"code": "Kt-Kk", "reg": "xiv-kesz", "conf": 1.0}, "geometry": {"type": "Point", "coordinates": [19.0981997, 47.5241418]}}, {"type": "Feature", "properties": {"code": "Ln-T/3", "reg": "xiv-kesz", "conf": 1.0}, "geometry": {"type": "Point", "coordinates": [19.0999688, 47.5265229]}}, {"type": "Feature", "properties": {"code": "Ln-T/1", "reg": "xiv-kesz", "conf": 1.0}, "geometry": {"type": "Point", "coordinates": [19.0988044, 47.5250003]}}, {"type": "Feature", "properties": {"code": "Kt-Kk", "reg": "xiv-kesz", "conf": 1.0}, "geometry": {"type": "Point", "coordinates": [19.0883895, 47.517871]}}, {"type": "Feature", "properties": {"code": "Lk-1/3", "reg": "xiv-kesz", "conf": 1.0}, "geometry": {"type": "Point", "coordinates": [19.1011529, 47.5265398]}}, {"type": "Feature", "properties": {"code": "Ln-T/2", "reg": "xiv-kesz", "conf": 1.0}, "geometry": {"type": "Point", "coordinates": [19.0954705, 47.5223388]}}, {"type": "Feature", "properties": {"code": "Kt-Zkk-3", "reg": "xiv-kesz", "conf": 1.0}, "geometry": {"type": "Point", "coordinates": [19.0988196, 47.5251696]}}, {"type": "Feature", "properties": {"code": "Lk-2/1", "reg": "xiv-kesz", "conf": 1.0}, "geometry": {"type": "Point", "coordinates": [19.0967352, 47.5219759]}}, {"type": "Feature", "properties": {"code": "Vi-2/3", "reg": "xiv-kesz", "conf": 1.0}, "geometry": {"type": "Point", "coordinates": [19.0962125, 47.5270842]}}, {"type": "Feature", "properties": {"code": "Ln-2/2", "reg": "xiv-kesz", "conf": 1.0}, "geometry": {"type": "Point", "coordinates": [19.1033808, 47.5206602]}}, {"type": "Feature", "properties": {"code": "Lk-1/4", "reg": "xiv-kesz", "conf": 1.0}, "geometry": {"type": "Point", "coordinates": [19.1024019, 47.5247714]}}, {"type": "Feature", "properties": {"code": "Gksz-1/8", "reg": "xiv-kesz", "conf": 1.0}, "geometry": {"type": "Point", "coordinates": [19.0937451, 47.5260763]}}, {"type": "Feature", "properties": {"code": "Vi-2/3", "reg": "xiv-kesz", "conf": 1.0}, "geometry": {"type": "Point", "coordinates": [19.0956967, 47.5273783]}}, {"type": "Feature", "properties": {"code": "Kt-Kk", "reg": "xiv-kesz", "conf": 1.0}, "geometry": {"type": "Point", "coordinates": [19.0974985, 47.5275828]}}, {"type": "Feature", "properties": {"code": "Lk-T/1", "reg": "xiv-kesz", "conf": 1.0}, "geometry": {"type": "Point", "coordinates": [19.096331, 47.5207351]}}, {"type": "Feature", "properties": {"code": "Ln-T/1", "reg": "xiv-kesz", "conf": 1.0}, "geometry": {"type": "Point", "coordinates": [19.0980139, 47.5247706]}}, {"type": "Feature", "properties": {"code": "Kt-Kk", "reg": "xiv-kesz", "conf": 1.0}, "geometry": {"type": "Point", "coordinates": [19.0977562, 47.5196177]}}, {"type": "Feature", "properties": {"code": "Ln-T/3", "reg": "xiv-kesz", "conf": 1.0}, "geometry": {"type": "Point", "coordinates": [19.1001281, 47.5274722]}}, {"type": "Feature", "properties": {"code": "Zkp/Kp-1", "reg": "xiv-kesz", "conf": 1.0}, "geometry": {"type": "Point", "coordinates": [19.0974559, 47.5233912]}}, {"type": "Feature", "properties": {"code": "K-Közl/1", "reg": "xiv-kesz", "conf": 1.0}, "geometry": {"type": "Point", "coordinates": [19.0907791, 47.5201468]}}, {"type": "Feature", "properties": {"code": "KÖu-4", "reg": "xiv-kesz", "conf": 1.0}, "geometry": {"type": "Point", "coordinates": [19.0994481, 47.5229057]}}, {"type": "Feature", "properties": {"code": "Lk-1/3", "reg": "xiv-kesz", "conf": 1.0}, "geometry": {"type": "Point", "coordinates": [19.1002521, 47.5255529]}}, {"type": "Feature", "properties": {"code": "Kt-Zkk-3", "reg": "xiv-kesz", "conf": 1.0}, "geometry": {"type": "Point", "coordinates": [19.0932475, 47.5217353]}}, {"type": "Feature", "properties": {"code": "Kt-Zkk-3", "reg": "xiv-kesz", "conf": 1.0}, "geometry": {"type": "Point", "coordinates": [19.0994997, 47.526297]}}, {"type": "Feature", "properties": {"code": "KÖu-4", "reg": "xiv-kesz", "conf": 1.0}, "geometry": {"type": "Point", "coordinates": [19.093518, 47.5174265]}}, {"type": "Feature", "properties": {"code": "Lk-2/4", "reg": "xiv-kesz", "conf": 1.0}, "geometry": {"type": "Point", "coordinates": [19.0960213, 47.5215408]}}, {"type": "Feature", "properties": {"code": "Lk-1/3", "reg": "xiv-kesz", "conf": 1.0}, "geometry": {"type": "Point", "coordinates": [19.1012443, 47.52369]}}, {"type": "Feature", "properties": {"code": "Lk-2/1", "reg": "xiv-kesz", "conf": 1.0}, "geometry": {"type": "Point", "coordinates": [19.0988029, 47.5212054]}}, {"type": "Feature", "properties": {"code": "Kt-Zkk-3", "reg": "xiv-kesz", "conf": 1.0}, "geometry": {"type": "Point", "coordinates": [19.0983173, 47.5252937]}}, {"type": "Feature", "properties": {"code": "Kt-Kk", "reg": "xiv-kesz", "conf": 1.0}, "geometry": {"type": "Point", "coordinates": [19.0960383, 47.5192172]}}, {"type": "Feature", "properties": {"code": "Lk-2/5", "reg": "xiv-kesz", "conf": 1.0}, "geometry": {"type": "Point", "coordinates": [19.1008098, 47.5186995]}}, {"type": "Feature", "properties": {"code": "Lk-1/2", "reg": "xiv-kesz", "conf": 1.0}, "geometry": {"type": "Point", "coordinates": [19.1033232, 47.5225673]}}, {"type": "Feature", "properties": {"code": "Lk-2/5", "reg": "xiv-kesz", "conf": 1.0}, "geometry": {"type": "Point", "coordinates": [19.1024586, 47.5176672]}}, {"type": "Feature", "properties": {"code": "Kt-Kk", "reg": "xiv-kesz", "conf": 1.0}, "geometry": {"type": "Point", "coordinates": [19.0866655, 47.5269641]}}, {"type": "Feature", "properties": {"code": "Kt-Kk", "reg": "xiv-kesz", "conf": 1.0}, "geometry": {"type": "Point", "coordinates": [19.0966128, 47.5266952]}}, {"type": "Feature", "properties": {"code": "Lk-1/3", "reg": "xiv-kesz", "conf": 1.0}, "geometry": {"type": "Point", "coordinates": [19.0993816, 47.524318]}}, {"type": "Feature", "properties": {"code": "Vi-2/23", "reg": "xiv-kesz", "conf": 1.0}, "geometry": {"type": "Point", "coordinates": [19.0870797, 47.5181983]}}, {"type": "Feature", "properties": {"code": "Ln-T/1", "reg": "xiv-kesz", "conf": 1.0}, "geometry": {"type": "Point", "coordinates": [19.0985753, 47.5241146]}}, {"type": "Feature", "properties": {"code": "Ln-T/3", "reg": "xiv-kesz", "conf": 1.0}, "geometry": {"type": "Point", "coordinates": [19.0992385, 47.5260565]}}, {"type": "Feature", "properties": {"code": "Lk-2/5", "reg": "xiv-kesz", "conf": 1.0}, "geometry": {"type": "Point", "coordinates": [19.0942195, 47.5208898]}}, {"type": "Feature", "properties": {"code": "Lk-2/1", "reg": "xiv-kesz", "conf": 1.0}, "geometry": {"type": "Point", "coordinates": [19.0979492, 47.5217859]}}, {"type": "Feature", "properties": {"code": "Lk-T/1", "reg": "xiv-kesz", "conf": 1.0}, "geometry": {"type": "Point", "coordinates": [19.097777, 47.5201945]}}, {"type": "Feature", "properties": {"code": "Ln-T/1", "reg": "xiv-kesz", "conf": 1.0}, "geometry": {"type": "Point", "coordinates": [19.0952487, 47.5229018]}}, {"type": "Feature", "properties": {"code": "Lk-2/1", "reg": "xiv-kesz", "conf": 1.0}, "geometry": {"type": "Point", "coordinates": [19.0940527, 47.5217935]}}, {"type": "Feature", "properties": {"code": "Vi-2/3", "reg": "xiv-kesz", "conf": 1.0}, "geometry": {"type": "Point", "coordinates": [19.0944355, 47.5254391]}}, {"type": "Feature", "properties": {"code": "Lk-2/17", "reg": "xiv-kesz", "conf": 1.0}, "geometry": {"type": "Point", "coordinates": [19.0983952, 47.5222348]}}, {"type": "Feature", "properties": {"code": "Lk-T/1", "reg": "xiv-kesz", "conf": 1.0}, "geometry": {"type": "Point", "coordinates": [19.0967297, 47.5199754]}}, {"type": "Feature", "properties": {"code": "Lk-2/4", "reg": "xiv-kesz", "conf": 1.0}, "geometry": {"type": "Point", "coordinates": [19.094197, 47.5194775]}}, {"type": "Feature", "properties": {"code": "Ln-T/4", "reg": "xiv-kesz", "conf": 1.0}, "geometry": {"type": "Point", "coordinates": [19.0980567, 47.5245485]}}, {"type": "Feature", "properties": {"code": "Lk-1/3", "reg": "xiv-kesz", "conf": 1.0}, "geometry": {"type": "Point", "coordinates": [19.1019649, 47.5258053]}}, {"type": "Feature", "properties": {"code": "KÖk", "reg": "xiv-kesz", "conf": 1.0}, "geometry": {"type": "Point", "coordinates": [19.0900209, 47.5258924]}}, {"type": "Feature", "properties": {"code": "Lk-1/4", "reg": "xiv-kesz", "conf": 1.0}, "geometry": {"type": "Point", "coordinates": [19.1029155, 47.5231049]}}, {"type": "Feature", "properties": {"code": "Lk-2/4", "reg": "xiv-kesz", "conf": 1.0}, "geometry": {"type": "Point", "coordinates": [19.0983884, 47.5218442]}}, {"type": "Feature", "properties": {"code": "Kt-Kk", "reg": "xiv-kesz", "conf": 1.0}, "geometry": {"type": "Point", "coordinates": [19.0870837, 47.5184469]}}, {"type": "Feature", "properties": {"code": "Lk-T/1", "reg": "xiv-kesz", "conf": 1.0}, "geometry": {"type": "Point", "coordinates": [19.0968085, 47.5208776]}}, {"type": "Feature", "properties": {"code": "KÖu-4", "reg": "xiv-kesz", "conf": 1.0}, "geometry": {"type": "Point", "coordinates": [19.105434, 47.5236051]}}, {"type": "Feature", "properties": {"code": "Lk-1/6", "reg": "xiv-kesz", "conf": 1.0}, "geometry": {"type": "Point", "coordinates": [19.1184442, 47.5201893]}}, {"type": "Feature", "properties": {"code": "Lk-1/1", "reg": "xiv-kesz", "conf": 1.0}, "geometry": {"type": "Point", "coordinates": [19.1143271, 47.5216659]}}, {"type": "Feature", "properties": {"code": "Lk-1/2", "reg": "xiv-kesz", "conf": 1.0}, "geometry": {"type": "Point", "coordinates": [19.1055898, 47.5264957]}}, {"type": "Feature", "properties": {"code": "Ln-2/4", "reg": "xiv-kesz", "conf": 1.0}, "geometry": {"type": "Point", "coordinates": [19.108197, 47.5195365]}}, {"type": "Feature", "properties": {"code": "K-Eü/1", "reg": "xiv-kesz", "conf": 1.0}, "geometry": {"type": "Point", "coordinates": [19.1034045, 47.5192085]}}, {"type": "Feature", "properties": {"code": "Kt-Fk-1", "reg": "xiv-kesz", "conf": 1.0}, "geometry": {"type": "Point", "coordinates": [19.1038347, 47.520843]}}, {"type": "Feature", "properties": {"code": "Lk-1/12", "reg": "xiv-kesz", "conf": 1.0}, "geometry": {"type": "Point", "coordinates": [19.1156325, 47.5245914]}}, {"type": "Feature", "properties": {"code": "Lke-1/3", "reg": "xiv-kesz", "conf": 1.0}, "geometry": {"type": "Point", "coordinates": [19.1129193, 47.5275849]}}, {"type": "Feature", "properties": {"code": "Lk-1/10", "reg": "xiv-kesz", "conf": 1.0}, "geometry": {"type": "Point", "coordinates": [19.1153688, 47.522981]}}, {"type": "Feature", "properties": {"code": "K-Rek/1", "reg": "xiv-kesz", "conf": 1.0}, "geometry": {"type": "Point", "coordinates": [19.1225111, 47.5256562]}}, {"type": "Feature", "properties": {"code": "Gksz-1/10", "reg": "xiv-kesz", "conf": 1.0}, "geometry": {"type": "Point", "coordinates": [19.1055037, 47.5247002]}}, {"type": "Feature", "properties": {"code": "Lk-1/15", "reg": "xiv-kesz", "conf": 1.0}, "geometry": {"type": "Point", "coordinates": [19.1167184, 47.5238755]}}, {"type": "Feature", "properties": {"code": "Lk-1/19", "reg": "xiv-kesz", "conf": 1.0}, "geometry": {"type": "Point", "coordinates": [19.1102001, 47.5269262]}}, {"type": "Feature", "properties": {"code": "Lk-1/13", "reg": "xiv-kesz", "conf": 1.0}, "geometry": {"type": "Point", "coordinates": [19.1044715, 47.5248947]}}, {"type": "Feature", "properties": {"code": "Ln-2/10", "reg": "xiv-kesz", "conf": 1.0}, "geometry": {"type": "Point", "coordinates": [19.1044471, 47.519866]}}, {"type": "Feature", "properties": {"code": "Lk-2/3", "reg": "xiv-kesz", "conf": 1.0}, "geometry": {"type": "Point", "coordinates": [19.1184799, 47.5253939]}}, {"type": "Feature", "properties": {"code": "Kt-Kk", "reg": "xiv-kesz", "conf": 1.0}, "geometry": {"type": "Point", "coordinates": [19.1036318, 47.523981]}}, {"type": "Feature", "properties": {"code": "Lk-1/3", "reg": "xiv-kesz", "conf": 1.0}, "geometry": {"type": "Point", "coordinates": [19.1045917, 47.5276445]}}, {"type": "Feature", "properties": {"code": "Zkp/Kk-1", "reg": "xiv-kesz", "conf": 1.0}, "geometry": {"type": "Point", "coordinates": [19.1123973, 47.5269947]}}, {"type": "Feature", "properties": {"code": "Lk-1/4", "reg": "xiv-kesz", "conf": 1.0}, "geometry": {"type": "Point", "coordinates": [19.1092199, 47.5275611]}}, {"type": "Feature", "properties": {"code": "Lk-1/5", "reg": "xiv-kesz", "conf": 1.0}, "geometry": {"type": "Point", "coordinates": [19.1111887, 47.5243597]}}, {"type": "Feature", "properties": {"code": "Lk-2/5", "reg": "xiv-kesz", "conf": 1.0}, "geometry": {"type": "Point", "coordinates": [19.1155814, 47.5261851]}}, {"type": "Feature", "properties": {"code": "Kt-Kk", "reg": "xiv-kesz", "conf": 1.0}, "geometry": {"type": "Point", "coordinates": [19.1079856, 47.521056]}}, {"type": "Feature", "properties": {"code": "Lk-1/14", "reg": "xiv-kesz", "conf": 1.0}, "geometry": {"type": "Point", "coordinates": [19.1172311, 47.5177761]}}, {"type": "Feature", "properties": {"code": "Lk-1/4", "reg": "xiv-kesz", "conf": 1.0}, "geometry": {"type": "Point", "coordinates": [19.1222739, 47.520077]}}, {"type": "Feature", "properties": {"code": "K-Rek/1", "reg": "xiv-kesz", "conf": 1.0}, "geometry": {"type": "Point", "coordinates": [19.1204508, 47.524875]}}, {"type": "Feature", "properties": {"code": "Kt-Kk", "reg": "xiv-kesz", "conf": 1.0}, "geometry": {"type": "Point", "coordinates": [19.110205, 47.5204072]}}, {"type": "Feature", "properties": {"code": "Ln-2/10", "reg": "xiv-kesz", "conf": 1.0}, "geometry": {"type": "Point", "coordinates": [19.1027992, 47.5211357]}}, {"type": "Feature", "properties": {"code": "Kt-Zkk-1", "reg": "xiv-kesz", "conf": 1.0}, "geometry": {"type": "Point", "coordinates": [19.1180501, 47.5247206]}}, {"type": "Feature", "properties": {"code": "Lk-1/19", "reg": "xiv-kesz", "conf": 1.0}, "geometry": {"type": "Point", "coordinates": [19.1123283, 47.5230029]}}, {"type": "Feature", "properties": {"code": "Lk-1/2", "reg": "xiv-kesz", "conf": 1.0}, "geometry": {"type": "Point", "coordinates": [19.1061279, 47.5222653]}}, {"type": "Feature", "properties": {"code": "Kt-Kk", "reg": "xiv-kesz", "conf": 1.0}, "geometry": {"type": "Point", "coordinates": [19.119407, 47.5238796]}}, {"type": "Feature", "properties": {"code": "Lk-1/4", "reg": "xiv-kesz", "conf": 1.0}, "geometry": {"type": "Point", "coordinates": [19.1076488, 47.5238434]}}, {"type": "Feature", "properties": {"code": "Ln-2/1", "reg": "xiv-kesz", "conf": 1.0}, "geometry": {"type": "Point", "coordinates": [19.1062115, 47.5203582]}}, {"type": "Feature", "properties": {"code": "Lk-1/19", "reg": "xiv-kesz", "conf": 1.0}, "geometry": {"type": "Point", "coordinates": [19.1105795, 47.5250817]}}, {"type": "Feature", "properties": {"code": "Lk-1/6", "reg": "xiv-kesz", "conf": 1.0}, "geometry": {"type": "Point", "coordinates": [19.1126991, 47.5221464]}}, {"type": "Feature", "properties": {"code": "Lk-1/4", "reg": "xiv-kesz", "conf": 1.0}, "geometry": {"type": "Point", "coordinates": [19.1206897, 47.5173718]}}, {"type": "Feature", "properties": {"code": "Lk-1/2", "reg": "xiv-kesz", "conf": 1.0}, "geometry": {"type": "Point", "coordinates": [19.1025776, 47.5238642]}}, {"type": "Feature", "properties": {"code": "Lk-2/5", "reg": "xiv-kesz", "conf": 1.0}, "geometry": {"type": "Point", "coordinates": [19.117025, 47.5258392]}}, {"type": "Feature", "properties": {"code": "Lk-1/6", "reg": "xiv-kesz", "conf": 1.0}, "geometry": {"type": "Point", "coordinates": [19.1089529, 47.5233232]}}, {"type": "Feature", "properties": {"code": "Kt-Kk", "reg": "xiv-kesz", "conf": 1.0}, "geometry": {"type": "Point", "coordinates": [19.1136604, 47.5189689]}}, {"type": "Feature", "properties": {"code": "Lk-1/4", "reg": "xiv-kesz", "conf": 1.0}, "geometry": {"type": "Point", "coordinates": [19.1132984, 47.5252755]}}, {"type": "Feature", "properties": {"code": "Ln-2/1", "reg": "xiv-kesz", "conf": 1.0}, "geometry": {"type": "Point", "coordinates": [19.1084122, 47.5176874]}}, {"type": "Feature", "properties": {"code": "Lk-1/4", "reg": "xiv-kesz", "conf": 1.0}, "geometry": {"type": "Point", "coordinates": [19.1153017, 47.5239782]}}, {"type": "Feature", "properties": {"code": "Lk-1/4", "reg": "xiv-kesz", "conf": 1.0}, "geometry": {"type": "Point", "coordinates": [19.1078616, 47.5217511]}}, {"type": "Feature", "properties": {"code": "Lke-1/1", "reg": "xiv-kesz", "conf": 1.0}, "geometry": {"type": "Point", "coordinates": [19.1140683, 47.5272452]}}, {"type": "Feature", "properties": {"code": "Lk-1/6", "reg": "xiv-kesz", "conf": 1.0}, "geometry": {"type": "Point", "coordinates": [19.1058821, 47.5263535]}}, {"type": "Feature", "properties": {"code": "Kt-Kk", "reg": "xiv-kesz", "conf": 1.0}, "geometry": {"type": "Point", "coordinates": [19.112596, 47.5186973]}}, {"type": "Feature", "properties": {"code": "Kt-Kk", "reg": "xiv-kesz", "conf": 1.0}, "geometry": {"type": "Point", "coordinates": [19.1032069, 47.5213543]}}, {"type": "Feature", "properties": {"code": "Kt-Kk", "reg": "xiv-kesz", "conf": 1.0}, "geometry": {"type": "Point", "coordinates": [19.1122204, 47.5274138]}}, {"type": "Feature", "properties": {"code": "Lk-1/7", "reg": "xiv-kesz", "conf": 1.0}, "geometry": {"type": "Point", "coordinates": [19.1210788, 47.5173916]}}, {"type": "Feature", "properties": {"code": "Lk-1/6", "reg": "xiv-kesz", "conf": 1.0}, "geometry": {"type": "Point", "coordinates": [19.1206324, 47.5203954]}}, {"type": "Feature", "properties": {"code": "Lk-1/6", "reg": "xiv-kesz", "conf": 1.0}, "geometry": {"type": "Point", "coordinates": [19.1178429, 47.5179779]}}, {"type": "Feature", "properties": {"code": "Lk-1/6", "reg": "xiv-kesz", "conf": 1.0}, "geometry": {"type": "Point", "coordinates": [19.1173375, 47.5195823]}}, {"type": "Feature", "properties": {"code": "Lk-1/2", "reg": "xiv-kesz", "conf": 1.0}, "geometry": {"type": "Point", "coordinates": [19.1043423, 47.5221188]}}, {"type": "Feature", "properties": {"code": "Lk-1/5", "reg": "xiv-kesz", "conf": 1.0}, "geometry": {"type": "Point", "coordinates": [19.1097467, 47.5230799]}}, {"type": "Feature", "properties": {"code": "Lk-1/1", "reg": "xiv-kesz", "conf": 1.0}, "geometry": {"type": "Point", "coordinates": [19.1157758, 47.5228678]}}, {"type": "Feature", "properties": {"code": "Kt-Kk", "reg": "xiv-kesz", "conf": 1.0}, "geometry": {"type": "Point", "coordinates": [19.1094553, 47.5198521]}}, {"type": "Feature", "properties": {"code": "Lk-1/6", "reg": "xiv-kesz", "conf": 1.0}, "geometry": {"type": "Point", "coordinates": [19.1222699, 47.5213862]}}, {"type": "Feature", "properties": {"code": "Lk-1/4", "reg": "xiv-kesz", "conf": 1.0}, "geometry": {"type": "Point", "coordinates": [19.1115041, 47.5260527]}}, {"type": "Feature", "properties": {"code": "Ln-2/2", "reg": "xiv-kesz", "conf": 1.0}, "geometry": {"type": "Point", "coordinates": [19.1074281, 47.5201071]}}, {"type": "Feature", "properties": {"code": "Kt-Kk", "reg": "xiv-kesz", "conf": 1.0}, "geometry": {"type": "Point", "coordinates": [19.102729, 47.5242878]}}, {"type": "Feature", "properties": {"code": "Lk-1/3", "reg": "xiv-kesz", "conf": 1.0}, "geometry": {"type": "Point", "coordinates": [19.103478, 47.5260954]}}, {"type": "Feature", "properties": {"code": "Lk-1/10", "reg": "xiv-kesz", "conf": 1.0}, "geometry": {"type": "Point", "coordinates": [19.1123746, 47.5204672]}}, {"type": "Feature", "properties": {"code": "Lk-1/2", "reg": "xiv-kesz", "conf": 1.0}, "geometry": {"type": "Point", "coordinates": [19.1033022, 47.5252252]}}, {"type": "Feature", "properties": {"code": "Lk-1/7", "reg": "xiv-kesz", "conf": 1.0}, "geometry": {"type": "Point", "coordinates": [19.120627, 47.5180845]}}, {"type": "Feature", "properties": {"code": "Ln-2/1", "reg": "xiv-kesz", "conf": 1.0}, "geometry": {"type": "Point", "coordinates": [19.1065754, 47.5191697]}}, {"type": "Feature", "properties": {"code": "Lk-1/2", "reg": "xiv-kesz", "conf": 1.0}, "geometry": {"type": "Point", "coordinates": [19.1055181, 47.5272696]}}, {"type": "Feature", "properties": {"code": "Lk-1/6", "reg": "xiv-kesz", "conf": 1.0}, "geometry": {"type": "Point", "coordinates": [19.1197736, 47.5211251]}}, {"type": "Feature", "properties": {"code": "Lk-1/2", "reg": "xiv-kesz", "conf": 1.0}, "geometry": {"type": "Point", "coordinates": [19.1046677, 47.5263583]}}, {"type": "Feature", "properties": {"code": "Kt-Kk", "reg": "xiv-kesz", "conf": 1.0}, "geometry": {"type": "Point", "coordinates": [19.1048713, 47.5219811]}}, {"type": "Feature", "properties": {"code": "Zkp/Kk-1", "reg": "xiv-kesz", "conf": 1.0}, "geometry": {"type": "Point", "coordinates": [19.1143939, 47.5260063]}}, {"type": "Feature", "properties": {"code": "Lk-2/3", "reg": "xiv-kesz", "conf": 1.0}, "geometry": {"type": "Point", "coordinates": [19.1177963, 47.5255439]}}, {"type": "Feature", "properties": {"code": "Lk-2/3", "reg": "xiv-kesz", "conf": 1.0}, "geometry": {"type": "Point", "coordinates": [19.1197846, 47.526351]}}, {"type": "Feature", "properties": {"code": "Ln-2/4", "reg": "xiv-kesz", "conf": 1.0}, "geometry": {"type": "Point", "coordinates": [19.1058264, 47.5187279]}}, {"type": "Feature", "properties": {"code": "Kt-Kk", "reg": "xiv-kesz", "conf": 1.0}, "geometry": {"type": "Point", "coordinates": [19.1174073, 47.524169]}}, {"type": "Feature", "properties": {"code": "Lk-1/6", "reg": "xiv-kesz", "conf": 1.0}, "geometry": {"type": "Point", "coordinates": [19.1109834, 47.522682]}}, {"type": "Feature", "properties": {"code": "Lk-1/4", "reg": "xiv-kesz", "conf": 1.0}, "geometry": {"type": "Point", "coordinates": [19.103758, 47.5231482]}}, {"type": "Feature", "properties": {"code": "Zkp/Kk-1", "reg": "xiv-kesz", "conf": 1.0}, "geometry": {"type": "Point", "coordinates": [19.1142281, 47.5202375]}}, {"type": "Feature", "properties": {"code": "Kt-Kk", "reg": "xiv-kesz", "conf": 1.0}, "geometry": {"type": "Point", "coordinates": [19.1134695, 47.5182195]}}, {"type": "Feature", "properties": {"code": "Kt-Kk", "reg": "xiv-kesz", "conf": 1.0}, "geometry": {"type": "Point", "coordinates": [19.1095632, 47.5182485]}}, {"type": "Feature", "properties": {"code": "Lk-1/5", "reg": "xiv-kesz", "conf": 1.0}, "geometry": {"type": "Point", "coordinates": [19.1116772, 47.5258019]}}, {"type": "Feature", "properties": {"code": "Lk-1/4", "reg": "xiv-kesz", "conf": 1.0}, "geometry": {"type": "Point", "coordinates": [19.1049879, 47.5227809]}}, {"type": "Feature", "properties": {"code": "Lk-2/4", "reg": "xiv-kesz", "conf": 1.0}, "geometry": {"type": "Point", "coordinates": [19.1187811, 47.5250986]}}, {"type": "Feature", "properties": {"code": "KÖu-3", "reg": "xiv-kesz", "conf": 1.0}, "geometry": {"type": "Point", "coordinates": [19.1212903, 47.5266872]}}, {"type": "Feature", "properties": {"code": "Lk-1/6", "reg": "xiv-kesz", "conf": 1.0}, "geometry": {"type": "Point", "coordinates": [19.1096246, 47.5214281]}}, {"type": "Feature", "properties": {"code": "Kt-Kk", "reg": "xiv-kesz", "conf": 1.0}, "geometry": {"type": "Point", "coordinates": [19.1063779, 47.5216398]}}, {"type": "Feature", "properties": {"code": "Ln-2/1", "reg": "xiv-kesz", "conf": 1.0}, "geometry": {"type": "Point", "coordinates": [19.104723, 47.5210176]}}, {"type": "Feature", "properties": {"code": "Kt-Kk", "reg": "xiv-kesz", "conf": 1.0}, "geometry": {"type": "Point", "coordinates": [19.1026721, 47.5226131]}}, {"type": "Feature", "properties": {"code": "Kt-Kk", "reg": "xiv-kesz", "conf": 1.0}, "geometry": {"type": "Point", "coordinates": [19.1132653, 47.5209457]}}, {"type": "Feature", "properties": {"code": "Ln-2/2", "reg": "xiv-kesz", "conf": 1.0}, "geometry": {"type": "Point", "coordinates": [19.1049496, 47.5195906]}}, {"type": "Feature", "properties": {"code": "Kt-Kk", "reg": "xiv-kesz", "conf": 1.0}, "geometry": {"type": "Point", "coordinates": [19.115209, 47.5180938]}}, {"type": "Feature", "properties": {"code": "Lk-1/4", "reg": "xiv-kesz", "conf": 1.0}, "geometry": {"type": "Point", "coordinates": [19.1166758, 47.5242456]}}, {"type": "Feature", "properties": {"code": "KÖu-4", "reg": "xiv-kesz", "conf": 1.0}, "geometry": {"type": "Point", "coordinates": [19.1217839, 47.5265082]}}, {"type": "Feature", "properties": {"code": "Lk-2/1", "reg": "xiv-kesz", "conf": 1.0}, "geometry": {"type": "Point", "coordinates": [19.1032861, 47.5181517]}}, {"type": "Feature", "properties": {"code": "Lk-1/4", "reg": "xiv-kesz", "conf": 1.0}, "geometry": {"type": "Point", "coordinates": [19.1067793, 47.5261407]}}, {"type": "Feature", "properties": {"code": "Lk-1/4", "reg": "xiv-kesz", "conf": 1.0}, "geometry": {"type": "Point", "coordinates": [19.1087428, 47.5267108]}}, {"type": "Feature", "properties": {"code": "Lk-1/2", "reg": "xiv-kesz", "conf": 1.0}, "geometry": {"type": "Point", "coordinates": [19.1072746, 47.5215708]}}, {"type": "Feature", "properties": {"code": "Lk-1/4", "reg": "xiv-kesz", "conf": 1.0}, "geometry": {"type": "Point", "coordinates": [19.1101324, 47.5262686]}}, {"type": "Feature", "properties": {"code": "Kt-Kk", "reg": "xiv-kesz", "conf": 1.0}, "geometry": {"type": "Point", "coordinates": [19.1044709, 47.5261809]}}, {"type": "Feature", "properties": {"code": "Lk-1/2", "reg": "xiv-kesz", "conf": 1.0}, "geometry": {"type": "Point", "coordinates": [19.1093905, 47.5209097]}}, {"type": "Feature", "properties": {"code": "Kt-Kk", "reg": "xiv-kesz", "conf": 1.0}, "geometry": {"type": "Point", "coordinates": [19.1037457, 47.5190318]}}, {"type": "Feature", "properties": {"code": "Lk-1/3", "reg": "xiv-kesz", "conf": 1.0}, "geometry": {"type": "Point", "coordinates": [19.1032783, 47.5273587]}}, {"type": "Feature", "properties": {"code": "Lk-1/4", "reg": "xiv-kesz", "conf": 1.0}, "geometry": {"type": "Point", "coordinates": [19.1100508, 47.5245633]}}, {"type": "Feature", "properties": {"code": "Lk-1/3", "reg": "xiv-kesz", "conf": 1.0}, "geometry": {"type": "Point", "coordinates": [19.1036746, 47.525619]}}, {"type": "Feature", "properties": {"code": "Kt-Kk", "reg": "xiv-kesz", "conf": 1.0}, "geometry": {"type": "Point", "coordinates": [19.1051496, 47.5190323]}}, {"type": "Feature", "properties": {"code": "Kt-Kk", "reg": "xiv-kesz", "conf": 1.0}, "geometry": {"type": "Point", "coordinates": [19.1209801, 47.5269993]}}, {"type": "Feature", "properties": {"code": "Lk-1/2", "reg": "xiv-kesz", "conf": 1.0}, "geometry": {"type": "Point", "coordinates": [19.1029282, 47.523411]}}, {"type": "Feature", "properties": {"code": "Lke-1/1", "reg": "xiv-kesz", "conf": 1.0}, "geometry": {"type": "Point", "coordinates": [19.122156, 47.5234096]}}, {"type": "Feature", "properties": {"code": "KÖu-3", "reg": "xiv-kesz", "conf": 1.0}, "geometry": {"type": "Point", "coordinates": [19.1117255, 47.5195772]}}, {"type": "Feature", "properties": {"code": "Kt-Kk", "reg": "xiv-kesz", "conf": 1.0}, "geometry": {"type": "Point", "coordinates": [19.1053008, 47.5206229]}}, {"type": "Feature", "properties": {"code": "Ln-2/2", "reg": "xiv-kesz", "conf": 1.0}, "geometry": {"type": "Point", "coordinates": [19.1071595, 47.5176769]}}, {"type": "Feature", "properties": {"code": "Kt-Kk", "reg": "xiv-kesz", "conf": 1.0}, "geometry": {"type": "Point", "coordinates": [19.1152055, 47.5223739]}}, {"type": "Feature", "properties": {"code": "Lk-2/5", "reg": "xiv-kesz", "conf": 1.0}, "geometry": {"type": "Point", "coordinates": [19.1186647, 47.5266357]}}, {"type": "Feature", "properties": {"code": "Lk-2/3", "reg": "xiv-kesz", "conf": 1.0}, "geometry": {"type": "Point", "coordinates": [19.1199109, 47.5272625]}}, {"type": "Feature", "properties": {"code": "Zkp/Kp-1", "reg": "xiv-kesz", "conf": 1.0}, "geometry": {"type": "Point", "coordinates": [19.1191781, 47.5237255]}}, {"type": "Feature", "properties": {"code": "Lk-1/5", "reg": "xiv-kesz", "conf": 1.0}, "geometry": {"type": "Point", "coordinates": [19.11073, 47.5246886]}}, {"type": "Feature", "properties": {"code": "Lk-1/3", "reg": "xiv-kesz", "conf": 1.0}, "geometry": {"type": "Point", "coordinates": [19.1050143, 47.5271305]}}, {"type": "Feature", "properties": {"code": "Kt-Kk", "reg": "xiv-kesz", "conf": 1.0}, "geometry": {"type": "Point", "coordinates": [19.114285, 47.5205732]}}, {"type": "Feature", "properties": {"code": "Lk-1/4", "reg": "xiv-kesz", "conf": 1.0}, "geometry": {"type": "Point", "coordinates": [19.1079059, 47.5257903]}}, {"type": "Feature", "properties": {"code": "Kt-Kk", "reg": "xiv-kesz", "conf": 1.0}, "geometry": {"type": "Point", "coordinates": [19.1073023, 47.5205369]}}, {"type": "Feature", "properties": {"code": "Lk-1/4", "reg": "xiv-kesz", "conf": 1.0}, "geometry": {"type": "Point", "coordinates": [19.1129292, 47.5240811]}}, {"type": "Feature", "properties": {"code": "Lk-1/6", "reg": "xiv-kesz", "conf": 1.0}, "geometry": {"type": "Point", "coordinates": [19.1192039, 47.5191186]}}, {"type": "Feature", "properties": {"code": "Ln-2/2", "reg": "xiv-kesz", "conf": 1.0}, "geometry": {"type": "Point", "coordinates": [19.1033848, 47.5206569]}}, {"type": "Feature", "properties": {"code": "Lk-1/10", "reg": "xiv-kesz", "conf": 1.0}, "geometry": {"type": "Point", "coordinates": [19.1138931, 47.5217256]}}, {"type": "Feature", "properties": {"code": "Kt-Kk", "reg": "xiv-kesz", "conf": 1.0}, "geometry": {"type": "Point", "coordinates": [19.1056835, 47.5275977]}}, {"type": "Feature", "properties": {"code": "Lk-1/4", "reg": "xiv-kesz", "conf": 1.0}, "geometry": {"type": "Point", "coordinates": [19.1090593, 47.5253129]}}, {"type": "Feature", "properties": {"code": "Lk-2/5", "reg": "xiv-kesz", "conf": 1.0}, "geometry": {"type": "Point", "coordinates": [19.1179542, 47.5267934]}}, {"type": "Feature", "properties": {"code": "Ln-2/15", "reg": "xiv-kesz", "conf": 1.0}, "geometry": {"type": "Point", "coordinates": [19.1096752, 47.5185544]}}, {"type": "Feature", "properties": {"code": "Kt-Kk", "reg": "xiv-kesz", "conf": 1.0}, "geometry": {"type": "Point", "coordinates": [19.1042394, 47.5205371]}}, {"type": "Feature", "properties": {"code": "Lk-2/4", "reg": "xiv-kesz", "conf": 1.0}, "geometry": {"type": "Point", "coordinates": [19.1214873, 47.527328]}}, {"type": "Feature", "properties": {"code": "Zkp/Kk-1", "reg": "xiv-kesz", "conf": 1.0}, "geometry": {"type": "Point", "coordinates": [19.1170134, 47.5247881]}}, {"type": "Feature", "properties": {"code": "Lk-1/6", "reg": "xiv-kesz", "conf": 1.0}, "geometry": {"type": "Point", "coordinates": [19.1138734, 47.5233131]}}, {"type": "Feature", "properties": {"code": "Lk-2/4", "reg": "xiv-kesz", "conf": 1.0}, "geometry": {"type": "Point", "coordinates": [19.1202029, 47.5263357]}}, {"type": "Feature", "properties": {"code": "Kt-Kk", "reg": "xiv-kesz", "conf": 1.0}, "geometry": {"type": "Point", "coordinates": [19.1066469, 47.5180464]}}, {"type": "Feature", "properties": {"code": "Lk-1/4", "reg": "xiv-kesz", "conf": 1.0}, "geometry": {"type": "Point", "coordinates": [19.1082911, 47.5215798]}}, {"type": "Feature", "properties": {"code": "Ln-2/1", "reg": "xiv-kesz", "conf": 1.0}, "geometry": {"type": "Point", "coordinates": [19.1105289, 47.5191706]}}, {"type": "Feature", "properties": {"code": "Kt-Kk", "reg": "xiv-kesz", "conf": 1.0}, "geometry": {"type": "Point", "coordinates": [19.1192609, 47.5255704]}}, {"type": "Feature", "properties": {"code": "Kt-Kk", "reg": "xiv-kesz", "conf": 1.0}, "geometry": {"type": "Point", "coordinates": [19.1063064, 47.5273674]}}, {"type": "Feature", "properties": {"code": "Lk-1/5", "reg": "xiv-kesz", "conf": 1.0}, "geometry": {"type": "Point", "coordinates": [19.1093802, 47.5232742]}}, {"type": "Feature", "properties": {"code": "Lk-1/2", "reg": "xiv-kesz", "conf": 1.0}, "geometry": {"type": "Point", "coordinates": [19.1033282, 47.522561]}}, {"type": "Feature", "properties": {"code": "Lk-1/4", "reg": "xiv-kesz", "conf": 1.0}, "geometry": {"type": "Point", "coordinates": [19.1064795, 47.5243162]}}, {"type": "Feature", "properties": {"code": "Lk-1/4", "reg": "xiv-kesz", "conf": 1.0}, "geometry": {"type": "Point", "coordinates": [19.1209736, 47.5187834]}}, {"type": "Feature", "properties": {"code": "Ln-2/2", "reg": "xiv-kesz", "conf": 1.0}, "geometry": {"type": "Point", "coordinates": [19.1137218, 47.5179526]}}, {"type": "Feature", "properties": {"code": "Ln-2/4", "reg": "xiv-kesz", "conf": 1.0}, "geometry": {"type": "Point", "coordinates": [19.1055344, 47.5197236]}}, {"type": "Feature", "properties": {"code": "Lk-1/19", "reg": "xiv-kesz", "conf": 1.0}, "geometry": {"type": "Point", "coordinates": [19.1095526, 47.5272689]}}, {"type": "Feature", "properties": {"code": "Lk-1/4", "reg": "xiv-kesz", "conf": 1.0}, "geometry": {"type": "Point", "coordinates": [19.1078186, 47.527023]}}, {"type": "Feature", "properties": {"code": "Kt-Kk", "reg": "xiv-kesz", "conf": 1.0}, "geometry": {"type": "Point", "coordinates": [19.111399, 47.52002]}}, {"type": "Feature", "properties": {"code": "Kt-Kk", "reg": "xiv-kesz", "conf": 1.0}, "geometry": {"type": "Point", "coordinates": [19.1075331, 47.5211991]}}, {"type": "Feature", "properties": {"code": "Lk-1/5", "reg": "xiv-kesz", "conf": 1.0}, "geometry": {"type": "Point", "coordinates": [19.1123743, 47.5255876]}}, {"type": "Feature", "properties": {"code": "Lk-1/6", "reg": "xiv-kesz", "conf": 1.0}, "geometry": {"type": "Point", "coordinates": [19.1112458, 47.5207075]}}, {"type": "Feature", "properties": {"code": "Lk-1/1", "reg": "xiv-kesz", "conf": 1.0}, "geometry": {"type": "Point", "coordinates": [19.1125567, 47.5203112]}}, {"type": "Feature", "properties": {"code": "Lk-2/8", "reg": "xiv-kesz", "conf": 1.0}, "geometry": {"type": "Point", "coordinates": [19.1155366, 47.5267173]}}, {"type": "Feature", "properties": {"code": "Lk-2/5", "reg": "xiv-kesz", "conf": 1.0}, "geometry": {"type": "Point", "coordinates": [19.1170998, 47.5274129]}}, {"type": "Feature", "properties": {"code": "Lk-1/12", "reg": "xiv-kesz", "conf": 1.0}, "geometry": {"type": "Point", "coordinates": [19.1145442, 47.5250673]}}, {"type": "Feature", "properties": {"code": "Kt-Kk", "reg": "xiv-kesz", "conf": 1.0}, "geometry": {"type": "Point", "coordinates": [19.1052781, 47.525884]}}, {"type": "Feature", "properties": {"code": "Ln-2/4", "reg": "xiv-kesz", "conf": 1.0}, "geometry": {"type": "Point", "coordinates": [19.1080145, 47.5186786]}}, {"type": "Feature", "properties": {"code": "Zkp/Kp-1", "reg": "xiv-kesz", "conf": 1.0}, "geometry": {"type": "Point", "coordinates": [19.1215936, 47.5228392]}}, {"type": "Feature", "properties": {"code": "Ln-2/1", "reg": "xiv-kesz", "conf": 1.0}, "geometry": {"type": "Point", "coordinates": [19.1082168, 47.5184185]}}, {"type": "Feature", "properties": {"code": "Lk-1/7", "reg": "xiv-kesz", "conf": 1.0}, "geometry": {"type": "Point", "coordinates": [19.1215671, 47.518121]}}, {"type": "Feature", "properties": {"code": "Kt-Kk", "reg": "xiv-kesz", "conf": 1.0}, "geometry": {"type": "Point", "coordinates": [19.1184196, 47.5236764]}}, {"type": "Feature", "properties": {"code": "Lk-1/6", "reg": "xiv-kesz", "conf": 1.0}, "geometry": {"type": "Point", "coordinates": [19.1078191, 47.5222176]}}, {"type": "Feature", "properties": {"code": "Kt-Zkk-1", "reg": "xiv-kesz", "conf": 1.0}, "geometry": {"type": "Point", "coordinates": [19.1223848, 47.5218717]}}, {"type": "Feature", "properties": {"code": "Kt-Kk", "reg": "xiv-kesz", "conf": 1.0}, "geometry": {"type": "Point", "coordinates": [19.1038549, 47.5223147]}}, {"type": "Feature", "properties": {"code": "Lk-1/3", "reg": "xiv-kesz", "conf": 1.0}, "geometry": {"type": "Point", "coordinates": [19.1038447, 47.5266628]}}, {"type": "Feature", "properties": {"code": "Lk-1/4", "reg": "xiv-kesz", "conf": 1.0}, "geometry": {"type": "Point", "coordinates": [19.1079402, 47.5274283]}}, {"type": "Feature", "properties": {"code": "Lk-1/2", "reg": "xiv-kesz", "conf": 1.0}, "geometry": {"type": "Point", "coordinates": [19.11087, 47.52029]}}, {"type": "Feature", "properties": {"code": "Lk-1/4", "reg": "xiv-kesz", "conf": 1.0}, "geometry": {"type": "Point", "coordinates": [19.1028944, 47.5231029]}}, {"type": "Feature", "properties": {"code": "Kt-Kk", "reg": "xiv-kesz", "conf": 1.0}, "geometry": {"type": "Point", "coordinates": [19.1162196, 47.5174895]}}, {"type": "Feature", "properties": {"code": "Lk-1/7", "reg": "xiv-kesz", "conf": 1.0}, "geometry": {"type": "Point", "coordinates": [19.1214661, 47.5188276]}}, {"type": "Feature", "properties": {"code": "Lk-2/5", "reg": "xiv-kesz", "conf": 1.0}, "geometry": {"type": "Point", "coordinates": [19.1195961, 47.5274553]}}, {"type": "Feature", "properties": {"code": "Lk-2/3", "reg": "xiv-kesz", "conf": 1.0}, "geometry": {"type": "Point", "coordinates": [19.1188581, 47.526391]}}, {"type": "Feature", "properties": {"code": "Lk-2/8", "reg": "xiv-kesz", "conf": 1.0}, "geometry": {"type": "Point", "coordinates": [19.1153862, 47.5273291]}}, {"type": "Feature", "properties": {"code": "KÖu-4", "reg": "xiv-kesz", "conf": 1.0}, "geometry": {"type": "Point", "coordinates": [19.1243522, 47.5232142]}}, {"type": "Feature", "properties": {"code": "Ln-3/9", "reg": "xiv-kesz", "conf": 1.0}, "geometry": {"type": "Point", "coordinates": [19.1287462, 47.5220506]}}, {"type": "Feature", "properties": {"code": "Lke-1/6", "reg": "xiv-kesz", "conf": 1.0}, "geometry": {"type": "Point", "coordinates": [19.1303815, 47.5228644]}}, {"type": "Feature", "properties": {"code": "Lke-1/7", "reg": "xiv-kesz", "conf": 1.0}, "geometry": {"type": "Point", "coordinates": [19.1330837, 47.5263341]}}, {"type": "Feature", "properties": {"code": "Lk-2/7", "reg": "xiv-kesz", "conf": 1.0}, "geometry": {"type": "Point", "coordinates": [19.1277021, 47.5195244]}}, {"type": "Feature", "properties": {"code": "Lk-2/3", "reg": "xiv-kesz", "conf": 1.0}, "geometry": {"type": "Point", "coordinates": [19.1373509, 47.5186029]}}, {"type": "Feature", "properties": {"code": "Ln-3/8", "reg": "xiv-kesz", "conf": 1.0}, "geometry": {"type": "Point", "coordinates": [19.1273169, 47.5235119]}}, {"type": "Feature", "properties": {"code": "Ln-3/4", "reg": "xiv-kesz", "conf": 1.0}, "geometry": {"type": "Point", "coordinates": [19.1300636, 47.5207375]}}, {"type": "Feature", "properties": {"code": "Ln-3/7", "reg": "xiv-kesz", "conf": 1.0}, "geometry": {"type": "Point", "coordinates": [19.1260426, 47.5229971]}}, {"type": "Feature", "properties": {"code": "Ln-T/2", "reg": "xiv-kesz", "conf": 1.0}, "geometry": {"type": "Point", "coordinates": [19.1269589, 47.5190395]}}, {"type": "Feature", "properties": {"code": "Lke-1/1", "reg": "xiv-kesz", "conf": 1.0}, "geometry": {"type": "Point", "coordinates": [19.1230803, 47.5242706]}}, {"type": "Feature", "properties": {"code": "Lk-2/10", "reg": "xiv-kesz", "conf": 1.0}, "geometry": {"type": "Point", "coordinates": [19.1303705, 47.5178572]}}, {"type": "Feature", "properties": {"code": "Lke-1/2", "reg": "xiv-kesz", "conf": 1.0}, "geometry": {"type": "Point", "coordinates": [19.1374399, 47.5212858]}}, {"type": "Feature", "properties": {"code": "K-Rek/2", "reg": "xiv-kesz", "conf": 1.0}, "geometry": {"type": "Point", "coordinates": [19.1277233, 47.521505]}}, {"type": "Feature", "properties": {"code": "K-Rek/1", "reg": "xiv-kesz", "conf": 1.0}, "geometry": {"type": "Point", "coordinates": [19.1225164, 47.5256562]}}, {"type": "Feature", "properties": {"code": "Lke-1/2", "reg": "xiv-kesz", "conf": 1.0}, "geometry": {"type": "Point", "coordinates": [19.1403201, 47.5219991]}}, {"type": "Feature", "properties": {"code": "Kt-Kk", "reg": "xiv-kesz", "conf": 1.0}, "geometry": {"type": "Point", "coordinates": [19.1249767, 47.5253323]}}, {"type": "Feature", "properties": {"code": "Ln-T/K2", "reg": "xiv-kesz", "conf": 1.0}, "geometry": {"type": "Point", "coordinates": [19.125756, 47.5183124]}}, {"type": "Feature", "properties": {"code": "Lke-1/2", "reg": "xiv-kesz", "conf": 1.0}, "geometry": {"type": "Point", "coordinates": [19.1412723, 47.5200221]}}, {"type": "Feature", "properties": {"code": "Kt-Kk", "reg": "xiv-kesz", "conf": 1.0}, "geometry": {"type": "Point", "coordinates": [19.1298576, 47.5230275]}}, {"type": "Feature", "properties": {"code": "Lke-1/2", "reg": "xiv-kesz", "conf": 1.0}, "geometry": {"type": "Point", "coordinates": [19.1399112, 47.5229096]}}, {"type": "Feature", "properties": {"code": "Kt-Fk-2", "reg": "xiv-kesz", "conf": 1.0}, "geometry": {"type": "Point", "coordinates": [19.1276799, 47.5183593]}}, {"type": "Feature", "properties": {"code": "Kt-Kk", "reg": "xiv-kesz", "conf": 1.0}, "geometry": {"type": "Point", "coordinates": [19.1346755, 47.5213971]}}, {"type": "Feature", "properties": {"code": "Lk-1/4", "reg": "xiv-kesz", "conf": 1.0}, "geometry": {"type": "Point", "coordinates": [19.1222672, 47.5200858]}}, {"type": "Feature", "properties": {"code": "Lke-1/1", "reg": "xiv-kesz", "conf": 1.0}, "geometry": {"type": "Point", "coordinates": [19.1404518, 47.5216599]}}, {"type": "Feature", "properties": {"code": "Kt-Kk", "reg": "xiv-kesz", "conf": 1.0}, "geometry": {"type": "Point", "coordinates": [19.1321012, 47.5222068]}}, {"type": "Feature", "properties": {"code": "Lk-2/3", "reg": "xiv-kesz", "conf": 1.0}, "geometry": {"type": "Point", "coordinates": [19.1360763, 47.5179506]}}, {"type": "Feature", "properties": {"code": "Lk-2/3", "reg": "xiv-kesz", "conf": 1.0}, "geometry": {"type": "Point", "coordinates": [19.1351593, 47.5185944]}}, {"type": "Feature", "properties": {"code": "Lke-1/1", "reg": "xiv-kesz", "conf": 1.0}, "geometry": {"type": "Point", "coordinates": [19.1290352, 47.5242798]}}, {"type": "Feature", "properties": {"code": "Kt-Kk", "reg": "xiv-kesz", "conf": 1.0}, "geometry": {"type": "Point", "coordinates": [19.1266283, 47.5246495]}}, {"type": "Feature", "properties": {"code": "Kt-Kk", "reg": "xiv-kesz", "conf": 1.0}, "geometry": {"type": "Point", "coordinates": [19.1238267, 47.5259481]}}, {"type": "Feature", "properties": {"code": "Lk-2/3", "reg": "xiv-kesz", "conf": 1.0}, "geometry": {"type": "Point", "coordinates": [19.1316898, 47.5174053]}}, {"type": "Feature", "properties": {"code": "Kt-Kk", "reg": "xiv-kesz", "conf": 1.0}, "geometry": {"type": "Point", "coordinates": [19.138877, 47.5225698]}}, {"type": "Feature", "properties": {"code": "Kt-Zkk-1", "reg": "xiv-kesz", "conf": 1.0}, "geometry": {"type": "Point", "coordinates": [19.1414106, 47.5173366]}}, {"type": "Feature", "properties": {"code": "Lke-1/2", "reg": "xiv-kesz", "conf": 1.0}, "geometry": {"type": "Point", "coordinates": [19.1261594, 47.5265764]}}, {"type": "Feature", "properties": {"code": "Kt-Zkk-3", "reg": "xiv-kesz", "conf": 1.0}, "geometry": {"type": "Point", "coordinates": [19.1283306, 47.5179135]}}, {"type": "Feature", "properties": {"code": "Lke-1/2", "reg": "xiv-kesz", "conf": 1.0}, "geometry": {"type": "Point", "coordinates": [19.1364036, 47.521771]}}, {"type": "Feature", "properties": {"code": "Lk-1/4", "reg": "xiv-kesz", "conf": 1.0}, "geometry": {"type": "Point", "coordinates": [19.1231245, 47.5178661]}}, {"type": "Feature", "properties": {"code": "Lke-1/1", "reg": "xiv-kesz", "conf": 1.0}, "geometry": {"type": "Point", "coordinates": [19.1362133, 47.5220277]}}, {"type": "Feature", "properties": {"code": "Kt-Kk", "reg": "xiv-kesz", "conf": 1.0}, "geometry": {"type": "Point", "coordinates": [19.124724, 47.5247893]}}, {"type": "Feature", "properties": {"code": "Kt-Kk", "reg": "xiv-kesz", "conf": 1.0}, "geometry": {"type": "Point", "coordinates": [19.1331928, 47.5185514]}}, {"type": "Feature", "properties": {"code": "Ln-T/K2", "reg": "xiv-kesz", "conf": 1.0}, "geometry": {"type": "Point", "coordinates": [19.1272095, 47.517613]}}, {"type": "Feature", "properties": {"code": "Kt-Fk-1", "reg": "xiv-kesz", "conf": 1.0}, "geometry": {"type": "Point", "coordinates": [19.1258126, 47.5177381]}}, {"type": "Feature", "properties": {"code": "Lke-1/1", "reg": "xiv-kesz", "conf": 1.0}, "geometry": {"type": "Point", "coordinates": [19.1374929, 47.5269863]}}, {"type": "Feature", "properties": {"code": "Lk-1/11", "reg": "xiv-kesz", "conf": 1.0}, "geometry": {"type": "Point", "coordinates": [19.1404884, 47.5173689]}}, {"type": "Feature", "properties": {"code": "Lke-1/1", "reg": "xiv-kesz", "conf": 1.0}, "geometry": {"type": "Point", "coordinates": [19.1389718, 47.5266259]}}, {"type": "Feature", "properties": {"code": "Lke-1/1", "reg": "xiv-kesz", "conf": 1.0}, "geometry": {"type": "Point", "coordinates": [19.1333711, 47.5273295]}}, {"type": "Feature", "properties": {"code": "Ln-T/1", "reg": "xiv-kesz", "conf": 1.0}, "geometry": {"type": "Point", "coordinates": [19.1273098, 47.518297]}}, {"type": "Feature", "properties": {"code": "Ln-T/1", "reg": "xiv-kesz", "conf": 1.0}, "geometry": {"type": "Point", "coordinates": [19.128114, 47.5184214]}}, {"type": "Feature", "properties": {"code": "Ln-3/7", "reg": "xiv-kesz", "conf": 1.0}, "geometry": {"type": "Point", "coordinates": [19.1249089, 47.5231051]}}, {"type": "Feature", "properties": {"code": "Kt-Kk", "reg": "xiv-kesz", "conf": 1.0}, "geometry": {"type": "Point", "coordinates": [19.1288319, 47.5237295]}}, {"type": "Feature", "properties": {"code": "Kt-Kk", "reg": "xiv-kesz", "conf": 1.0}, "geometry": {"type": "Point", "coordinates": [19.1411852, 47.5182267]}}, {"type": "Feature", "properties": {"code": "Kt-Kk", "reg": "xiv-kesz", "conf": 1.0}, "geometry": {"type": "Point", "coordinates": [19.1280006, 47.5240133]}}, {"type": "Feature", "properties": {"code": "Kt-Fk-2", "reg": "xiv-kesz", "conf": 1.0}, "geometry": {"type": "Point", "coordinates": [19.1262996, 47.5199282]}}, {"type": "Feature", "properties": {"code": "Kt-Kk", "reg": "xiv-kesz", "conf": 1.0}, "geometry": {"type": "Point", "coordinates": [19.1384181, 47.5193928]}}, {"type": "Feature", "properties": {"code": "Lk-1/6", "reg": "xiv-kesz", "conf": 1.0}, "geometry": {"type": "Point", "coordinates": [19.1222656, 47.521393]}}, {"type": "Feature", "properties": {"code": "Lke-1/1", "reg": "xiv-kesz", "conf": 1.0}, "geometry": {"type": "Point", "coordinates": [19.1284662, 47.5248882]}}, {"type": "Feature", "properties": {"code": "Lke-1/1", "reg": "xiv-kesz", "conf": 1.0}, "geometry": {"type": "Point", "coordinates": [19.1338304, 47.5228334]}}, {"type": "Feature", "properties": {"code": "Lke-1/1", "reg": "xiv-kesz", "conf": 1.0}, "geometry": {"type": "Point", "coordinates": [19.1324976, 47.5232379]}}, {"type": "Feature", "properties": {"code": "Kt-Zkk-1", "reg": "xiv-kesz", "conf": 1.0}, "geometry": {"type": "Point", "coordinates": [19.1370839, 47.519214]}}, {"type": "Feature", "properties": {"code": "Lke-1/1", "reg": "xiv-kesz", "conf": 1.0}, "geometry": {"type": "Point", "coordinates": [19.1253606, 47.5258259]}}, {"type": "Feature", "properties": {"code": "Kt-Kk", "reg": "xiv-kesz", "conf": 1.0}, "geometry": {"type": "Point", "coordinates": [19.1333296, 47.5217562]}}, {"type": "Feature", "properties": {"code": "Ln-T/1", "reg": "xiv-kesz", "conf": 1.0}, "geometry": {"type": "Point", "coordinates": [19.1284037, 47.5176828]}}, {"type": "Feature", "properties": {"code": "Lk-2/3", "reg": "xiv-kesz", "conf": 1.0}, "geometry": {"type": "Point", "coordinates": [19.1392639, 47.5175595]}}, {"type": "Feature", "properties": {"code": "Zkp/Kk-1", "reg": "xiv-kesz", "conf": 1.0}, "geometry": {"type": "Point", "coordinates": [19.1319376, 47.5213178]}}, {"type": "Feature", "properties": {"code": "Lke-1/1", "reg": "xiv-kesz", "conf": 1.0}, "geometry": {"type": "Point", "coordinates": [19.1401721, 47.526162]}}, {"type": "Feature", "properties": {"code": "Kt-Kk", "reg": "xiv-kesz", "conf": 1.0}, "geometry": {"type": "Point", "coordinates": [19.1308865, 47.5227547]}}, {"type": "Feature", "properties": {"code": "Kt-Zkk-1", "reg": "xiv-kesz", "conf": 1.0}, "geometry": {"type": "Point", "coordinates": [19.124524, 47.5267491]}}, {"type": "Feature", "properties": {"code": "Lke-1/1", "reg": "xiv-kesz", "conf": 1.0}, "geometry": {"type": "Point", "coordinates": [19.1282101, 47.5268507]}}, {"type": "Feature", "properties": {"code": "Lke-1/1", "reg": "xiv-kesz", "conf": 1.0}, "geometry": {"type": "Point", "coordinates": [19.1391821, 47.5242114]}}, {"type": "Feature", "properties": {"code": "Kt-Zkk-1", "reg": "xiv-kesz", "conf": 1.0}, "geometry": {"type": "Point", "coordinates": [19.1262017, 47.5177912]}}, {"type": "Feature", "properties": {"code": "Lke-1/1", "reg": "xiv-kesz", "conf": 1.0}, "geometry": {"type": "Point", "coordinates": [19.1256443, 47.5272091]}}, {"type": "Feature", "properties": {"code": "KÖu-4", "reg": "xiv-kesz", "conf": 1.0}, "geometry": {"type": "Point", "coordinates": [19.1415007, 47.5248069]}}, {"type": "Feature", "properties": {"code": "Kt-Zkk-1", "reg": "xiv-kesz", "conf": 1.0}, "geometry": {"type": "Point", "coordinates": [19.14004, 47.5179233]}}, {"type": "Feature", "properties": {"code": "KÖu-4", "reg": "xiv-kesz", "conf": 1.0}, "geometry": {"type": "Point", "coordinates": [19.1280898, 47.5237448]}}, {"type": "Feature", "properties": {"code": "Kt-Kk", "reg": "xiv-kesz", "conf": 1.0}, "geometry": {"type": "Point", "coordinates": [19.1412342, 47.5251534]}}, {"type": "Feature", "properties": {"code": "Lke-1/1", "reg": "xiv-kesz", "conf": 1.0}, "geometry": {"type": "Point", "coordinates": [19.1354642, 47.525472]}}, {"type": "Feature", "properties": {"code": "Kt-Kk", "reg": "xiv-kesz", "conf": 1.0}, "geometry": {"type": "Point", "coordinates": [19.1261011, 47.5240629]}}, {"type": "Feature", "properties": {"code": "Lk-1/5", "reg": "xiv-kesz", "conf": 1.0}, "geometry": {"type": "Point", "coordinates": [19.1348401, 47.5173975]}}, {"type": "Feature", "properties": {"code": "Lke-1/2", "reg": "xiv-kesz", "conf": 1.0}, "geometry": {"type": "Point", "coordinates": [19.1395004, 47.5239897]}}, {"type": "Feature", "properties": {"code": "Ln-T/K1", "reg": "xiv-kesz", "conf": 1.0}, "geometry": {"type": "Point", "coordinates": [19.1245729, 47.5173805]}}, {"type": "Feature", "properties": {"code": "Ln-T/1", "reg": "xiv-kesz", "conf": 1.0}, "geometry": {"type": "Point", "coordinates": [19.1266063, 47.5179923]}}, {"type": "Feature", "properties": {"code": "Kt-Kk", "reg": "xiv-kesz", "conf": 1.0}, "geometry": {"type": "Point", "coordinates": [19.1390462, 47.5191371]}}, {"type": "Feature", "properties": {"code": "Lke-1/1", "reg": "xiv-kesz", "conf": 1.0}, "geometry": {"type": "Point", "coordinates": [19.1318274, 47.524816]}}, {"type": "Feature", "properties": {"code": "Lk-1/4", "reg": "xiv-kesz", "conf": 1.0}, "geometry": {"type": "Point", "coordinates": [19.1250384, 47.5192217]}}, {"type": "Feature", "properties": {"code": "Kt-Zkk-1", "reg": "xiv-kesz", "conf": 1.0}, "geometry": {"type": "Point", "coordinates": [19.1240914, 47.5210261]}}, {"type": "Feature", "properties": {"code": "Vi-2/8", "reg": "xiv-kesz", "conf": 1.0}, "geometry": {"type": "Point", "coordinates": [19.1226098, 47.5267831]}}, {"type": "Feature", "properties": {"code": "Kt-Zkk-3", "reg": "xiv-kesz", "conf": 1.0}, "geometry": {"type": "Point", "coordinates": [19.128929, 47.5176311]}}, {"type": "Feature", "properties": {"code": "Lk-1/4", "reg": "xiv-kesz", "conf": 1.0}, "geometry": {"type": "Point", "coordinates": [19.1232336, 47.517443]}}, {"type": "Feature", "properties": {"code": "Lke-1/2", "reg": "xiv-kesz", "conf": 1.0}, "geometry": {"type": "Point", "coordinates": [19.131264, 47.5238698]}}, {"type": "Feature", "properties": {"code": "Lk-2/7", "reg": "xiv-kesz", "conf": 1.0}, "geometry": {"type": "Point", "coordinates": [19.1289756, 47.5196727]}}, {"type": "Feature", "properties": {"code": "KÖu-4", "reg": "xiv-kesz", "conf": 1.0}, "geometry": {"type": "Point", "coordinates": [19.1217841, 47.5265183]}}, {"type": "Feature", "properties": {"code": "Lk-2/3", "reg": "xiv-kesz", "conf": 1.0}, "geometry": {"type": "Point", "coordinates": [19.136697, 47.5183821]}}, {"type": "Feature", "properties": {"code": "KÖk", "reg": "xiv-kesz", "conf": 1.0}, "geometry": {"type": "Point", "coordinates": [19.140504, 47.526971]}}, {"type": "Feature", "properties": {"code": "Lke-1/1", "reg": "xiv-kesz", "conf": 1.0}, "geometry": {"type": "Point", "coordinates": [19.1387339, 47.5205469]}}, {"type": "Feature", "properties": {"code": "Kt-Kk", "reg": "xiv-kesz", "conf": 1.0}, "geometry": {"type": "Point", "coordinates": [19.1249046, 47.5227081]}}, {"type": "Feature", "properties": {"code": "Kt-Kk", "reg": "xiv-kesz", "conf": 1.0}, "geometry": {"type": "Point", "coordinates": [19.1277599, 47.5222849]}}, {"type": "Feature", "properties": {"code": "Kt-Kk", "reg": "xiv-kesz", "conf": 1.0}, "geometry": {"type": "Point", "coordinates": [19.1377429, 47.5196852]}}, {"type": "Feature", "properties": {"code": "Lk-2/4", "reg": "xiv-kesz", "conf": 1.0}, "geometry": {"type": "Point", "coordinates": [19.1279495, 47.5197043]}}, {"type": "Feature", "properties": {"code": "Lke-1/1", "reg": "xiv-kesz", "conf": 1.0}, "geometry": {"type": "Point", "coordinates": [19.1314737, 47.5263175]}}, {"type": "Feature", "properties": {"code": "Lk-1/4", "reg": "xiv-kesz", "conf": 1.0}, "geometry": {"type": "Point", "coordinates": [19.124065, 47.5197373]}}, {"type": "Feature", "properties": {"code": "Ln-T/1", "reg": "xiv-kesz", "conf": 1.0}, "geometry": {"type": "Point", "coordinates": [19.1261331, 47.5182311]}}, {"type": "Feature", "properties": {"code": "Kt-Kk", "reg": "xiv-kesz", "conf": 1.0}, "geometry": {"type": "Point", "coordinates": [19.1366863, 47.5201631]}}, {"type": "Feature", "properties": {"code": "Lke-1/1", "reg": "xiv-kesz", "conf": 1.0}, "geometry": {"type": "Point", "coordinates": [19.1221578, 47.5234134]}}, {"type": "Feature", "properties": {"code": "Kt-Kk", "reg": "xiv-kesz", "conf": 1.0}, "geometry": {"type": "Point", "coordinates": [19.1305163, 47.517547]}}, {"type": "Feature", "properties": {"code": "Zkp/Kk-1", "reg": "xiv-kesz", "conf": 1.0}, "geometry": {"type": "Point", "coordinates": [19.1276577, 47.5228152]}}, {"type": "Feature", "properties": {"code": "Lk-2/5", "reg": "xiv-kesz", "conf": 1.0}, "geometry": {"type": "Point", "coordinates": [19.1280312, 47.5200921]}}, {"type": "Feature", "properties": {"code": "KÖu-4", "reg": "xiv-kesz", "conf": 1.0}, "geometry": {"type": "Point", "coordinates": [19.1353688, 47.5204038]}}, {"type": "Feature", "properties": {"code": "Kt-Kk", "reg": "xiv-kesz", "conf": 1.0}, "geometry": {"type": "Point", "coordinates": [19.1324937, 47.5189476]}}, {"type": "Feature", "properties": {"code": "KÖu-4", "reg": "xiv-kesz", "conf": 1.0}, "geometry": {"type": "Point", "coordinates": [19.1398598, 47.5184583]}}, {"type": "Feature", "properties": {"code": "Lk-2/3", "reg": "xiv-kesz", "conf": 1.0}, "geometry": {"type": "Point", "coordinates": [19.1342151, 47.5190795]}}, {"type": "Feature", "properties": {"code": "Kt-Kk", "reg": "xiv-kesz", "conf": 1.0}, "geometry": {"type": "Point", "coordinates": [19.1391701, 47.5180234]}}, {"type": "Feature", "properties": {"code": "Lk-2/3", "reg": "xiv-kesz", "conf": 1.0}, "geometry": {"type": "Point", "coordinates": [19.1381175, 47.5180172]}}, {"type": "Feature", "properties": {"code": "Lke-1/1", "reg": "xiv-kesz", "conf": 1.0}, "geometry": {"type": "Point", "coordinates": [19.1359062, 47.5273376]}}, {"type": "Feature", "properties": {"code": "Lke-1/1", "reg": "xiv-kesz", "conf": 1.0}, "geometry": {"type": "Point", "coordinates": [19.1391554, 47.5202533]}}, {"type": "Feature", "properties": {"code": "Kt-Kk", "reg": "xiv-kesz", "conf": 1.0}, "geometry": {"type": "Point", "coordinates": [19.1352065, 47.5198809]}}, {"type": "Feature", "properties": {"code": "Lke-1/1", "reg": "xiv-kesz", "conf": 1.0}, "geometry": {"type": "Point", "coordinates": [19.124247, 47.5258713]}}, {"type": "Feature", "properties": {"code": "Lke-1/1", "reg": "xiv-kesz", "conf": 1.0}, "geometry": {"type": "Point", "coordinates": [19.1380847, 47.5245057]}}, {"type": "Feature", "properties": {"code": "Kt-Kk", "reg": "xiv-kesz", "conf": 1.0}, "geometry": {"type": "Point", "coordinates": [19.1232598, 47.5254638]}}, {"type": "Feature", "properties": {"code": "Kt-Zkk-1", "reg": "xiv-kesz", "conf": 1.0}, "geometry": {"type": "Point", "coordinates": [19.1289598, 47.5183564]}}, {"type": "Feature", "properties": {"code": "Lke-1/1", "reg": "xiv-kesz", "conf": 1.0}, "geometry": {"type": "Point", "coordinates": [19.1395697, 47.5197932]}}, {"type": "Feature", "properties": {"code": "Lke-1/2", "reg": "xiv-kesz", "conf": 1.0}, "geometry": {"type": "Point", "coordinates": [19.1297317, 47.5265285]}}, {"type": "Feature", "properties": {"code": "Kt-Kk", "reg": "xiv-kesz", "conf": 1.0}, "geometry": {"type": "Point", "coordinates": [19.1300675, 47.5220118]}}, {"type": "Feature", "properties": {"code": "Lke-1/1", "reg": "xiv-kesz", "conf": 1.0}, "geometry": {"type": "Point", "coordinates": [19.1304991, 47.5252434]}}, {"type": "Feature", "properties": {"code": "Kt-Zkk-2", "reg": "xiv-kesz", "conf": 1.0}, "geometry": {"type": "Point", "coordinates": [19.1288374, 47.5181111]}}, {"type": "Feature", "properties": {"code": "Ln-T/K1", "reg": "xiv-kesz", "conf": 1.0}, "geometry": {"type": "Point", "coordinates": [19.1293955, 47.5176497]}}, {"type": "Feature", "properties": {"code": "KÖu-4", "reg": "xiv-kesz", "conf": 1.0}, "geometry": {"type": "Point", "coordinates": [19.1383481, 47.5225039]}}, {"type": "Feature", "properties": {"code": "Lke-1/2", "reg": "xiv-kesz", "conf": 1.0}, "geometry": {"type": "Point", "coordinates": [19.127991, 47.525249]}}, {"type": "Feature", "properties": {"code": "K-Rek/1", "reg": "xiv-kesz", "conf": 1.0}, "geometry": {"type": "Point", "coordinates": [19.1328755, 47.5199833]}}, {"type": "Feature", "properties": {"code": "Lke-1/1", "reg": "xiv-kesz", "conf": 1.0}, "geometry": {"type": "Point", "coordinates": [19.1369115, 47.5250368]}}, {"type": "Feature", "properties": {"code": "Lke-1/1", "reg": "xiv-kesz", "conf": 1.0}, "geometry": {"type": "Point", "coordinates": [19.1347095, 47.5264012]}}, {"type": "Feature", "properties": {"code": "Lk-1/8", "reg": "xiv-kesz", "conf": 1.0}, "geometry": {"type": "Point", "coordinates": [19.1405795, 47.5184881]}}, {"type": "Feature", "properties": {"code": "Kt-Kk", "reg": "xiv-kesz", "conf": 1.0}, "geometry": {"type": "Point", "coordinates": [19.1381161, 47.5229817]}}, {"type": "Feature", "properties": {"code": "Kt-Kk", "reg": "xiv-kesz", "conf": 1.0}, "geometry": {"type": "Point", "coordinates": [19.1401466, 47.5186737]}}, {"type": "Feature", "properties": {"code": "Lke-1/1", "reg": "xiv-kesz", "conf": 1.0}, "geometry": {"type": "Point", "coordinates": [19.12343, 47.5250002]}}, {"type": "Feature", "properties": {"code": "Lk-2/4", "reg": "xiv-kesz", "conf": 1.0}, "geometry": {"type": "Point", "coordinates": [19.1317941, 47.5189033]}}, {"type": "Feature", "properties": {"code": "Lke-1/1", "reg": "xiv-kesz", "conf": 1.0}, "geometry": {"type": "Point", "coordinates": [19.1327135, 47.5254244]}}, {"type": "Feature", "properties": {"code": "Lke-1/1", "reg": "xiv-kesz", "conf": 1.0}, "geometry": {"type": "Point", "coordinates": [19.1350957, 47.5223037]}}, {"type": "Feature", "properties": {"code": "Lk-1/5", "reg": "xiv-kesz", "conf": 1.0}, "geometry": {"type": "Point", "coordinates": [19.1335605, 47.5175378]}}, {"type": "Feature", "properties": {"code": "Lke-1/2", "reg": "xiv-kesz", "conf": 1.0}, "geometry": {"type": "Point", "coordinates": [19.1271324, 47.5259233]}}, {"type": "Feature", "properties": {"code": "Lk-2/14", "reg": "xiv-kesz", "conf": 1.0}, "geometry": {"type": "Point", "coordinates": [19.1309372, 47.5182307]}}, {"type": "Feature", "properties": {"code": "Ln-3/8", "reg": "xiv-kesz", "conf": 1.0}, "geometry": {"type": "Point", "coordinates": [19.1244497, 47.5236279]}}, {"type": "Feature", "properties": {"code": "Lk-2/3", "reg": "xiv-kesz", "conf": 1.0}, "geometry": {"type": "Point", "coordinates": [19.1356129, 47.5175556]}}, {"type": "Feature", "properties": {"code": "Lk-2/4", "reg": "xiv-kesz", "conf": 1.0}, "geometry": {"type": "Point", "coordinates": [19.1297016, 47.5189955]}}, {"type": "Feature", "properties": {"code": "Lke-1/2", "reg": "xiv-kesz", "conf": 1.0}, "geometry": {"type": "Point", "coordinates": [19.1295658, 47.5235646]}}, {"type": "Feature", "properties": {"code": "Kt-Zkk-2", "reg": "xiv-kesz", "conf": 1.0}, "geometry": {"type": "Point", "coordinates": [19.1265088, 47.5175572]}}, {"type": "Feature", "properties": {"code": "Lk-1/7", "reg": "xiv-kesz", "conf": 1.0}, "geometry": {"type": "Point", "coordinates": [19.1215567, 47.5181334]}}, {"type": "Feature", "properties": {"code": "Ln-3/7", "reg": "xiv-kesz", "conf": 1.0}, "geometry": {"type": "Point", "coordinates": [19.1245907, 47.5213692]}}, {"type": "Feature", "properties": {"code": "Lke-1/1", "reg": "xiv-kesz", "conf": 1.0}, "geometry": {"type": "Point", "coordinates": [19.1302165, 47.5264272]}}, {"type": "Feature", "properties": {"code": "Lke-1/1", "reg": "xiv-kesz", "conf": 1.0}, "geometry": {"type": "Point", "coordinates": [19.1271989, 47.527542]}}, {"type": "Feature", "properties": {"code": "Kt-Zkk-1", "reg": "xiv-kesz", "conf": 1.0}, "geometry": {"type": "Point", "coordinates": [19.1223756, 47.521888]}}, {"type": "Feature", "properties": {"code": "Lke-1/2", "reg": "xiv-kesz", "conf": 1.0}, "geometry": {"type": "Point", "coordinates": [19.1400221, 47.5192247]}}, {"type": "Feature", "properties": {"code": "Lk-2/4", "reg": "xiv-kesz", "conf": 1.0}, "geometry": {"type": "Point", "coordinates": [19.131002, 47.5191072]}}, {"type": "Feature", "properties": {"code": "Lke-1/2", "reg": "xiv-kesz", "conf": 1.0}, "geometry": {"type": "Point", "coordinates": [19.138065, 47.5206469]}}, {"type": "Feature", "properties": {"code": "Lk-2/1", "reg": "xiv-kesz", "conf": 1.0}, "geometry": {"type": "Point", "coordinates": [19.1296844, 47.5193223]}}, {"type": "Feature", "properties": {"code": "Lk-2/3", "reg": "xiv-kesz", "conf": 1.0}, "geometry": {"type": "Point", "coordinates": [19.13274, 47.518151]}}, {"type": "Feature", "properties": {"code": "Lke-1/1", "reg": "xiv-kesz", "conf": 1.0}, "geometry": {"type": "Point", "coordinates": [19.1377814, 47.5274548]}}, {"type": "Feature", "properties": {"code": "Lke-1/1", "reg": "xiv-kesz", "conf": 1.0}, "geometry": {"type": "Point", "coordinates": [19.1414598, 47.5256201]}}, {"type": "Feature", "properties": {"code": "KÖu-4", "reg": "xiv-kesz", "conf": 1.0}, "geometry": {"type": "Point", "coordinates": [19.1433845, 47.5235772]}}, {"type": "Feature", "properties": {"code": "Vi-2/3", "reg": "xiv-kesz", "conf": 1.0}, "geometry": {"type": "Point", "coordinates": [19.1456384, 47.5182207]}}, {"type": "Feature", "properties": {"code": "Lk-1/8", "reg": "xiv-kesz", "conf": 1.0}, "geometry": {"type": "Point", "coordinates": [19.1416689, 47.5189473]}}, {"type": "Feature", "properties": {"code": "Gksz-1/3", "reg": "xiv-kesz", "conf": 1.0}, "geometry": {"type": "Point", "coordinates": [19.1433125, 47.5235753]}}, {"type": "Feature", "properties": {"code": "Lke-1/2", "reg": "xiv-kesz", "conf": 1.0}, "geometry": {"type": "Point", "coordinates": [19.141298, 47.5200204]}}, {"type": "Feature", "properties": {"code": "Gksz-2/3", "reg": "xiv-kesz", "conf": 1.0}, "geometry": {"type": "Point", "coordinates": [19.1463168, 47.5179632]}}, {"type": "Feature", "properties": {"code": "Kt-Kk", "reg": "xiv-kesz", "conf": 1.0}, "geometry": {"type": "Point", "coordinates": [19.1447561, 47.5238247]}}, {"type": "Feature", "properties": {"code": "Lke-1/1", "reg": "xiv-kesz", "conf": 1.0}, "geometry": {"type": "Point", "coordinates": [19.1440221, 47.5197095]}}, {"type": "Feature", "properties": {"code": "Lk-1/8", "reg": "xiv-kesz", "conf": 1.0}, "geometry": {"type": "Point", "coordinates": [19.1433014, 47.5184687]}}, {"type": "Feature", "properties": {"code": "KÖu-4", "reg": "xiv-kesz", "conf": 1.0}, "geometry": {"type": "Point", "coordinates": [19.1416875, 47.5177344]}}, {"type": "Feature", "properties": {"code": "Lke-1/2", "reg": "xiv-kesz", "conf": 1.0}, "geometry": {"type": "Point", "coordinates": [19.1420317, 47.5229614]}}, {"type": "Feature", "properties": {"code": "Gksz-2/4", "reg": "xiv-kesz", "conf": 1.0}, "geometry": {"type": "Point", "coordinates": [19.1476107, 47.5182816]}}, {"type": "Feature", "properties": {"code": "Kt-Zkk-1", "reg": "xiv-kesz", "conf": 1.0}, "geometry": {"type": "Point", "coordinates": [19.1414257, 47.5173417]}}, {"type": "Feature", "properties": {"code": "Lk-1/8", "reg": "xiv-kesz", "conf": 1.0}, "geometry": {"type": "Point", "coordinates": [19.1434241, 47.5179288]}}, {"type": "Feature", "properties": {"code": "KÖk", "reg": "xiv-kesz", "conf": 1.0}, "geometry": {"type": "Point", "coordinates": [19.142454, 47.52544]}}, {"type": "Feature", "properties": {"code": "Kt-Kk", "reg": "xiv-kesz", "conf": 1.0}, "geometry": {"type": "Point", "coordinates": [19.1466839, 47.5186005]}}, {"type": "Feature", "properties": {"code": "KÖu-3", "reg": "xiv-kesz", "conf": 1.0}, "geometry": {"type": "Point", "coordinates": [19.142522, 47.5173415]}}, {"type": "Feature", "properties": {"code": "Lke-1/1", "reg": "xiv-kesz", "conf": 1.0}, "geometry": {"type": "Point", "coordinates": [19.1447275, 47.5192357]}}, {"type": "Feature", "properties": {"code": "Lke-1/2", "reg": "xiv-kesz", "conf": 1.0}, "geometry": {"type": "Point", "coordinates": [19.1434895, 47.5202453]}}, {"type": "Feature", "properties": {"code": "Kt-Kk", "reg": "xiv-kesz", "conf": 1.0}, "geometry": {"type": "Point", "coordinates": [19.1453305, 47.5254905]}}, {"type": "Feature", "properties": {"code": "KÖu-4", "reg": "xiv-kesz", "conf": 1.0}, "geometry": {"type": "Point", "coordinates": [19.144564, 47.526052]}}, {"type": "Feature", "properties": {"code": "Kt-Kk", "reg": "xiv-kesz", "conf": 1.0}, "geometry": {"type": "Point", "coordinates": [19.1412034, 47.5182298]}}, {"type": "Feature", "properties": {"code": "Lke-1/2", "reg": "xiv-kesz", "conf": 1.0}, "geometry": {"type": "Point", "coordinates": [19.1426173, 47.5209251]}}, {"type": "Feature", "properties": {"code": "KÖu-4", "reg": "xiv-kesz", "conf": 1.0}, "geometry": {"type": "Point", "coordinates": [19.1415365, 47.5247926]}}, {"type": "Feature", "properties": {"code": "Lk-1/8", "reg": "xiv-kesz", "conf": 1.0}, "geometry": {"type": "Point", "coordinates": [19.1417632, 47.5181048]}}, {"type": "Feature", "properties": {"code": "Kt-Kk", "reg": "xiv-kesz", "conf": 1.0}, "geometry": {"type": "Point", "coordinates": [19.1426439, 47.5177562]}}, {"type": "Feature", "properties": {"code": "Kt-Kk", "reg": "xiv-kesz", "conf": 1.0}, "geometry": {"type": "Point", "coordinates": [19.1412722, 47.5251385]}}, {"type": "Feature", "properties": {"code": "Kt-Kk", "reg": "xiv-kesz", "conf": 1.0}, "geometry": {"type": "Point", "coordinates": [19.1462239, 47.5191994]}}, {"type": "Feature", "properties": {"code": "Kt-Kk", "reg": "xiv-kesz", "conf": 1.0}, "geometry": {"type": "Point", "coordinates": [19.1443812, 47.5183001]}}, {"type": "Feature", "properties": {"code": "Lke-1/1", "reg": "xiv-kesz", "conf": 1.0}, "geometry": {"type": "Point", "coordinates": [19.142988, 47.5189275]}}, {"type": "Feature", "properties": {"code": "Lke-1/1", "reg": "xiv-kesz", "conf": 1.0}, "geometry": {"type": "Point", "coordinates": [19.1422157, 47.5221278]}}, {"type": "Feature", "properties": {"code": "KÖk", "reg": "xiv-kesz", "conf": 1.0}, "geometry": {"type": "Point", "coordinates": [19.140549, 47.5269523]}}, {"type": "Feature", "properties": {"code": "Lke-1/2", "reg": "xiv-kesz", "conf": 1.0}, "geometry": {"type": "Point", "coordinates": [19.1419097, 47.5240751]}}, {"type": "Feature", "properties": {"code": "Lke-1/2", "reg": "xiv-kesz", "conf": 1.0}, "geometry": {"type": "Point", "coordinates": [19.1424259, 47.5193964]}}, {"type": "Feature", "properties": {"code": "Lke-1/2", "reg": "xiv-kesz", "conf": 1.0}, "geometry": {"type": "Point", "coordinates": [19.1443192, 47.5253611]}}, {"type": "Feature", "properties": {"code": "KÖk", "reg": "xiv-kesz", "conf": 1.0}, "geometry": {"type": "Point", "coordinates": [19.1463182, 47.5206957]}}, {"type": "Feature", "properties": {"code": "Kt-Kk", "reg": "xiv-kesz", "conf": 1.0}, "geometry": {"type": "Point", "coordinates": [19.141981, 47.5256852]}}, {"type": "Feature", "properties": {"code": "Vi-2/3", "reg": "xiv-kesz", "conf": 1.0}, "geometry": {"type": "Point", "coordinates": [19.1438489, 47.5173186]}}, {"type": "Feature", "properties": {"code": "Kt-Kk", "reg": "xiv-kesz", "conf": 1.0}, "geometry": {"type": "Point", "coordinates": [19.1450286, 47.5178721]}}, {"type": "Feature", "properties": {"code": "Lk-1/8", "reg": "xiv-kesz", "conf": 1.0}, "geometry": {"type": "Point", "coordinates": [19.1406006, 47.5184913]}}, {"type": "Feature", "properties": {"code": "Lk-1/8", "reg": "xiv-kesz", "conf": 1.0}, "geometry": {"type": "Point", "coordinates": [19.1453424, 47.5188199]}}, {"type": "Feature", "properties": {"code": "Kt-Kk", "reg": "xiv-kesz", "conf": 1.0}, "geometry": {"type": "Point", "coordinates": [19.1420899, 47.5247406]}}, {"type": "Feature", "properties": {"code": "KÖu-3", "reg": "xiv-kesz", "conf": 1.0}, "geometry": {"type": "Point", "coordinates": [19.1463817, 47.5189626]}}, {"type": "Feature", "properties": {"code": "Lke-1/1", "reg": "xiv-kesz", "conf": 1.0}, "geometry": {"type": "Point", "coordinates": [19.1422575, 47.5215398]}}, {"type": "Feature", "properties": {"code": "Lke-1/1", "reg": "xiv-kesz", "conf": 1.0}, "geometry": {"type": "Point", "coordinates": [19.142453, 47.5234585]}}, {"type": "Feature", "properties": {"code": "Lke-1/1", "reg": "xiv-kesz", "conf": 1.0}, "geometry": {"type": "Point", "coordinates": [19.1414985, 47.5256037]}}, {"type": "Feature", "properties": {"code": "Vi-1/9", "reg": "xiv-kesz", "conf": 1.0}, "geometry": {"type": "Point", "coordinates": [19.1011292, 47.5104074]}}, {"type": "Feature", "properties": {"code": "Vi-1/2", "reg": "xiv-kesz", "conf": 1.0}, "geometry": {"type": "Point", "coordinates": [19.0999561, 47.5112806]}}, {"type": "Feature", "properties": {"code": "Vi-2/7", "reg": "xiv-kesz", "conf": 1.0}, "geometry": {"type": "Point", "coordinates": [19.0874565, 47.5177351]}}, {"type": "Feature", "properties": {"code": "Vi-2/2", "reg": "xiv-kesz", "conf": 1.0}, "geometry": {"type": "Point", "coordinates": [19.0970066, 47.5119118]}}, {"type": "Feature", "properties": {"code": "Vi-1/11", "reg": "xiv-kesz", "conf": 1.0}, "geometry": {"type": "Point", "coordinates": [19.1019979, 47.50967]}}, {"type": "Feature", "properties": {"code": "KÖu-4", "reg": "xiv-kesz", "conf": 1.0}, "geometry": {"type": "Point", "coordinates": [19.0952939, 47.5082156]}}, {"type": "Feature", "properties": {"code": "Vi-2/11", "reg": "xiv-kesz", "conf": 1.0}, "geometry": {"type": "Point", "coordinates": [19.1035858, 47.5175368]}}, {"type": "Feature", "properties": {"code": "Vi-2/14", "reg": "xiv-kesz", "conf": 1.0}, "geometry": {"type": "Point", "coordinates": [19.0934075, 47.5079926]}}, {"type": "Feature", "properties": {"code": "Vi-2/22", "reg": "xiv-kesz", "conf": 1.0}, "geometry": {"type": "Point", "coordinates": [19.0924976, 47.508397]}}, {"type": "Feature", "properties": {"code": "Vi-2/13", "reg": "xiv-kesz", "conf": 1.0}, "geometry": {"type": "Point", "coordinates": [19.0930949, 47.516442]}}, {"type": "Feature", "properties": {"code": "Vi-2/24", "reg": "xiv-kesz", "conf": 1.0}, "geometry": {"type": "Point", "coordinates": [19.0904762, 47.5163035]}}, {"type": "Feature", "properties": {"code": "Vi-2/23", "reg": "xiv-kesz", "conf": 1.0}, "geometry": {"type": "Point", "coordinates": [19.0934704, 47.5159565]}}, {"type": "Feature", "properties": {"code": "Vi-2/26", "reg": "xiv-kesz", "conf": 1.0}, "geometry": {"type": "Point", "coordinates": [19.0904991, 47.5157858]}}, {"type": "Feature", "properties": {"code": "Vi-2/EN", "reg": "xiv-kesz", "conf": 1.0}, "geometry": {"type": "Point", "coordinates": [19.0943062, 47.5155032]}}, {"type": "Feature", "properties": {"code": "K-Hon/2", "reg": "xiv-kesz", "conf": 1.0}, "geometry": {"type": "Point", "coordinates": [19.0930133, 47.5093503]}}, {"type": "Feature", "properties": {"code": "K-Hon/1", "reg": "xiv-kesz", "conf": 1.0}, "geometry": {"type": "Point", "coordinates": [19.1004756, 47.5131061]}}, {"type": "Feature", "properties": {"code": "Lk-2/19", "reg": "xiv-kesz", "conf": 1.0}, "geometry": {"type": "Point", "coordinates": [19.1027486, 47.5129481]}}, {"type": "Feature", "properties": {"code": "Lk-2/16", "reg": "xiv-kesz", "conf": 1.0}, "geometry": {"type": "Point", "coordinates": [19.0992186, 47.517477]}}, {"type": "Feature", "properties": {"code": "Kt-Kk", "reg": "xiv-kesz", "conf": 1.0}, "geometry": {"type": "Point", "coordinates": [19.0980118, 47.5144041]}}, {"type": "Feature", "properties": {"code": "Lk-2/1", "reg": "xiv-kesz", "conf": 1.0}, "geometry": {"type": "Point", "coordinates": [19.0990307, 47.513996]}}, {"type": "Feature", "properties": {"code": "Ln-2/1", "reg": "xiv-kesz", "conf": 1.0}, "geometry": {"type": "Point", "coordinates": [19.0988998, 47.5081398]}}, {"type": "Feature", "properties": {"code": "Lk-2/1", "reg": "xiv-kesz", "conf": 1.0}, "geometry": {"type": "Point", "coordinates": [19.1032525, 47.514601]}}, {"type": "Feature", "properties": {"code": "Lk-2/5", "reg": "xiv-kesz", "conf": 1.0}, "geometry": {"type": "Point", "coordinates": [19.1006859, 47.5166344]}}, {"type": "Feature", "properties": {"code": "Lk-2/1", "reg": "xiv-kesz", "conf": 1.0}, "geometry": {"type": "Point", "coordinates": [19.0973637, 47.5172151]}}, {"type": "Feature", "properties": {"code": "Vi-2/22", "reg": "xiv-kesz", "conf": 1.0}, "geometry": {"type": "Point", "coordinates": [19.0940765, 47.5083686]}}, {"type": "Feature", "properties": {"code": "Lk-2/17", "reg": "xiv-kesz", "conf": 1.0}, "geometry": {"type": "Point", "coordinates": [19.0961288, 47.5102657]}}, {"type": "Feature", "properties": {"code": "Ln-2/1", "reg": "xiv-kesz", "conf": 1.0}, "geometry": {"type": "Point", "coordinates": [19.0980938, 47.5078203]}}, {"type": "Feature", "properties": {"code": "Lk-2/17", "reg": "xiv-kesz", "conf": 1.0}, "geometry": {"type": "Point", "coordinates": [19.0994564, 47.5178299]}}, {"type": "Feature", "properties": {"code": "Kt-Kk", "reg": "xiv-kesz", "conf": 1.0}, "geometry": {"type": "Point", "coordinates": [19.0932912, 47.5120917]}}, {"type": "Feature", "properties": {"code": "Lk-2/5", "reg": "xiv-kesz", "conf": 1.0}, "geometry": {"type": "Point", "coordinates": [19.1029209, 47.5163711]}}, {"type": "Feature", "properties": {"code": "Lk-2/1", "reg": "xiv-kesz", "conf": 1.0}, "geometry": {"type": "Point", "coordinates": [19.0935203, 47.5100073]}}, {"type": "Feature", "properties": {"code": "Vi-2/1", "reg": "xiv-kesz", "conf": 1.0}, "geometry": {"type": "Point", "coordinates": [19.08872, 47.5082977]}}, {"type": "Feature", "properties": {"code": "Kt-Kk", "reg": "xiv-kesz", "conf": 1.0}, "geometry": {"type": "Point", "coordinates": [19.0952351, 47.5179386]}}, {"type": "Feature", "properties": {"code": "Kt-Kk", "reg": "xiv-kesz", "conf": 1.0}, "geometry": {"type": "Point", "coordinates": [19.0953621, 47.5092993]}}, {"type": "Feature", "properties": {"code": "Lk-2/4", "reg": "xiv-kesz", "conf": 1.0}, "geometry": {"type": "Point", "coordinates": [19.1026841, 47.5148176]}}, {"type": "Feature", "properties": {"code": "Vi-2/26", "reg": "xiv-kesz", "conf": 1.0}, "geometry": {"type": "Point", "coordinates": [19.0974406, 47.5113942]}}, {"type": "Feature", "properties": {"code": "Vi-1/6", "reg": "xiv-kesz", "conf": 1.0}, "geometry": {"type": "Point", "coordinates": [19.0997981, 47.5095698]}}, {"type": "Feature", "properties": {"code": "Lk-2/5", "reg": "xiv-kesz", "conf": 1.0}, "geometry": {"type": "Point", "coordinates": [19.1027964, 47.5122043]}}, {"type": "Feature", "properties": {"code": "Lk-2/5", "reg": "xiv-kesz", "conf": 1.0}, "geometry": {"type": "Point", "coordinates": [19.1020556, 47.5117946]}}, {"type": "Feature", "properties": {"code": "Vi-2/4", "reg": "xiv-kesz", "conf": 1.0}, "geometry": {"type": "Point", "coordinates": [19.0921974, 47.5154092]}}, {"type": "Feature", "properties": {"code": "Ln-1/1", "reg": "xiv-kesz", "conf": 1.0}, "geometry": {"type": "Point", "coordinates": [19.0882386, 47.5078974]}}, {"type": "Feature", "properties": {"code": "Kt-Kk", "reg": "xiv-kesz", "conf": 1.0}, "geometry": {"type": "Point", "coordinates": [19.1033755, 47.5138824]}}, {"type": "Feature", "properties": {"code": "Lk-2/5", "reg": "xiv-kesz", "conf": 1.0}, "geometry": {"type": "Point", "coordinates": [19.1004762, 47.5150413]}}, {"type": "Feature", "properties": {"code": "Kt-Kk", "reg": "xiv-kesz", "conf": 1.0}, "geometry": {"type": "Point", "coordinates": [19.0967871, 47.5125593]}}, {"type": "Feature", "properties": {"code": "Kt-Kk", "reg": "xiv-kesz", "conf": 1.0}, "geometry": {"type": "Point", "coordinates": [19.0968905, 47.5151628]}}, {"type": "Feature", "properties": {"code": "Kt-Kk", "reg": "xiv-kesz", "conf": 1.0}, "geometry": {"type": "Point", "coordinates": [19.1013528, 47.5135199]}}, {"type": "Feature", "properties": {"code": "Lk-2/1", "reg": "xiv-kesz", "conf": 1.0}, "geometry": {"type": "Point", "coordinates": [19.1001854, 47.5136482]}}, {"type": "Feature", "properties": {"code": "Ln-2/1", "reg": "xiv-kesz", "conf": 1.0}, "geometry": {"type": "Point", "coordinates": [19.0968848, 47.508611]}}, {"type": "Feature", "properties": {"code": "Kt-Kk", "reg": "xiv-kesz", "conf": 1.0}, "geometry": {"type": "Point", "coordinates": [19.1023936, 47.5091577]}}, {"type": "Feature", "properties": {"code": "Kt-Kk", "reg": "xiv-kesz", "conf": 1.0}, "geometry": {"type": "Point", "coordinates": [19.1002875, 47.5110913]}}, {"type": "Feature", "properties": {"code": "Vi-2/23", "reg": "xiv-kesz", "conf": 1.0}, "geometry": {"type": "Point", "coordinates": [19.0952141, 47.5149399]}}, {"type": "Feature", "properties": {"code": "Kt-Kk", "reg": "xiv-kesz", "conf": 1.0}, "geometry": {"type": "Point", "coordinates": [19.0935243, 47.5132465]}}, {"type": "Feature", "properties": {"code": "Lk-2/5", "reg": "xiv-kesz", "conf": 1.0}, "geometry": {"type": "Point", "coordinates": [19.0981066, 47.5151457]}}, {"type": "Feature", "properties": {"code": "Vi-1/6", "reg": "xiv-kesz", "conf": 1.0}, "geometry": {"type": "Point", "coordinates": [19.1028195, 47.5088547]}}, {"type": "Feature", "properties": {"code": "Kt-Kk", "reg": "xiv-kesz", "conf": 1.0}, "geometry": {"type": "Point", "coordinates": [19.0921846, 47.5112592]}}, {"type": "Feature", "properties": {"code": "Kt-Kk", "reg": "xiv-kesz", "conf": 1.0}, "geometry": {"type": "Point", "coordinates": [19.103663, 47.5079649]}}, {"type": "Feature", "properties": {"code": "KÖu-3", "reg": "xiv-kesz", "conf": 1.0}, "geometry": {"type": "Point", "coordinates": [19.0909302, 47.5107008]}}, {"type": "Feature", "properties": {"code": "Vi-2/14", "reg": "xiv-kesz", "conf": 1.0}, "geometry": {"type": "Point", "coordinates": [19.0899143, 47.5089886]}}, {"type": "Feature", "properties": {"code": "Kt-Kk", "reg": "xiv-kesz", "conf": 1.0}, "geometry": {"type": "Point", "coordinates": [19.100675, 47.5123627]}}, {"type": "Feature", "properties": {"code": "Lk-2/19", "reg": "xiv-kesz", "conf": 1.0}, "geometry": {"type": "Point", "coordinates": [19.1012936, 47.5124893]}}, {"type": "Feature", "properties": {"code": "Lk-2/4", "reg": "xiv-kesz", "conf": 1.0}, "geometry": {"type": "Point", "coordinates": [19.101519, 47.5142551]}}, {"type": "Feature", "properties": {"code": "Vi-2/1", "reg": "xiv-kesz", "conf": 1.0}, "geometry": {"type": "Point", "coordinates": [19.0952271, 47.5128764]}}, {"type": "Feature", "properties": {"code": "Ln-2/1", "reg": "xiv-kesz", "conf": 1.0}, "geometry": {"type": "Point", "coordinates": [19.0975646, 47.5094727]}}, {"type": "Feature", "properties": {"code": "Vi-2/27", "reg": "xiv-kesz", "conf": 1.0}, "geometry": {"type": "Point", "coordinates": [19.0888581, 47.5175951]}}, {"type": "Feature", "properties": {"code": "KÖk", "reg": "xiv-kesz", "conf": 1.0}, "geometry": {"type": "Point", "coordinates": [19.0929954, 47.5172454]}}, {"type": "Feature", "properties": {"code": "Lk-2/4", "reg": "xiv-kesz", "conf": 1.0}, "geometry": {"type": "Point", "coordinates": [19.1025036, 47.5158531]}}, {"type": "Feature", "properties": {"code": "Kt-Kk", "reg": "xiv-kesz", "conf": 1.0}, "geometry": {"type": "Point", "coordinates": [19.0962049, 47.5099213]}}, {"type": "Feature", "properties": {"code": "Lk-2/5", "reg": "xiv-kesz", "conf": 1.0}, "geometry": {"type": "Point", "coordinates": [19.0956112, 47.5179811]}}, {"type": "Feature", "properties": {"code": "KÖk", "reg": "xiv-kesz", "conf": 1.0}, "geometry": {"type": "Point", "coordinates": [19.1014161, 47.5110521]}}, {"type": "Feature", "properties": {"code": "Lk-2/1", "reg": "xiv-kesz", "conf": 1.0}, "geometry": {"type": "Point", "coordinates": [19.1032581, 47.5133561]}}, {"type": "Feature", "properties": {"code": "Kt-Kk", "reg": "xiv-kesz", "conf": 1.0}, "geometry": {"type": "Point", "coordinates": [19.097198, 47.5107579]}}, {"type": "Feature", "properties": {"code": "Lk-2/17", "reg": "xiv-kesz", "conf": 1.0}, "geometry": {"type": "Point", "coordinates": [19.1026681, 47.5151277]}}, {"type": "Feature", "properties": {"code": "Vi-2/23", "reg": "xiv-kesz", "conf": 1.0}, "geometry": {"type": "Point", "coordinates": [19.0975738, 47.513163]}}, {"type": "Feature", "properties": {"code": "Lk-2/1", "reg": "xiv-kesz", "conf": 1.0}, "geometry": {"type": "Point", "coordinates": [19.1020695, 47.5139437]}}, {"type": "Feature", "properties": {"code": "Vi-2/23", "reg": "xiv-kesz", "conf": 1.0}, "geometry": {"type": "Point", "coordinates": [19.0927045, 47.514596]}}, {"type": "Feature", "properties": {"code": "Kt-Kk", "reg": "xiv-kesz", "conf": 1.0}, "geometry": {"type": "Point", "coordinates": [19.102826, 47.5143495]}}, {"type": "Feature", "properties": {"code": "Vi-2/5", "reg": "xiv-kesz", "conf": 1.0}, "geometry": {"type": "Point", "coordinates": [19.0919487, 47.5173504]}}, {"type": "Feature", "properties": {"code": "Lk-2/1", "reg": "xiv-kesz", "conf": 1.0}, "geometry": {"type": "Point", "coordinates": [19.0969498, 47.5179786]}}, {"type": "Feature", "properties": {"code": "Kt-Kk", "reg": "xiv-kesz", "conf": 1.0}, "geometry": {"type": "Point", "coordinates": [19.0916701, 47.5161032]}}, {"type": "Feature", "properties": {"code": "Vi-2/23", "reg": "xiv-kesz", "conf": 1.0}, "geometry": {"type": "Point", "coordinates": [19.0916384, 47.5150806]}}, {"type": "Feature", "properties": {"code": "Kt-Kk", "reg": "xiv-kesz", "conf": 1.0}, "geometry": {"type": "Point", "coordinates": [19.0906427, 47.5101146]}}, {"type": "Feature", "properties": {"code": "KÖu-4", "reg": "xiv-kesz", "conf": 1.0}, "geometry": {"type": "Point", "coordinates": [19.0943614, 47.5087628]}}, {"type": "Feature", "properties": {"code": "Vi-2/9", "reg": "xiv-kesz", "conf": 1.0}, "geometry": {"type": "Point", "coordinates": [19.0911485, 47.5101667]}}, {"type": "Feature", "properties": {"code": "Lk-2/4", "reg": "xiv-kesz", "conf": 1.0}, "geometry": {"type": "Point", "coordinates": [19.1019944, 47.5176507]}}, {"type": "Feature", "properties": {"code": "KÖu-4", "reg": "xiv-kesz", "conf": 1.0}, "geometry": {"type": "Point", "coordinates": [19.09992, 47.5127519]}}, {"type": "Feature", "properties": {"code": "Vi-1/1", "reg": "xiv-kesz", "conf": 1.0}, "geometry": {"type": "Point", "coordinates": [19.1036812, 47.5083311]}}, {"type": "Feature", "properties": {"code": "Ln-2/9", "reg": "xiv-kesz", "conf": 1.0}, "geometry": {"type": "Point", "coordinates": [19.1014017, 47.5082737]}}, {"type": "Feature", "properties": {"code": "Kt-Kk", "reg": "xiv-kesz", "conf": 1.0}, "geometry": {"type": "Point", "coordinates": [19.0931219, 47.5150659]}}, {"type": "Feature", "properties": {"code": "Lk-2/1", "reg": "xiv-kesz", "conf": 1.0}, "geometry": {"type": "Point", "coordinates": [19.0945092, 47.5118772]}}, {"type": "Feature", "properties": {"code": "Lk-2/4", "reg": "xiv-kesz", "conf": 1.0}, "geometry": {"type": "Point", "coordinates": [19.098384, 47.5165312]}}, {"type": "Feature", "properties": {"code": "Vi-2/4", "reg": "xiv-kesz", "conf": 1.0}, "geometry": {"type": "Point", "coordinates": [19.0960614, 47.5141827]}}, {"type": "Feature", "properties": {"code": "Kt-Kk", "reg": "xiv-kesz", "conf": 1.0}, "geometry": {"type": "Point", "coordinates": [19.1013608, 47.5088091]}}, {"type": "Feature", "properties": {"code": "K-Hon/1", "reg": "xiv-kesz", "conf": 1.0}, "geometry": {"type": "Point", "coordinates": [19.0933258, 47.5116415]}}, {"type": "Feature", "properties": {"code": "Lk-2/1", "reg": "xiv-kesz", "conf": 1.0}, "geometry": {"type": "Point", "coordinates": [19.0957492, 47.5168616]}}, {"type": "Feature", "properties": {"code": "Vi-2/4", "reg": "xiv-kesz", "conf": 1.0}, "geometry": {"type": "Point", "coordinates": [19.0942045, 47.5136443]}}, {"type": "Feature", "properties": {"code": "Zkp/Kk-1", "reg": "xiv-kesz", "conf": 1.0}, "geometry": {"type": "Point", "coordinates": [19.0991221, 47.5122089]}}, {"type": "Feature", "properties": {"code": "Kt-Kk", "reg": "xiv-kesz", "conf": 1.0}, "geometry": {"type": "Point", "coordinates": [19.0884008, 47.5179118]}}, {"type": "Feature", "properties": {"code": "KÖu-3", "reg": "xiv-kesz", "conf": 1.0}, "geometry": {"type": "Point", "coordinates": [19.099283, 47.5117981]}}, {"type": "Feature", "properties": {"code": "Lk-2/4", "reg": "xiv-kesz", "conf": 1.0}, "geometry": {"type": "Point", "coordinates": [19.0997825, 47.5173168]}}, {"type": "Feature", "properties": {"code": "Lk-2/16", "reg": "xiv-kesz", "conf": 1.0}, "geometry": {"type": "Point", "coordinates": [19.0963565, 47.5157988]}}, {"type": "Feature", "properties": {"code": "Lk-2/4", "reg": "xiv-kesz", "conf": 1.0}, "geometry": {"type": "Point", "coordinates": [19.0997752, 47.5140123]}}, {"type": "Feature", "properties": {"code": "Lk-2/5", "reg": "xiv-kesz", "conf": 1.0}, "geometry": {"type": "Point", "coordinates": [19.0990573, 47.5144114]}}, {"type": "Feature", "properties": {"code": "KÖu-3", "reg": "xiv-kesz", "conf": 1.0}, "geometry": {"type": "Point", "coordinates": [19.0948288, 47.5137259]}}, {"type": "Feature", "properties": {"code": "Kt-Kk", "reg": "xiv-kesz", "conf": 1.0}, "geometry": {"type": "Point", "coordinates": [19.0907241, 47.5166229]}}, {"type": "Feature", "properties": {"code": "Lk-2/4", "reg": "xiv-kesz", "conf": 1.0}, "geometry": {"type": "Point", "coordinates": [19.0974795, 47.515771]}}, {"type": "Feature", "properties": {"code": "Lk-2/1", "reg": "xiv-kesz", "conf": 1.0}, "geometry": {"type": "Point", "coordinates": [19.0977027, 47.5147561]}}, {"type": "Feature", "properties": {"code": "Lk-2/1", "reg": "xiv-kesz", "conf": 1.0}, "geometry": {"type": "Point", "coordinates": [19.0960506, 47.5084809]}}, {"type": "Feature", "properties": {"code": "KÖu-3", "reg": "xiv-kesz", "conf": 1.0}, "geometry": {"type": "Point", "coordinates": [19.0843867, 47.5081028]}}, {"type": "Feature", "properties": {"code": "Vi-2/1", "reg": "xiv-kesz", "conf": 1.0}, "geometry": {"type": "Point", "coordinates": [19.0929441, 47.5141264]}}, {"type": "Feature", "properties": {"code": "Kt-Kk", "reg": "xiv-kesz", "conf": 1.0}, "geometry": {"type": "Point", "coordinates": [19.0938268, 47.5081359]}}, {"type": "Feature", "properties": {"code": "KÖu-4", "reg": "xiv-kesz", "conf": 1.0}, "geometry": {"type": "Point", "coordinates": [19.0935151, 47.5174702]}}, {"type": "Feature", "properties": {"code": "Lk-2/5", "reg": "xiv-kesz", "conf": 1.0}, "geometry": {"type": "Point", "coordinates": [19.1024301, 47.5177119]}}, {"type": "Feature", "properties": {"code": "Lk-2/4", "reg": "xiv-kesz", "conf": 1.0}, "geometry": {"type": "Point", "coordinates": [19.1011506, 47.5149339]}}, {"type": "Feature", "properties": {"code": "KÖk", "reg": "xiv-kesz", "conf": 1.0}, "geometry": {"type": "Point", "coordinates": [19.0994115, 47.5124916]}}, {"type": "Feature", "properties": {"code": "Kt-Kk", "reg": "xiv-kesz", "conf": 1.0}, "geometry": {"type": "Point", "coordinates": [19.0978385, 47.5102854]}}, {"type": "Feature", "properties": {"code": "Lk-2/5", "reg": "xiv-kesz", "conf": 1.0}, "geometry": {"type": "Point", "coordinates": [19.0992673, 47.5157312]}}, {"type": "Feature", "properties": {"code": "Lk-2/1", "reg": "xiv-kesz", "conf": 1.0}, "geometry": {"type": "Point", "coordinates": [19.0941376, 47.5104505]}}, {"type": "Feature", "properties": {"code": "Kt-Kk", "reg": "xiv-kesz", "conf": 1.0}, "geometry": {"type": "Point", "coordinates": [19.0957413, 47.5142849]}}, {"type": "Feature", "properties": {"code": "Lk-2/1", "reg": "xiv-kesz", "conf": 1.0}, "geometry": {"type": "Point", "coordinates": [19.0962644, 47.5105888]}}, {"type": "Feature", "properties": {"code": "Kt-Kk", "reg": "xiv-kesz", "conf": 1.0}, "geometry": {"type": "Point", "coordinates": [19.0941749, 47.5128095]}}, {"type": "Feature", "properties": {"code": "KÖu-3", "reg": "xiv-kesz", "conf": 1.0}, "geometry": {"type": "Point", "coordinates": [19.0945472, 47.5081702]}}, {"type": "Feature", "properties": {"code": "Ln-2/1", "reg": "xiv-kesz", "conf": 1.0}, "geometry": {"type": "Point", "coordinates": [19.0998971, 47.5079814]}}, {"type": "Feature", "properties": {"code": "Kt-Kk", "reg": "xiv-kesz", "conf": 1.0}, "geometry": {"type": "Point", "coordinates": [19.1020174, 47.5130719]}}, {"type": "Feature", "properties": {"code": "Vi-2/23", "reg": "xiv-kesz", "conf": 1.0}, "geometry": {"type": "Point", "coordinates": [19.1029404, 47.517173]}}, {"type": "Feature", "properties": {"code": "KÖu-3", "reg": "xiv-kesz", "conf": 1.0}, "geometry": {"type": "Point", "coordinates": [19.0981219, 47.5110798]}}, {"type": "Feature", "properties": {"code": "Kt-Kk", "reg": "xiv-kesz", "conf": 1.0}, "geometry": {"type": "Point", "coordinates": [19.100332, 47.5115943]}}, {"type": "Feature", "properties": {"code": "Vi-1/11", "reg": "xiv-kesz", "conf": 1.0}, "geometry": {"type": "Point", "coordinates": [19.0985248, 47.5106889]}}, {"type": "Feature", "properties": {"code": "Kt-Kk", "reg": "xiv-kesz", "conf": 1.0}, "geometry": {"type": "Point", "coordinates": [19.0927121, 47.5169108]}}, {"type": "Feature", "properties": {"code": "Lk-2/5", "reg": "xiv-kesz", "conf": 1.0}, "geometry": {"type": "Point", "coordinates": [19.1015534, 47.5159933]}}, {"type": "Feature", "properties": {"code": "Kt-Kk", "reg": "xiv-kesz", "conf": 1.0}, "geometry": {"type": "Point", "coordinates": [19.0993142, 47.513437]}}, {"type": "Feature", "properties": {"code": "Kt-Kk", "reg": "xiv-kesz", "conf": 1.0}, "geometry": {"type": "Point", "coordinates": [19.0966915, 47.5094709]}}, {"type": "Feature", "properties": {"code": "KÖu-4", "reg": "xiv-kesz", "conf": 1.0}, "geometry": {"type": "Point", "coordinates": [19.0915254, 47.5106732]}}, {"type": "Feature", "properties": {"code": "Lk-2/4", "reg": "xiv-kesz", "conf": 1.0}, "geometry": {"type": "Point", "coordinates": [19.1032535, 47.5108267]}}, {"type": "Feature", "properties": {"code": "Vi-2/23", "reg": "xiv-kesz", "conf": 1.0}, "geometry": {"type": "Point", "coordinates": [19.0902018, 47.5168396]}}, {"type": "Feature", "properties": {"code": "Vi-2/22", "reg": "xiv-kesz", "conf": 1.0}, "geometry": {"type": "Point", "coordinates": [19.0918218, 47.5080637]}}, {"type": "Feature", "properties": {"code": "Vi-2/1", "reg": "xiv-kesz", "conf": 1.0}, "geometry": {"type": "Point", "coordinates": [19.0895708, 47.516656]}}, {"type": "Feature", "properties": {"code": "KÖu-4", "reg": "xiv-kesz", "conf": 1.0}, "geometry": {"type": "Point", "coordinates": [19.1054006, 47.513984]}}, {"type": "Feature", "properties": {"code": "Ln-T/8", "reg": "xiv-kesz", "conf": 1.0}, "geometry": {"type": "Point", "coordinates": [19.1212749, 47.5126038]}}, {"type": "Feature", "properties": {"code": "Lk-2/5", "reg": "xiv-kesz", "conf": 1.0}, "geometry": {"type": "Point", "coordinates": [19.1055257, 47.5169516]}}, {"type": "Feature", "properties": {"code": "Lk-2/4", "reg": "xiv-kesz", "conf": 1.0}, "geometry": {"type": "Point", "coordinates": [19.1086701, 47.5135162]}}, {"type": "Feature", "properties": {"code": "Lk-2/1", "reg": "xiv-kesz", "conf": 1.0}, "geometry": {"type": "Point", "coordinates": [19.1050491, 47.5156595]}}, {"type": "Feature", "properties": {"code": "Lk-1/4", "reg": "xiv-kesz", "conf": 1.0}, "geometry": {"type": "Point", "coordinates": [19.1216538, 47.5163217]}}, {"type": "Feature", "properties": {"code": "Ln-2/3", "reg": "xiv-kesz", "conf": 1.0}, "geometry": {"type": "Point", "coordinates": [19.114599, 47.513591]}}, {"type": "Feature", "properties": {"code": "Ln-3/3", "reg": "xiv-kesz", "conf": 1.0}, "geometry": {"type": "Point", "coordinates": [19.107143, 47.5092193]}}, {"type": "Feature", "properties": {"code": "Ln-3/6", "reg": "xiv-kesz", "conf": 1.0}, "geometry": {"type": "Point", "coordinates": [19.1105843, 47.5076788]}}, {"type": "Feature", "properties": {"code": "Ln-2/2", "reg": "xiv-kesz", "conf": 1.0}, "geometry": {"type": "Point", "coordinates": [19.1134989, 47.5151715]}}, {"type": "Feature", "properties": {"code": "Ln-2/7", "reg": "xiv-kesz", "conf": 1.0}, "geometry": {"type": "Point", "coordinates": [19.1094758, 47.5172599]}}, {"type": "Feature", "properties": {"code": "K-Rek/3", "reg": "xiv-kesz", "conf": 1.0}, "geometry": {"type": "Point", "coordinates": [19.1157996, 47.5095602]}}, {"type": "Feature", "properties": {"code": "Kt-Zkk-3", "reg": "xiv-kesz", "conf": 1.0}, "geometry": {"type": "Point", "coordinates": [19.110371, 47.5098828]}}, {"type": "Feature", "properties": {"code": "Kt-Zkp-1", "reg": "xiv-kesz", "conf": 1.0}, "geometry": {"type": "Point", "coordinates": [19.1104302, 47.5104441]}}, {"type": "Feature", "properties": {"code": "Gksz-2/2", "reg": "xiv-kesz", "conf": 1.0}, "geometry": {"type": "Point", "coordinates": [19.1155337, 47.514736]}}, {"type": "Feature", "properties": {"code": "Lk-1/14", "reg": "xiv-kesz", "conf": 1.0}, "geometry": {"type": "Point", "coordinates": [19.116813, 47.5173002]}}, {"type": "Feature", "properties": {"code": "Lk-2/12", "reg": "xiv-kesz", "conf": 1.0}, "geometry": {"type": "Point", "coordinates": [19.1112106, 47.5133129]}}, {"type": "Feature", "properties": {"code": "Lk-2/17", "reg": "xiv-kesz", "conf": 1.0}, "geometry": {"type": "Point", "coordinates": [19.1056232, 47.5161838]}}, {"type": "Feature", "properties": {"code": "Lk-2/19", "reg": "xiv-kesz", "conf": 1.0}, "geometry": {"type": "Point", "coordinates": [19.1027857, 47.5129444]}}, {"type": "Feature", "properties": {"code": "Lk-1/17", "reg": "xiv-kesz", "conf": 1.0}, "geometry": {"type": "Point", "coordinates": [19.1204853, 47.5152456]}}, {"type": "Feature", "properties": {"code": "Lk-1/16", "reg": "xiv-kesz", "conf": 1.0}, "geometry": {"type": "Point", "coordinates": [19.1214511, 47.5160633]}}, {"type": "Feature", "properties": {"code": "Ln-2/12", "reg": "xiv-kesz", "conf": 1.0}, "geometry": {"type": "Point", "coordinates": [19.1153546, 47.5163787]}}, {"type": "Feature", "properties": {"code": "Ln-2/13", "reg": "xiv-kesz", "conf": 1.0}, "geometry": {"type": "Point", "coordinates": [19.1139838, 47.51537]}}, {"type": "Feature", "properties": {"code": "Lk-2/1", "reg": "xiv-kesz", "conf": 1.0}, "geometry": {"type": "Point", "coordinates": [19.1053609, 47.5149772]}}, {"type": "Feature", "properties": {"code": "Ln-T/1", "reg": "xiv-kesz", "conf": 1.0}, "geometry": {"type": "Point", "coordinates": [19.108189, 47.5150796]}}, {"type": "Feature", "properties": {"code": "Lk-2/5", "reg": "xiv-kesz", "conf": 1.0}, "geometry": {"type": "Point", "coordinates": [19.1095396, 47.5094964]}}, {"type": "Feature", "properties": {"code": "Lk-2/4", "reg": "xiv-kesz", "conf": 1.0}, "geometry": {"type": "Point", "coordinates": [19.111423, 47.5122682]}}, {"type": "Feature", "properties": {"code": "Lk-2/1", "reg": "xiv-kesz", "conf": 1.0}, "geometry": {"type": "Point", "coordinates": [19.1032914, 47.514599]}}, {"type": "Feature", "properties": {"code": "Kt-Zkk-3", "reg": "xiv-kesz", "conf": 1.0}, "geometry": {"type": "Point", "coordinates": [19.1117809, 47.5115996]}}, {"type": "Feature", "properties": {"code": "Kt-Kk", "reg": "xiv-kesz", "conf": 1.0}, "geometry": {"type": "Point", "coordinates": [19.1090703, 47.515276]}}, {"type": "Feature", "properties": {"code": "Kt-Kk", "reg": "xiv-kesz", "conf": 1.0}, "geometry": {"type": "Point", "coordinates": [19.1040554, 47.5150387]}}, {"type": "Feature", "properties": {"code": "Kt-Zkp-1", "reg": "xiv-kesz", "conf": 1.0}, "geometry": {"type": "Point", "coordinates": [19.1202532, 47.5130097]}}, {"type": "Feature", "properties": {"code": "Lk-2/5", "reg": "xiv-kesz", "conf": 1.0}, "geometry": {"type": "Point", "coordinates": [19.1040056, 47.5156983]}}, {"type": "Feature", "properties": {"code": "Lk-1/14", "reg": "xiv-kesz", "conf": 1.0}, "geometry": {"type": "Point", "coordinates": [19.1172432, 47.5178169]}}, {"type": "Feature", "properties": {"code": "Kt-Zkp-1", "reg": "xiv-kesz", "conf": 1.0}, "geometry": {"type": "Point", "coordinates": [19.1140511, 47.5115234]}}, {"type": "Feature", "properties": {"code": "Ln-T/K1", "reg": "xiv-kesz", "conf": 1.0}, "geometry": {"type": "Point", "coordinates": [19.1125437, 47.5119311]}}, {"type": "Feature", "properties": {"code": "Ln-T/K1", "reg": "xiv-kesz", "conf": 1.0}, "geometry": {"type": "Point", "coordinates": [19.1123173, 47.5107027]}}, {"type": "Feature", "properties": {"code": "Kt-Zkk-3", "reg": "xiv-kesz", "conf": 1.0}, "geometry": {"type": "Point", "coordinates": [19.1078009, 47.5102131]}}, {"type": "Feature", "properties": {"code": "Ln-T/1", "reg": "xiv-kesz", "conf": 1.0}, "geometry": {"type": "Point", "coordinates": [19.1085414, 47.5158632]}}, {"type": "Feature", "properties": {"code": "Lk-2/4", "reg": "xiv-kesz", "conf": 1.0}, "geometry": {"type": "Point", "coordinates": [19.1038724, 47.5114985]}}, {"type": "Feature", "properties": {"code": "Lk-2/4", "reg": "xiv-kesz", "conf": 1.0}, "geometry": {"type": "Point", "coordinates": [19.1070933, 47.5080845]}}, {"type": "Feature", "properties": {"code": "Lk-2/5", "reg": "xiv-kesz", "conf": 1.0}, "geometry": {"type": "Point", "coordinates": [19.1029629, 47.5163718]}}, {"type": "Feature", "properties": {"code": "Lk-2/1", "reg": "xiv-kesz", "conf": 1.0}, "geometry": {"type": "Point", "coordinates": [19.1044167, 47.5152683]}}, {"type": "Feature", "properties": {"code": "Lk-1/4", "reg": "xiv-kesz", "conf": 1.0}, "geometry": {"type": "Point", "coordinates": [19.1205521, 47.5165869]}}, {"type": "Feature", "properties": {"code": "Lk-2/4", "reg": "xiv-kesz", "conf": 1.0}, "geometry": {"type": "Point", "coordinates": [19.1057611, 47.5088224]}}, {"type": "Feature", "properties": {"code": "Lk-2/4", "reg": "xiv-kesz", "conf": 1.0}, "geometry": {"type": "Point", "coordinates": [19.1059191, 47.5116319]}}, {"type": "Feature", "properties": {"code": "Lk-2/4", "reg": "xiv-kesz", "conf": 1.0}, "geometry": {"type": "Point", "coordinates": [19.1046203, 47.5096956]}}, {"type": "Feature", "properties": {"code": "Lk-2/4", "reg": "xiv-kesz", "conf": 1.0}, "geometry": {"type": "Point", "coordinates": [19.1027227, 47.5148165]}}, {"type": "Feature", "properties": {"code": "Ln-T/1", "reg": "xiv-kesz", "conf": 1.0}, "geometry": {"type": "Point", "coordinates": [19.1086212, 47.5097339]}}, {"type": "Feature", "properties": {"code": "Lk-1/4", "reg": "xiv-kesz", "conf": 1.0}, "geometry": {"type": "Point", "coordinates": [19.1207015, 47.5174112]}}, {"type": "Feature", "properties": {"code": "Ln-T/4", "reg": "xiv-kesz", "conf": 1.0}, "geometry": {"type": "Point", "coordinates": [19.1117228, 47.5104901]}}, {"type": "Feature", "properties": {"code": "Ln-2/1", "reg": "xiv-kesz", "conf": 1.0}, "geometry": {"type": "Point", "coordinates": [19.1084239, 47.5177315]}}, {"type": "Feature", "properties": {"code": "Lk-2/4", "reg": "xiv-kesz", "conf": 1.0}, "geometry": {"type": "Point", "coordinates": [19.1071108, 47.5132632]}}, {"type": "Feature", "properties": {"code": "Lk-2/5", "reg": "xiv-kesz", "conf": 1.0}, "geometry": {"type": "Point", "coordinates": [19.1170457, 47.5106944]}}, {"type": "Feature", "properties": {"code": "Lk-2/5", "reg": "xiv-kesz", "conf": 1.0}, "geometry": {"type": "Point", "coordinates": [19.1028297, 47.5121996]}}, {"type": "Feature", "properties": {"code": "Lk-2/1", "reg": "xiv-kesz", "conf": 1.0}, "geometry": {"type": "Point", "coordinates": [19.1037832, 47.5140344]}}, {"type": "Feature", "properties": {"code": "Ln-T/8", "reg": "xiv-kesz", "conf": 1.0}, "geometry": {"type": "Point", "coordinates": [19.1105305, 47.5116126]}}, {"type": "Feature", "properties": {"code": "Lk-2/4", "reg": "xiv-kesz", "conf": 1.0}, "geometry": {"type": "Point", "coordinates": [19.1123727, 47.512803]}}, {"type": "Feature", "properties": {"code": "Lk-2/4", "reg": "xiv-kesz", "conf": 1.0}, "geometry": {"type": "Point", "coordinates": [19.106715, 47.5095927]}}, {"type": "Feature", "properties": {"code": "KÖk", "reg": "xiv-kesz", "conf": 1.0}, "geometry": {"type": "Point", "coordinates": [19.1045888, 47.5087818]}}, {"type": "Feature", "properties": {"code": "Kt-Kk", "reg": "xiv-kesz", "conf": 1.0}, "geometry": {"type": "Point", "coordinates": [19.1059898, 47.5152957]}}, {"type": "Feature", "properties": {"code": "Kt-Kk", "reg": "xiv-kesz", "conf": 1.0}, "geometry": {"type": "Point", "coordinates": [19.1079049, 47.5172168]}}, {"type": "Feature", "properties": {"code": "Lk-T/1", "reg": "xiv-kesz", "conf": 1.0}, "geometry": {"type": "Point", "coordinates": [19.122505, 47.510676]}}, {"type": "Feature", "properties": {"code": "Ln-T/1", "reg": "xiv-kesz", "conf": 1.0}, "geometry": {"type": "Point", "coordinates": [19.1073823, 47.5099594]}}, {"type": "Feature", "properties": {"code": "Ln-T/1", "reg": "xiv-kesz", "conf": 1.0}, "geometry": {"type": "Point", "coordinates": [19.1141492, 47.5117314]}}, {"type": "Feature", "properties": {"code": "Lk-1/7", "reg": "xiv-kesz", "conf": 1.0}, "geometry": {"type": "Point", "coordinates": [19.1210906, 47.5174309]}}, {"type": "Feature", "properties": {"code": "Lk-1/6", "reg": "xiv-kesz", "conf": 1.0}, "geometry": {"type": "Point", "coordinates": [19.1178551, 47.5180184]}}, {"type": "Feature", "properties": {"code": "Kt-Kk", "reg": "xiv-kesz", "conf": 1.0}, "geometry": {"type": "Point", "coordinates": [19.1034097, 47.5138717]}}, {"type": "Feature", "properties": {"code": "Ln-T/3", "reg": "xiv-kesz", "conf": 1.0}, "geometry": {"type": "Point", "coordinates": [19.1068183, 47.5169845]}}, {"type": "Feature", "properties": {"code": "KÖu-3", "reg": "xiv-kesz", "conf": 1.0}, "geometry": {"type": "Point", "coordinates": [19.1079295, 47.5166704]}}, {"type": "Feature", "properties": {"code": "Ln-T/1", "reg": "xiv-kesz", "conf": 1.0}, "geometry": {"type": "Point", "coordinates": [19.1070688, 47.5148569]}}, {"type": "Feature", "properties": {"code": "Ln-T/4", "reg": "xiv-kesz", "conf": 1.0}, "geometry": {"type": "Point", "coordinates": [19.1074781, 47.5162733]}}, {"type": "Feature", "properties": {"code": "Lk-2/1", "reg": "xiv-kesz", "conf": 1.0}, "geometry": {"type": "Point", "coordinates": [19.1117764, 47.5125556]}}, {"type": "Feature", "properties": {"code": "Lk-2/5", "reg": "xiv-kesz", "conf": 1.0}, "geometry": {"type": "Point", "coordinates": [19.1045884, 47.5140339]}}, {"type": "Feature", "properties": {"code": "Lk-2/1", "reg": "xiv-kesz", "conf": 1.0}, "geometry": {"type": "Point", "coordinates": [19.1043842, 47.5144363]}}, {"type": "Feature", "properties": {"code": "Lk-2/5", "reg": "xiv-kesz", "conf": 1.0}, "geometry": {"type": "Point", "coordinates": [19.1060418, 47.5145914]}}, {"type": "Feature", "properties": {"code": "Kt-Kk", "reg": "xiv-kesz", "conf": 1.0}, "geometry": {"type": "Point", "coordinates": [19.1188007, 47.5081025]}}, {"type": "Feature", "properties": {"code": "Ln-T/4", "reg": "xiv-kesz", "conf": 1.0}, "geometry": {"type": "Point", "coordinates": [19.1223379, 47.5157157]}}, {"type": "Feature", "properties": {"code": "Lk-2/5", "reg": "xiv-kesz", "conf": 1.0}, "geometry": {"type": "Point", "coordinates": [19.1085704, 47.5114271]}}, {"type": "Feature", "properties": {"code": "Ln-T/1", "reg": "xiv-kesz", "conf": 1.0}, "geometry": {"type": "Point", "coordinates": [19.1223544, 47.5121432]}}, {"type": "Feature", "properties": {"code": "Ln-T/4", "reg": "xiv-kesz", "conf": 1.0}, "geometry": {"type": "Point", "coordinates": [19.1199365, 47.5142839]}}, {"type": "Feature", "properties": {"code": "Kt-Zkp-1", "reg": "xiv-kesz", "conf": 1.0}, "geometry": {"type": "Point", "coordinates": [19.1226641, 47.5130481]}}, {"type": "Feature", "properties": {"code": "Kt-Kk", "reg": "xiv-kesz", "conf": 1.0}, "geometry": {"type": "Point", "coordinates": [19.1145945, 47.511293]}}, {"type": "Feature", "properties": {"code": "Gksz-1/2", "reg": "xiv-kesz", "conf": 1.0}, "geometry": {"type": "Point", "coordinates": [19.1143923, 47.5081432]}}, {"type": "Feature", "properties": {"code": "Kt-Kk", "reg": "xiv-kesz", "conf": 1.0}, "geometry": {"type": "Point", "coordinates": [19.1199868, 47.5088123]}}, {"type": "Feature", "properties": {"code": "KÖu-4", "reg": "xiv-kesz", "conf": 1.0}, "geometry": {"type": "Point", "coordinates": [19.1079494, 47.5164077]}}, {"type": "Feature", "properties": {"code": "Lk-2/5", "reg": "xiv-kesz", "conf": 1.0}, "geometry": {"type": "Point", "coordinates": [19.106653, 47.514094]}}, {"type": "Feature", "properties": {"code": "Ln-T/1", "reg": "xiv-kesz", "conf": 1.0}, "geometry": {"type": "Point", "coordinates": [19.1091109, 47.5149437]}}, {"type": "Feature", "properties": {"code": "Ln-T/4", "reg": "xiv-kesz", "conf": 1.0}, "geometry": {"type": "Point", "coordinates": [19.1084213, 47.5146512]}}, {"type": "Feature", "properties": {"code": "Zkp/Kp-1", "reg": "xiv-kesz", "conf": 1.0}, "geometry": {"type": "Point", "coordinates": [19.1181944, 47.5083582]}}, {"type": "Feature", "properties": {"code": "Kt-Zkp-1", "reg": "xiv-kesz", "conf": 1.0}, "geometry": {"type": "Point", "coordinates": [19.122405, 47.5126032]}}, {"type": "Feature", "properties": {"code": "Lk-2/5", "reg": "xiv-kesz", "conf": 1.0}, "geometry": {"type": "Point", "coordinates": [19.1064191, 47.5169213]}}, {"type": "Feature", "properties": {"code": "Ln-T/1", "reg": "xiv-kesz", "conf": 1.0}, "geometry": {"type": "Point", "coordinates": [19.110229, 47.5105517]}}, {"type": "Feature", "properties": {"code": "Ln-T/1", "reg": "xiv-kesz", "conf": 1.0}, "geometry": {"type": "Point", "coordinates": [19.1073177, 47.5152009]}}, {"type": "Feature", "properties": {"code": "Ln-T/1", "reg": "xiv-kesz", "conf": 1.0}, "geometry": {"type": "Point", "coordinates": [19.1113924, 47.5101606]}}, {"type": "Feature", "properties": {"code": "Ln-T/1", "reg": "xiv-kesz", "conf": 1.0}, "geometry": {"type": "Point", "coordinates": [19.1137043, 47.5120406]}}, {"type": "Feature", "properties": {"code": "Kt-Kk", "reg": "xiv-kesz", "conf": 1.0}, "geometry": {"type": "Point", "coordinates": [19.1116658, 47.5079256]}}, {"type": "Feature", "properties": {"code": "Kt-Kk", "reg": "xiv-kesz", "conf": 1.0}, "geometry": {"type": "Point", "coordinates": [19.1036624, 47.5079533]}}, {"type": "Feature", "properties": {"code": "Lk-2/5", "reg": "xiv-kesz", "conf": 1.0}, "geometry": {"type": "Point", "coordinates": [19.1193151, 47.5089893]}}, {"type": "Feature", "properties": {"code": "Lk-T/1", "reg": "xiv-kesz", "conf": 1.0}, "geometry": {"type": "Point", "coordinates": [19.1221253, 47.5109485]}}, {"type": "Feature", "properties": {"code": "Ln-T/1", "reg": "xiv-kesz", "conf": 1.0}, "geometry": {"type": "Point", "coordinates": [19.1078427, 47.5094388]}}, {"type": "Feature", "properties": {"code": "Lk-2/17", "reg": "xiv-kesz", "conf": 1.0}, "geometry": {"type": "Point", "coordinates": [19.1102586, 47.5127353]}}, {"type": "Feature", "properties": {"code": "Ln-T/1", "reg": "xiv-kesz", "conf": 1.0}, "geometry": {"type": "Point", "coordinates": [19.1192347, 47.5136714]}}, {"type": "Feature", "properties": {"code": "Ln-3/3", "reg": "xiv-kesz", "conf": 1.0}, "geometry": {"type": "Point", "coordinates": [19.1078822, 47.5086607]}}, {"type": "Feature", "properties": {"code": "Ln-2/1", "reg": "xiv-kesz", "conf": 1.0}, "geometry": {"type": "Point", "coordinates": [19.1156235, 47.5127461]}}, {"type": "Feature", "properties": {"code": "Zkp/Kp-1", "reg": "xiv-kesz", "conf": 1.0}, "geometry": {"type": "Point", "coordinates": [19.1076515, 47.5121938]}}, {"type": "Feature", "properties": {"code": "Kt-Kk", "reg": "xiv-kesz", "conf": 1.0}, "geometry": {"type": "Point", "coordinates": [19.1200872, 47.5105191]}}, {"type": "Feature", "properties": {"code": "Ln-T/2", "reg": "xiv-kesz", "conf": 1.0}, "geometry": {"type": "Point", "coordinates": [19.1218396, 47.5141777]}}, {"type": "Feature", "properties": {"code": "Ln-T/1", "reg": "xiv-kesz", "conf": 1.0}, "geometry": {"type": "Point", "coordinates": [19.112536, 47.5111232]}}, {"type": "Feature", "properties": {"code": "Lk-2/4", "reg": "xiv-kesz", "conf": 1.0}, "geometry": {"type": "Point", "coordinates": [19.1061401, 47.5102676]}}, {"type": "Feature", "properties": {"code": "Ln-T/1", "reg": "xiv-kesz", "conf": 1.0}, "geometry": {"type": "Point", "coordinates": [19.1109686, 47.5112437]}}, {"type": "Feature", "properties": {"code": "Ln-T/1", "reg": "xiv-kesz", "conf": 1.0}, "geometry": {"type": "Point", "coordinates": [19.1123294, 47.5113435]}}, {"type": "Feature", "properties": {"code": "Ln-T/1", "reg": "xiv-kesz", "conf": 1.0}, "geometry": {"type": "Point", "coordinates": [19.1104247, 47.5096121]}}, {"type": "Feature", "properties": {"code": "Lk-2/5", "reg": "xiv-kesz", "conf": 1.0}, "geometry": {"type": "Point", "coordinates": [19.1105298, 47.5119345]}}, {"type": "Feature", "properties": {"code": "Ln-2/13", "reg": "xiv-kesz", "conf": 1.0}, "geometry": {"type": "Point", "coordinates": [19.1161611, 47.515687]}}, {"type": "Feature", "properties": {"code": "Lk-2/1", "reg": "xiv-kesz", "conf": 1.0}, "geometry": {"type": "Point", "coordinates": [19.1032944, 47.5133525]}}, {"type": "Feature", "properties": {"code": "Ln-T/1", "reg": "xiv-kesz", "conf": 1.0}, "geometry": {"type": "Point", "coordinates": [19.107134, 47.5158162]}}, {"type": "Feature", "properties": {"code": "Lk-1/6", "reg": "xiv-kesz", "conf": 1.0}, "geometry": {"type": "Point", "coordinates": [19.1196294, 47.5160108]}}, {"type": "Feature", "properties": {"code": "Ln-T/4", "reg": "xiv-kesz", "conf": 1.0}, "geometry": {"type": "Point", "coordinates": [19.1067563, 47.5158424]}}, {"type": "Feature", "properties": {"code": "Lk-2/17", "reg": "xiv-kesz", "conf": 1.0}, "geometry": {"type": "Point", "coordinates": [19.1027073, 47.515127]}}, {"type": "Feature", "properties": {"code": "Lk-2/5", "reg": "xiv-kesz", "conf": 1.0}, "geometry": {"type": "Point", "coordinates": [19.1090077, 47.5104449]}}, {"type": "Feature", "properties": {"code": "Ln-T/1", "reg": "xiv-kesz", "conf": 1.0}, "geometry": {"type": "Point", "coordinates": [19.1077966, 47.5103997]}}, {"type": "Feature", "properties": {"code": "Kt-Kk", "reg": "xiv-kesz", "conf": 1.0}, "geometry": {"type": "Point", "coordinates": [19.1153695, 47.5119127]}}, {"type": "Feature", "properties": {"code": "Kt-Kk", "reg": "xiv-kesz", "conf": 1.0}, "geometry": {"type": "Point", "coordinates": [19.102861, 47.5143389]}}, {"type": "Feature", "properties": {"code": "Ln-T/1", "reg": "xiv-kesz", "conf": 1.0}, "geometry": {"type": "Point", "coordinates": [19.1222938, 47.5145548]}}, {"type": "Feature", "properties": {"code": "Ln-T/1", "reg": "xiv-kesz", "conf": 1.0}, "geometry": {"type": "Point", "coordinates": [19.1222813, 47.5131191]}}, {"type": "Feature", "properties": {"code": "Lk-2/15", "reg": "xiv-kesz", "conf": 1.0}, "geometry": {"type": "Point", "coordinates": [19.1099426, 47.5098877]}}, {"type": "Feature", "properties": {"code": "Kt-Zkp-1", "reg": "xiv-kesz", "conf": 1.0}, "geometry": {"type": "Point", "coordinates": [19.1078421, 47.5155524]}}, {"type": "Feature", "properties": {"code": "Lk-2/4", "reg": "xiv-kesz", "conf": 1.0}, "geometry": {"type": "Point", "coordinates": [19.1191799, 47.5106611]}}, {"type": "Feature", "properties": {"code": "Lk-2/17", "reg": "xiv-kesz", "conf": 1.0}, "geometry": {"type": "Point", "coordinates": [19.1092365, 47.5136888]}}, {"type": "Feature", "properties": {"code": "Kt-Kk", "reg": "xiv-kesz", "conf": 1.0}, "geometry": {"type": "Point", "coordinates": [19.1210352, 47.5096135]}}, {"type": "Feature", "properties": {"code": "Lk-2/4", "reg": "xiv-kesz", "conf": 1.0}, "geometry": {"type": "Point", "coordinates": [19.1054311, 47.5134813]}}, {"type": "Feature", "properties": {"code": "Ln-T/1", "reg": "xiv-kesz", "conf": 1.0}, "geometry": {"type": "Point", "coordinates": [19.1110645, 47.5105126]}}, {"type": "Feature", "properties": {"code": "Ln-T/4", "reg": "xiv-kesz", "conf": 1.0}, "geometry": {"type": "Point", "coordinates": [19.1070972, 47.5160736]}}, {"type": "Feature", "properties": {"code": "Kt-Kk", "reg": "xiv-kesz", "conf": 1.0}, "geometry": {"type": "Point", "coordinates": [19.1120234, 47.5131079]}}, {"type": "Feature", "properties": {"code": "Ln-T/1", "reg": "xiv-kesz", "conf": 1.0}, "geometry": {"type": "Point", "coordinates": [19.1206101, 47.5138591]}}, {"type": "Feature", "properties": {"code": "Ln-2/1", "reg": "xiv-kesz", "conf": 1.0}, "geometry": {"type": "Point", "coordinates": [19.1171632, 47.5158195]}}, {"type": "Feature", "properties": {"code": "Kt-Kk", "reg": "xiv-kesz", "conf": 1.0}, "geometry": {"type": "Point", "coordinates": [19.1156157, 47.5170076]}}, {"type": "Feature", "properties": {"code": "Ln-T/K2", "reg": "xiv-kesz", "conf": 1.0}, "geometry": {"type": "Point", "coordinates": [19.1225028, 47.5139758]}}, {"type": "Feature", "properties": {"code": "Kt-Kk", "reg": "xiv-kesz", "conf": 1.0}, "geometry": {"type": "Point", "coordinates": [19.1117303, 47.5143783]}}, {"type": "Feature", "properties": {"code": "Lk-2/5", "reg": "xiv-kesz", "conf": 1.0}, "geometry": {"type": "Point", "coordinates": [19.1084527, 47.5127333]}}, {"type": "Feature", "properties": {"code": "Ln-T/1", "reg": "xiv-kesz", "conf": 1.0}, "geometry": {"type": "Point", "coordinates": [19.1198326, 47.5134278]}}, {"type": "Feature", "properties": {"code": "Ln-T/1", "reg": "xiv-kesz", "conf": 1.0}, "geometry": {"type": "Point", "coordinates": [19.1118508, 47.5117418]}}, {"type": "Feature", "properties": {"code": "Ln-T/1", "reg": "xiv-kesz", "conf": 1.0}, "geometry": {"type": "Point", "coordinates": [19.1087277, 47.514666]}}, {"type": "Feature", "properties": {"code": "Ln-T/1", "reg": "xiv-kesz", "conf": 1.0}, "geometry": {"type": "Point", "coordinates": [19.1209871, 47.5136356]}}, {"type": "Feature", "properties": {"code": "Ln-T/1", "reg": "xiv-kesz", "conf": 1.0}, "geometry": {"type": "Point", "coordinates": [19.1130881, 47.5120111]}}, {"type": "Feature", "properties": {"code": "Lk-2/4", "reg": "xiv-kesz", "conf": 1.0}, "geometry": {"type": "Point", "coordinates": [19.1095432, 47.5124987]}}, {"type": "Feature", "properties": {"code": "Lk-2/4", "reg": "xiv-kesz", "conf": 1.0}, "geometry": {"type": "Point", "coordinates": [19.1083968, 47.5129413]}}, {"type": "Feature", "properties": {"code": "Ln-T/1", "reg": "xiv-kesz", "conf": 1.0}, "geometry": {"type": "Point", "coordinates": [19.1075633, 47.5146257]}}, {"type": "Feature", "properties": {"code": "Ln-T/1", "reg": "xiv-kesz", "conf": 1.0}, "geometry": {"type": "Point", "coordinates": [19.1067475, 47.515579]}}, {"type": "Feature", "properties": {"code": "Ln-2/2", "reg": "xiv-kesz", "conf": 1.0}, "geometry": {"type": "Point", "coordinates": [19.1071712, 47.5177215]}}, {"type": "Feature", "properties": {"code": "Ln-T/1", "reg": "xiv-kesz", "conf": 1.0}, "geometry": {"type": "Point", "coordinates": [19.1074981, 47.5160336]}}, {"type": "Feature", "properties": {"code": "Lk-1/4", "reg": "xiv-kesz", "conf": 1.0}, "geometry": {"type": "Point", "coordinates": [19.1222797, 47.5168766]}}, {"type": "Feature", "properties": {"code": "Ln-3/9", "reg": "xiv-kesz", "conf": 1.0}, "geometry": {"type": "Point", "coordinates": [19.1086946, 47.5090548]}}, {"type": "Feature", "properties": {"code": "Ln-T/1", "reg": "xiv-kesz", "conf": 1.0}, "geometry": {"type": "Point", "coordinates": [19.1193491, 47.5134067]}}, {"type": "Feature", "properties": {"code": "Ln-T/1", "reg": "xiv-kesz", "conf": 1.0}, "geometry": {"type": "Point", "coordinates": [19.1198173, 47.5137827]}}, {"type": "Feature", "properties": {"code": "Lk-2/5", "reg": "xiv-kesz", "conf": 1.0}, "geometry": {"type": "Point", "coordinates": [19.1204074, 47.5084151]}}, {"type": "Feature", "properties": {"code": "Ln-T/1", "reg": "xiv-kesz", "conf": 1.0}, "geometry": {"type": "Point", "coordinates": [19.1114097, 47.5114989]}}, {"type": "Feature", "properties": {"code": "Lk-2/4", "reg": "xiv-kesz", "conf": 1.0}, "geometry": {"type": "Point", "coordinates": [19.1191993, 47.5099713]}}, {"type": "Feature", "properties": {"code": "Ln-3/6", "reg": "xiv-kesz", "conf": 1.0}, "geometry": {"type": "Point", "coordinates": [19.1101714, 47.5084514]}}, {"type": "Feature", "properties": {"code": "Ln-2/2", "reg": "xiv-kesz", "conf": 1.0}, "geometry": {"type": "Point", "coordinates": [19.1127986, 47.5163006]}}, {"type": "Feature", "properties": {"code": "Ln-T/1", "reg": "xiv-kesz", "conf": 1.0}, "geometry": {"type": "Point", "coordinates": [19.1097109, 47.5150279]}}, {"type": "Feature", "properties": {"code": "Zkp/Kk-1", "reg": "xiv-kesz", "conf": 1.0}, "geometry": {"type": "Point", "coordinates": [19.1212854, 47.5147756]}}, {"type": "Feature", "properties": {"code": "Kt-Zkk-1", "reg": "xiv-kesz", "conf": 1.0}, "geometry": {"type": "Point", "coordinates": [19.1087265, 47.5169131]}}, {"type": "Feature", "properties": {"code": "Lk-2/1", "reg": "xiv-kesz", "conf": 1.0}, "geometry": {"type": "Point", "coordinates": [19.1111395, 47.5121628]}}, {"type": "Feature", "properties": {"code": "Lk-2/4", "reg": "xiv-kesz", "conf": 1.0}, "geometry": {"type": "Point", "coordinates": [19.1222784, 47.5083269]}}, {"type": "Feature", "properties": {"code": "Lk-2/4", "reg": "xiv-kesz", "conf": 1.0}, "geometry": {"type": "Point", "coordinates": [19.1037951, 47.5126594]}}, {"type": "Feature", "properties": {"code": "Ln-2/2", "reg": "xiv-kesz", "conf": 1.0}, "geometry": {"type": "Point", "coordinates": [19.1141289, 47.5172818]}}, {"type": "Feature", "properties": {"code": "Ln-T/1", "reg": "xiv-kesz", "conf": 1.0}, "geometry": {"type": "Point", "coordinates": [19.1203467, 47.5126491]}}, {"type": "Feature", "properties": {"code": "Lk-2/4", "reg": "xiv-kesz", "conf": 1.0}, "geometry": {"type": "Point", "coordinates": [19.110713, 47.5127779]}}, {"type": "Feature", "properties": {"code": "Ln-T/1", "reg": "xiv-kesz", "conf": 1.0}, "geometry": {"type": "Point", "coordinates": [19.121832, 47.515334]}}, {"type": "Feature", "properties": {"code": "Kt-Fk-2", "reg": "xiv-kesz", "conf": 1.0}, "geometry": {"type": "Point", "coordinates": [19.1223124, 47.5141985]}}, {"type": "Feature", "properties": {"code": "Lk-1/6", "reg": "xiv-kesz", "conf": 1.0}, "geometry": {"type": "Point", "coordinates": [19.1189763, 47.5171583]}}, {"type": "Feature", "properties": {"code": "Ln-T/1", "reg": "xiv-kesz", "conf": 1.0}, "geometry": {"type": "Point", "coordinates": [19.109946, 47.5108164]}}, {"type": "Feature", "properties": {"code": "Ln-2/1", "reg": "xiv-kesz", "conf": 1.0}, "geometry": {"type": "Point", "coordinates": [19.1173474, 47.5137454]}}, {"type": "Feature", "properties": {"code": "Ln-T/7", "reg": "xiv-kesz", "conf": 1.0}, "geometry": {"type": "Point", "coordinates": [19.1071137, 47.5109981]}}, {"type": "Feature", "properties": {"code": "Ln-T/1", "reg": "xiv-kesz", "conf": 1.0}, "geometry": {"type": "Point", "coordinates": [19.109672, 47.5111102]}}, {"type": "Feature", "properties": {"code": "Kt-Kk", "reg": "xiv-kesz", "conf": 1.0}, "geometry": {"type": "Point", "coordinates": [19.1085082, 47.5167699]}}, {"type": "Feature", "properties": {"code": "Lk-2/12", "reg": "xiv-kesz", "conf": 1.0}, "geometry": {"type": "Point", "coordinates": [19.1100331, 47.5140783]}}, {"type": "Feature", "properties": {"code": "KÖu-4", "reg": "xiv-kesz", "conf": 1.0}, "geometry": {"type": "Point", "coordinates": [19.1074676, 47.5168721]}}, {"type": "Feature", "properties": {"code": "Ln-T/1", "reg": "xiv-kesz", "conf": 1.0}, "geometry": {"type": "Point", "coordinates": [19.1198839, 47.5130822]}}, {"type": "Feature", "properties": {"code": "KÖu-4", "reg": "xiv-kesz", "conf": 1.0}, "geometry": {"type": "Point", "coordinates": [19.1187428, 47.5090385]}}, {"type": "Feature", "properties": {"code": "Lk-2/1", "reg": "xiv-kesz", "conf": 1.0}, "geometry": {"type": "Point", "coordinates": [19.1048634, 47.5164396]}}, {"type": "Feature", "properties": {"code": "Kt-Kk", "reg": "xiv-kesz", "conf": 1.0}, "geometry": {"type": "Point", "coordinates": [19.1169256, 47.5113268]}}, {"type": "Feature", "properties": {"code": "Kt-Kk", "reg": "xiv-kesz", "conf": 1.0}, "geometry": {"type": "Point", "coordinates": [19.116251, 47.5081272]}}, {"type": "Feature", "properties": {"code": "Lk-2/12", "reg": "xiv-kesz", "conf": 1.0}, "geometry": {"type": "Point", "coordinates": [19.1057107, 47.5103657]}}, {"type": "Feature", "properties": {"code": "Lk-2/4", "reg": "xiv-kesz", "conf": 1.0}, "geometry": {"type": "Point", "coordinates": [19.1049952, 47.5100946]}}, {"type": "Feature", "properties": {"code": "Ln-2/2", "reg": "xiv-kesz", "conf": 1.0}, "geometry": {"type": "Point", "coordinates": [19.1110773, 47.5155812]}}, {"type": "Feature", "properties": {"code": "Lk-1/2", "reg": "xiv-kesz", "conf": 1.0}, "geometry": {"type": "Point", "coordinates": [19.1197887, 47.5156987]}}, {"type": "Feature", "properties": {"code": "Kt-Kk", "reg": "xiv-kesz", "conf": 1.0}, "geometry": {"type": "Point", "coordinates": [19.1048541, 47.5147748]}}, {"type": "Feature", "properties": {"code": "Ln-2/2", "reg": "xiv-kesz", "conf": 1.0}, "geometry": {"type": "Point", "coordinates": [19.1137339, 47.5179947]}}, {"type": "Feature", "properties": {"code": "Kt-Kk", "reg": "xiv-kesz", "conf": 1.0}, "geometry": {"type": "Point", "coordinates": [19.1197232, 47.5145543]}}, {"type": "Feature", "properties": {"code": "Lk-2/12", "reg": "xiv-kesz", "conf": 1.0}, "geometry": {"type": "Point", "coordinates": [19.1051523, 47.5116905]}}, {"type": "Feature", "properties": {"code": "Ln-T/1", "reg": "xiv-kesz", "conf": 1.0}, "geometry": {"type": "Point", "coordinates": [19.1131206, 47.5110147]}}, {"type": "Feature", "properties": {"code": "Kt-Kk", "reg": "xiv-kesz", "conf": 1.0}, "geometry": {"type": "Point", "coordinates": [19.1128706, 47.5126318]}}, {"type": "Feature", "properties": {"code": "Kt-Zkk-1", "reg": "xiv-kesz", "conf": 1.0}, "geometry": {"type": "Point", "coordinates": [19.1090047, 47.5144505]}}, {"type": "Feature", "properties": {"code": "Lk-2/4", "reg": "xiv-kesz", "conf": 1.0}, "geometry": {"type": "Point", "coordinates": [19.1059993, 47.5128417]}}, {"type": "Feature", "properties": {"code": "Ln-T/1", "reg": "xiv-kesz", "conf": 1.0}, "geometry": {"type": "Point", "coordinates": [19.1224217, 47.5153164]}}, {"type": "Feature", "properties": {"code": "Lk-2/5", "reg": "xiv-kesz", "conf": 1.0}, "geometry": {"type": "Point", "coordinates": [19.1060396, 47.5165062]}}, {"type": "Feature", "properties": {"code": "Lk-2/17", "reg": "xiv-kesz", "conf": 1.0}, "geometry": {"type": "Point", "coordinates": [19.104747, 47.5113022]}}, {"type": "Feature", "properties": {"code": "Lk-2/5", "reg": "xiv-kesz", "conf": 1.0}, "geometry": {"type": "Point", "coordinates": [19.1091538, 47.5122282]}}, {"type": "Feature", "properties": {"code": "Lk-2/4", "reg": "xiv-kesz", "conf": 1.0}, "geometry": {"type": "Point", "coordinates": [19.1067386, 47.5142805]}}, {"type": "Feature", "properties": {"code": "Ln-T/1", "reg": "xiv-kesz", "conf": 1.0}, "geometry": {"type": "Point", "coordinates": [19.1066306, 47.5151325]}}, {"type": "Feature", "properties": {"code": "Kt-Kk", "reg": "xiv-kesz", "conf": 1.0}, "geometry": {"type": "Point", "coordinates": [19.11096, 47.5139134]}}, {"type": "Feature", "properties": {"code": "Lk-2/5", "reg": "xiv-kesz", "conf": 1.0}, "geometry": {"type": "Point", "coordinates": [19.1051955, 47.5120713]}}, {"type": "Feature", "properties": {"code": "Ln-T/1", "reg": "xiv-kesz", "conf": 1.0}, "geometry": {"type": "Point", "coordinates": [19.1081965, 47.5100722]}}, {"type": "Feature", "properties": {"code": "Lk-2/4", "reg": "xiv-kesz", "conf": 1.0}, "geometry": {"type": "Point", "coordinates": [19.1062833, 47.5091739]}}, {"type": "Feature", "properties": {"code": "Lk-2/5", "reg": "xiv-kesz", "conf": 1.0}, "geometry": {"type": "Point", "coordinates": [19.1168493, 47.5119241]}}, {"type": "Feature", "properties": {"code": "Kt-Kk", "reg": "xiv-kesz", "conf": 1.0}, "geometry": {"type": "Point", "coordinates": [19.1065523, 47.5164199]}}, {"type": "Feature", "properties": {"code": "Kt-Kk", "reg": "xiv-kesz", "conf": 1.0}, "geometry": {"type": "Point", "coordinates": [19.1174107, 47.5102644]}}, {"type": "Feature", "properties": {"code": "Ln-2/1", "reg": "xiv-kesz", "conf": 1.0}, "geometry": {"type": "Point", "coordinates": [19.1147213, 47.5124316]}}, {"type": "Feature", "properties": {"code": "Kt-Kk", "reg": "xiv-kesz", "conf": 1.0}, "geometry": {"type": "Point", "coordinates": [19.1200569, 47.5152684]}}, {"type": "Feature", "properties": {"code": "Lk-2/4", "reg": "xiv-kesz", "conf": 1.0}, "geometry": {"type": "Point", "coordinates": [19.1088221, 47.5112694]}}, {"type": "Feature", "properties": {"code": "Lk-2/4", "reg": "xiv-kesz", "conf": 1.0}, "geometry": {"type": "Point", "coordinates": [19.1178883, 47.5100454]}}, {"type": "Feature", "properties": {"code": "Ln-T/1", "reg": "xiv-kesz", "conf": 1.0}, "geometry": {"type": "Point", "coordinates": [19.1214649, 47.513487]}}, {"type": "Feature", "properties": {"code": "Ln-2/2", "reg": "xiv-kesz", "conf": 1.0}, "geometry": {"type": "Point", "coordinates": [19.1137102, 47.51318]}}, {"type": "Feature", "properties": {"code": "Kt-Zkp-1", "reg": "xiv-kesz", "conf": 1.0}, "geometry": {"type": "Point", "coordinates": [19.1219135, 47.5116017]}}, {"type": "Feature", "properties": {"code": "Ln-T/1", "reg": "xiv-kesz", "conf": 1.0}, "geometry": {"type": "Point", "coordinates": [19.1085542, 47.5143403]}}, {"type": "Feature", "properties": {"code": "Ln-T/1", "reg": "xiv-kesz", "conf": 1.0}, "geometry": {"type": "Point", "coordinates": [19.1224689, 47.5138409]}}, {"type": "Feature", "properties": {"code": "Kt-Fk-1", "reg": "xiv-kesz", "conf": 1.0}, "geometry": {"type": "Point", "coordinates": [19.1220645, 47.5155919]}}, {"type": "Feature", "properties": {"code": "Ln-T/K1", "reg": "xiv-kesz", "conf": 1.0}, "geometry": {"type": "Point", "coordinates": [19.1118387, 47.5109905]}}, {"type": "Feature", "properties": {"code": "Ln-T/1", "reg": "xiv-kesz", "conf": 1.0}, "geometry": {"type": "Point", "coordinates": [19.1109108, 47.5099177]}}, {"type": "Feature", "properties": {"code": "Lk-2/14", "reg": "xiv-kesz", "conf": 1.0}, "geometry": {"type": "Point", "coordinates": [19.1042198, 47.5123823]}}, {"type": "Feature", "properties": {"code": "Ln-T/1", "reg": "xiv-kesz", "conf": 1.0}, "geometry": {"type": "Point", "coordinates": [19.1219628, 47.5119293]}}, {"type": "Feature", "properties": {"code": "Ln-T/1", "reg": "xiv-kesz", "conf": 1.0}, "geometry": {"type": "Point", "coordinates": [19.1132706, 47.5123574]}}, {"type": "Feature", "properties": {"code": "Lk-1/2", "reg": "xiv-kesz", "conf": 1.0}, "geometry": {"type": "Point", "coordinates": [19.1180782, 47.516521]}}, {"type": "Feature", "properties": {"code": "Ln-T/4", "reg": "xiv-kesz", "conf": 1.0}, "geometry": {"type": "Point", "coordinates": [19.1091376, 47.5151632]}}, {"type": "Feature", "properties": {"code": "Kt-Kk", "reg": "xiv-kesz", "conf": 1.0}, "geometry": {"type": "Point", "coordinates": [19.1162314, 47.5175307]}}, {"type": "Feature", "properties": {"code": "Lk-2/4", "reg": "xiv-kesz", "conf": 1.0}, "geometry": {"type": "Point", "coordinates": [19.1032846, 47.5108197]}}, {"type": "Feature", "properties": {"code": "Ln-2/1", "reg": "xiv-kesz", "conf": 1.0}, "geometry": {"type": "Point", "coordinates": [19.1128974, 47.5143291]}}, {"type": "Feature", "properties": {"code": "Lk-2/4", "reg": "xiv-kesz", "conf": 1.0}, "geometry": {"type": "Point", "coordinates": [19.119943, 47.5093606]}}, {"type": "Feature", "properties": {"code": "Ln-T/7", "reg": "xiv-kesz", "conf": 1.0}, "geometry": {"type": "Point", "coordinates": [19.126111, 47.5154751]}}, {"type": "Feature", "properties": {"code": "Lk-1/4", "reg": "xiv-kesz", "conf": 1.0}, "geometry": {"type": "Point", "coordinates": [19.1216475, 47.5163048]}}, {"type": "Feature", "properties": {"code": "Lk-2/6", "reg": "xiv-kesz", "conf": 1.0}, "geometry": {"type": "Point", "coordinates": [19.1344575, 47.5156093]}}, {"type": "Feature", "properties": {"code": "Lk-1/5", "reg": "xiv-kesz", "conf": 1.0}, "geometry": {"type": "Point", "coordinates": [19.1283079, 47.5116625]}}, {"type": "Feature", "properties": {"code": "Lk-1/7", "reg": "xiv-kesz", "conf": 1.0}, "geometry": {"type": "Point", "coordinates": [19.1290035, 47.5133078]}}, {"type": "Feature", "properties": {"code": "Lk-2/2", "reg": "xiv-kesz", "conf": 1.0}, "geometry": {"type": "Point", "coordinates": [19.139578, 47.5086537]}}, {"type": "Feature", "properties": {"code": "Lk-T/1", "reg": "xiv-kesz", "conf": 1.0}, "geometry": {"type": "Point", "coordinates": [19.1249334, 47.508826]}}, {"type": "Feature", "properties": {"code": "Vi-2/20", "reg": "xiv-kesz", "conf": 1.0}, "geometry": {"type": "Point", "coordinates": [19.124414, 47.5086683]}}, {"type": "Feature", "properties": {"code": "Lk-1/11", "reg": "xiv-kesz", "conf": 1.0}, "geometry": {"type": "Point", "coordinates": [19.1391997, 47.5157335]}}, {"type": "Feature", "properties": {"code": "Lk-2/10", "reg": "xiv-kesz", "conf": 1.0}, "geometry": {"type": "Point", "coordinates": [19.1303739, 47.5178576]}}, {"type": "Feature", "properties": {"code": "Ln-T/11", "reg": "xiv-kesz", "conf": 1.0}, "geometry": {"type": "Point", "coordinates": [19.1246094, 47.5144926]}}, {"type": "Feature", "properties": {"code": "Lk-2/14", "reg": "xiv-kesz", "conf": 1.0}, "geometry": {"type": "Point", "coordinates": [19.1415442, 47.5160654]}}, {"type": "Feature", "properties": {"code": "Lk-2/15", "reg": "xiv-kesz", "conf": 1.0}, "geometry": {"type": "Point", "coordinates": [19.1377142, 47.511315]}}, {"type": "Feature", "properties": {"code": "Lk-1/18", "reg": "xiv-kesz", "conf": 1.0}, "geometry": {"type": "Point", "coordinates": [19.1280656, 47.5144266]}}, {"type": "Feature", "properties": {"code": "Ln-T/K2", "reg": "xiv-kesz", "conf": 1.0}, "geometry": {"type": "Point", "coordinates": [19.1253985, 47.5148603]}}, {"type": "Feature", "properties": {"code": "Lk-T/1", "reg": "xiv-kesz", "conf": 1.0}, "geometry": {"type": "Point", "coordinates": [19.1238402, 47.5097514]}}, {"type": "Feature", "properties": {"code": "Kt-Zkk-1", "reg": "xiv-kesz", "conf": 1.0}, "geometry": {"type": "Point", "coordinates": [19.1253631, 47.5121737]}}, {"type": "Feature", "properties": {"code": "Lk-2/3", "reg": "xiv-kesz", "conf": 1.0}, "geometry": {"type": "Point", "coordinates": [19.1393274, 47.5104071]}}, {"type": "Feature", "properties": {"code": "Lk-2/3", "reg": "xiv-kesz", "conf": 1.0}, "geometry": {"type": "Point", "coordinates": [19.1329707, 47.5132776]}}, {"type": "Feature", "properties": {"code": "Kt-Kk", "reg": "xiv-kesz", "conf": 1.0}, "geometry": {"type": "Point", "coordinates": [19.1312406, 47.508576]}}, {"type": "Feature", "properties": {"code": "Lk-2/3", "reg": "xiv-kesz", "conf": 1.0}, "geometry": {"type": "Point", "coordinates": [19.1323888, 47.510713]}}, {"type": "Feature", "properties": {"code": "Ln-T/K1", "reg": "xiv-kesz", "conf": 1.0}, "geometry": {"type": "Point", "coordinates": [19.1281416, 47.5161566]}}, {"type": "Feature", "properties": {"code": "Kt-Zkk-1", "reg": "xiv-kesz", "conf": 1.0}, "geometry": {"type": "Point", "coordinates": [19.1348227, 47.5146945]}}, {"type": "Feature", "properties": {"code": "Ln-T/1", "reg": "xiv-kesz", "conf": 1.0}, "geometry": {"type": "Point", "coordinates": [19.1406038, 47.5142535]}}, {"type": "Feature", "properties": {"code": "Lk-2/2", "reg": "xiv-kesz", "conf": 1.0}, "geometry": {"type": "Point", "coordinates": [19.1385403, 47.5092101]}}, {"type": "Feature", "properties": {"code": "Lk-1/5", "reg": "xiv-kesz", "conf": 1.0}, "geometry": {"type": "Point", "coordinates": [19.1251962, 47.5125443]}}, {"type": "Feature", "properties": {"code": "Lk-2/3", "reg": "xiv-kesz", "conf": 1.0}, "geometry": {"type": "Point", "coordinates": [19.1338103, 47.5094076]}}, {"type": "Feature", "properties": {"code": "Lk-T/1", "reg": "xiv-kesz", "conf": 1.0}, "geometry": {"type": "Point", "coordinates": [19.126463, 47.5085784]}}, {"type": "Feature", "properties": {"code": "Ln-T/1", "reg": "xiv-kesz", "conf": 1.0}, "geometry": {"type": "Point", "coordinates": [19.1280883, 47.5166692]}}, {"type": "Feature", "properties": {"code": "Kt-Zkk-1", "reg": "xiv-kesz", "conf": 1.0}, "geometry": {"type": "Point", "coordinates": [19.1316969, 47.5165958]}}, {"type": "Feature", "properties": {"code": "Lk-2/3", "reg": "xiv-kesz", "conf": 1.0}, "geometry": {"type": "Point", "coordinates": [19.1360697, 47.5179484]}}, {"type": "Feature", "properties": {"code": "Lke-1/5", "reg": "xiv-kesz", "conf": 1.0}, "geometry": {"type": "Point", "coordinates": [19.1299306, 47.5080627]}}, {"type": "Feature", "properties": {"code": "Lk-T/1", "reg": "xiv-kesz", "conf": 1.0}, "geometry": {"type": "Point", "coordinates": [19.1228203, 47.5104343]}}, {"type": "Feature", "properties": {"code": "KÖu-4", "reg": "xiv-kesz", "conf": 1.0}, "geometry": {"type": "Point", "coordinates": [19.1244631, 47.5126803]}}, {"type": "Feature", "properties": {"code": "Kt-Kk", "reg": "xiv-kesz", "conf": 1.0}, "geometry": {"type": "Point", "coordinates": [19.1311196, 47.510884]}}, {"type": "Feature", "properties": {"code": "Lk-1/11", "reg": "xiv-kesz", "conf": 1.0}, "geometry": {"type": "Point", "coordinates": [19.1414897, 47.5169145]}}, {"type": "Feature", "properties": {"code": "Ln-T/2", "reg": "xiv-kesz", "conf": 1.0}, "geometry": {"type": "Point", "coordinates": [19.1270231, 47.5111751]}}, {"type": "Feature", "properties": {"code": "Zkp/Kk-1", "reg": "xiv-kesz", "conf": 1.0}, "geometry": {"type": "Point", "coordinates": [19.1231974, 47.5102554]}}, {"type": "Feature", "properties": {"code": "Lk-2/3", "reg": "xiv-kesz", "conf": 1.0}, "geometry": {"type": "Point", "coordinates": [19.134283, 47.514294]}}, {"type": "Feature", "properties": {"code": "Lk-2/3", "reg": "xiv-kesz", "conf": 1.0}, "geometry": {"type": "Point", "coordinates": [19.1316905, 47.517406]}}, {"type": "Feature", "properties": {"code": "Ln-T/1", "reg": "xiv-kesz", "conf": 1.0}, "geometry": {"type": "Point", "coordinates": [19.1278113, 47.5155477]}}, {"type": "Feature", "properties": {"code": "Kt-Zkk-1", "reg": "xiv-kesz", "conf": 1.0}, "geometry": {"type": "Point", "coordinates": [19.1413941, 47.5173339]}}, {"type": "Feature", "properties": {"code": "Ln-T/1", "reg": "xiv-kesz", "conf": 1.0}, "geometry": {"type": "Point", "coordinates": [19.1315117, 47.5083648]}}, {"type": "Feature", "properties": {"code": "Kt-Zkk-3", "reg": "xiv-kesz", "conf": 1.0}, "geometry": {"type": "Point", "coordinates": [19.1283377, 47.5179154]}}, {"type": "Feature", "properties": {"code": "Ln-T/1", "reg": "xiv-kesz", "conf": 1.0}, "geometry": {"type": "Point", "coordinates": [19.1229099, 47.5150282]}}, {"type": "Feature", "properties": {"code": "Kt-Zkp-1", "reg": "xiv-kesz", "conf": 1.0}, "geometry": {"type": "Point", "coordinates": [19.1269543, 47.5089115]}}, {"type": "Feature", "properties": {"code": "Lk-2/3", "reg": "xiv-kesz", "conf": 1.0}, "geometry": {"type": "Point", "coordinates": [19.1376314, 47.508527]}}, {"type": "Feature", "properties": {"code": "Zkp/Kk-1", "reg": "xiv-kesz", "conf": 1.0}, "geometry": {"type": "Point", "coordinates": [19.1239618, 47.5106353]}}, {"type": "Feature", "properties": {"code": "Kt-Zkk-2", "reg": "xiv-kesz", "conf": 1.0}, "geometry": {"type": "Point", "coordinates": [19.1238372, 47.516608]}}, {"type": "Feature", "properties": {"code": "Lk-2/5", "reg": "xiv-kesz", "conf": 1.0}, "geometry": {"type": "Point", "coordinates": [19.1298111, 47.5085537]}}, {"type": "Feature", "properties": {"code": "Kt-Kk", "reg": "xiv-kesz", "conf": 1.0}, "geometry": {"type": "Point", "coordinates": [19.1284704, 47.5086334]}}, {"type": "Feature", "properties": {"code": "KÖu-4", "reg": "xiv-kesz", "conf": 1.0}, "geometry": {"type": "Point", "coordinates": [19.1307208, 47.5171536]}}, {"type": "Feature", "properties": {"code": "Lk-2/3", "reg": "xiv-kesz", "conf": 1.0}, "geometry": {"type": "Point", "coordinates": [19.1360597, 47.5154667]}}, {"type": "Feature", "properties": {"code": "Lk-2/3", "reg": "xiv-kesz", "conf": 1.0}, "geometry": {"type": "Point", "coordinates": [19.1352974, 47.5111478]}}, {"type": "Feature", "properties": {"code": "Lk-T/1", "reg": "xiv-kesz", "conf": 1.0}, "geometry": {"type": "Point", "coordinates": [19.127769, 47.5088752]}}, {"type": "Feature", "properties": {"code": "Lk-1/4", "reg": "xiv-kesz", "conf": 1.0}, "geometry": {"type": "Point", "coordinates": [19.1231407, 47.5178697]}}, {"type": "Feature", "properties": {"code": "Ln-T/1", "reg": "xiv-kesz", "conf": 1.0}, "geometry": {"type": "Point", "coordinates": [19.1405366, 47.5117773]}}, {"type": "Feature", "properties": {"code": "Lk-T/1", "reg": "xiv-kesz", "conf": 1.0}, "geometry": {"type": "Point", "coordinates": [19.1243231, 47.5106001]}}, {"type": "Feature", "properties": {"code": "Lk-1/7", "reg": "xiv-kesz", "conf": 1.0}, "geometry": {"type": "Point", "coordinates": [19.1283301, 47.5130272]}}, {"type": "Feature", "properties": {"code": "Lk-2/3", "reg": "xiv-kesz", "conf": 1.0}, "geometry": {"type": "Point", "coordinates": [19.1357939, 47.5079565]}}, {"type": "Feature", "properties": {"code": "Lk-2/15", "reg": "xiv-kesz", "conf": 1.0}, "geometry": {"type": "Point", "coordinates": [19.1321743, 47.5094938]}}, {"type": "Feature", "properties": {"code": "Kt-Zkk-1", "reg": "xiv-kesz", "conf": 1.0}, "geometry": {"type": "Point", "coordinates": [19.1407364, 47.5147389]}}, {"type": "Feature", "properties": {"code": "Kt-Kk", "reg": "xiv-kesz", "conf": 1.0}, "geometry": {"type": "Point", "coordinates": [19.1362673, 47.5137789]}}, {"type": "Feature", "properties": {"code": "Kt-Fk-2", "reg": "xiv-kesz", "conf": 1.0}, "geometry": {"type": "Point", "coordinates": [19.1320733, 47.5082181]}}, {"type": "Feature", "properties": {"code": "Ln-T/1", "reg": "xiv-kesz", "conf": 1.0}, "geometry": {"type": "Point", "coordinates": [19.1266521, 47.5147232]}}, {"type": "Feature", "properties": {"code": "Ln-T/K2", "reg": "xiv-kesz", "conf": 1.0}, "geometry": {"type": "Point", "coordinates": [19.1272183, 47.5176152]}}, {"type": "Feature", "properties": {"code": "KÖu-3", "reg": "xiv-kesz", "conf": 1.0}, "geometry": {"type": "Point", "coordinates": [19.1339209, 47.5121307]}}, {"type": "Feature", "properties": {"code": "Vi-2/7", "reg": "xiv-kesz", "conf": 1.0}, "geometry": {"type": "Point", "coordinates": [19.123022, 47.5093761]}}, {"type": "Feature", "properties": {"code": "Kt-Fk-1", "reg": "xiv-kesz", "conf": 1.0}, "geometry": {"type": "Point", "coordinates": [19.1258239, 47.5177408]}}, {"type": "Feature", "properties": {"code": "Ln-T/1", "reg": "xiv-kesz", "conf": 1.0}, "geometry": {"type": "Point", "coordinates": [19.1256156, 47.5119134]}}, {"type": "Feature", "properties": {"code": "Lk-1/11", "reg": "xiv-kesz", "conf": 1.0}, "geometry": {"type": "Point", "coordinates": [19.1404735, 47.5173657]}}, {"type": "Feature", "properties": {"code": "Lk-2/3", "reg": "xiv-kesz", "conf": 1.0}, "geometry": {"type": "Point", "coordinates": [19.1356633, 47.5091899]}}, {"type": "Feature", "properties": {"code": "Lk-T/1", "reg": "xiv-kesz", "conf": 1.0}, "geometry": {"type": "Point", "coordinates": [19.1224848, 47.5106771]}}, {"type": "Feature", "properties": {"code": "Lk-T/1", "reg": "xiv-kesz", "conf": 1.0}, "geometry": {"type": "Point", "coordinates": [19.1260696, 47.509473]}}, {"type": "Feature", "properties": {"code": "Lk-1/7", "reg": "xiv-kesz", "conf": 1.0}, "geometry": {"type": "Point", "coordinates": [19.1308373, 47.515546]}}, {"type": "Feature", "properties": {"code": "Lk-1/19", "reg": "xiv-kesz", "conf": 1.0}, "geometry": {"type": "Point", "coordinates": [19.1273939, 47.5125449]}}, {"type": "Feature", "properties": {"code": "Ln-T/1", "reg": "xiv-kesz", "conf": 1.0}, "geometry": {"type": "Point", "coordinates": [19.1285541, 47.5101191]}}, {"type": "Feature", "properties": {"code": "Lk-2/3", "reg": "xiv-kesz", "conf": 1.0}, "geometry": {"type": "Point", "coordinates": [19.1368789, 47.5172399]}}, {"type": "Feature", "properties": {"code": "Ln-T/1", "reg": "xiv-kesz", "conf": 1.0}, "geometry": {"type": "Point", "coordinates": [19.1239122, 47.5164097]}}, {"type": "Feature", "properties": {"code": "Lk-2/8", "reg": "xiv-kesz", "conf": 1.0}, "geometry": {"type": "Point", "coordinates": [19.1408826, 47.5156007]}}, {"type": "Feature", "properties": {"code": "Kt-Kk", "reg": "xiv-kesz", "conf": 1.0}, "geometry": {"type": "Point", "coordinates": [19.1370396, 47.5095698]}}, {"type": "Feature", "properties": {"code": "Lk-1/7", "reg": "xiv-kesz", "conf": 1.0}, "geometry": {"type": "Point", "coordinates": [19.1321935, 47.5141721]}}, {"type": "Feature", "properties": {"code": "Lk-2/3", "reg": "xiv-kesz", "conf": 1.0}, "geometry": {"type": "Point", "coordinates": [19.1366336, 47.5119476]}}, {"type": "Feature", "properties": {"code": "Ln-T/4", "reg": "xiv-kesz", "conf": 1.0}, "geometry": {"type": "Point", "coordinates": [19.1223281, 47.5157002]}}, {"type": "Feature", "properties": {"code": "Ln-T/1", "reg": "xiv-kesz", "conf": 1.0}, "geometry": {"type": "Point", "coordinates": [19.1235081, 47.5131908]}}, {"type": "Feature", "properties": {"code": "Ln-T/1", "reg": "xiv-kesz", "conf": 1.0}, "geometry": {"type": "Point", "coordinates": [19.1223292, 47.5121526]}}, {"type": "Feature", "properties": {"code": "Lk-1/6", "reg": "xiv-kesz", "conf": 1.0}, "geometry": {"type": "Point", "coordinates": [19.1259775, 47.5125988]}}, {"type": "Feature", "properties": {"code": "Lk-1/5", "reg": "xiv-kesz", "conf": 1.0}, "geometry": {"type": "Point", "coordinates": [19.1341761, 47.5166508]}}, {"type": "Feature", "properties": {"code": "Ln-T/K1", "reg": "xiv-kesz", "conf": 1.0}, "geometry": {"type": "Point", "coordinates": [19.1269851, 47.5161873]}}, {"type": "Feature", "properties": {"code": "Kt-Zkk-3", "reg": "xiv-kesz", "conf": 1.0}, "geometry": {"type": "Point", "coordinates": [19.1300557, 47.5173436]}}, {"type": "Feature", "properties": {"code": "Kt-Kk", "reg": "xiv-kesz", "conf": 1.0}, "geometry": {"type": "Point", "coordinates": [19.1280702, 47.5158865]}}, {"type": "Feature", "properties": {"code": "Kt-Zkp-1", "reg": "xiv-kesz", "conf": 1.0}, "geometry": {"type": "Point", "coordinates": [19.1226425, 47.5130526]}}, {"type": "Feature", "properties": {"code": "Kt-Fk-1", "reg": "xiv-kesz", "conf": 1.0}, "geometry": {"type": "Point", "coordinates": [19.1415039, 47.5111082]}}, {"type": "Feature", "properties": {"code": "Ln-T/1", "reg": "xiv-kesz", "conf": 1.0}, "geometry": {"type": "Point", "coordinates": [19.1275262, 47.5107826]}}, {"type": "Feature", "properties": {"code": "Ln-T/1", "reg": "xiv-kesz", "conf": 1.0}, "geometry": {"type": "Point", "coordinates": [19.1228393, 47.5143366]}}, {"type": "Feature", "properties": {"code": "Lk-2/3", "reg": "xiv-kesz", "conf": 1.0}, "geometry": {"type": "Point", "coordinates": [19.1353156, 47.5162224]}}, {"type": "Feature", "properties": {"code": "Ln-T/1", "reg": "xiv-kesz", "conf": 1.0}, "geometry": {"type": "Point", "coordinates": [19.1415074, 47.514362]}}, {"type": "Feature", "properties": {"code": "Kt-Zkk-1", "reg": "xiv-kesz", "conf": 1.0}, "geometry": {"type": "Point", "coordinates": [19.1336228, 47.5141094]}}, {"type": "Feature", "properties": {"code": "Lk-T/1", "reg": "xiv-kesz", "conf": 1.0}, "geometry": {"type": "Point", "coordinates": [19.1241724, 47.5120226]}}, {"type": "Feature", "properties": {"code": "Ln-T/1", "reg": "xiv-kesz", "conf": 1.0}, "geometry": {"type": "Point", "coordinates": [19.1278766, 47.5170537]}}, {"type": "Feature", "properties": {"code": "Kt-Zkk-1", "reg": "xiv-kesz", "conf": 1.0}, "geometry": {"type": "Point", "coordinates": [19.13366, 47.5153967]}}, {"type": "Feature", "properties": {"code": "Kt-Kk", "reg": "xiv-kesz", "conf": 1.0}, "geometry": {"type": "Point", "coordinates": [19.1312865, 47.5170857]}}, {"type": "Feature", "properties": {"code": "Kt-Zkp-1", "reg": "xiv-kesz", "conf": 1.0}, "geometry": {"type": "Point", "coordinates": [19.1223911, 47.512598]}}, {"type": "Feature", "properties": {"code": "Ln-T/1", "reg": "xiv-kesz", "conf": 1.0}, "geometry": {"type": "Point", "coordinates": [19.1287999, 47.5162886]}}, {"type": "Feature", "properties": {"code": "Lk-2/3", "reg": "xiv-kesz", "conf": 1.0}, "geometry": {"type": "Point", "coordinates": [19.1293654, 47.5101061]}}, {"type": "Feature", "properties": {"code": "Ln-T/1", "reg": "xiv-kesz", "conf": 1.0}, "geometry": {"type": "Point", "coordinates": [19.1284104, 47.5176848]}}, {"type": "Feature", "properties": {"code": "Lk-T/1", "reg": "xiv-kesz", "conf": 1.0}, "geometry": {"type": "Point", "coordinates": [19.127055, 47.5085043]}}, {"type": "Feature", "properties": {"code": "Lk-1/6", "reg": "xiv-kesz", "conf": 1.0}, "geometry": {"type": "Point", "coordinates": [19.1271806, 47.5138532]}}, {"type": "Feature", "properties": {"code": "Lk-1/6", "reg": "xiv-kesz", "conf": 1.0}, "geometry": {"type": "Point", "coordinates": [19.1286745, 47.5148936]}}, {"type": "Feature", "properties": {"code": "Lk-2/3", "reg": "xiv-kesz", "conf": 1.0}, "geometry": {"type": "Point", "coordinates": [19.1392514, 47.517558]}}, {"type": "Feature", "properties": {"code": "Ln-T/4", "reg": "xiv-kesz", "conf": 1.0}, "geometry": {"type": "Point", "coordinates": [19.1251374, 47.5123958]}}, {"type": "Feature", "properties": {"code": "Lk-T/1", "reg": "xiv-kesz", "conf": 1.0}, "geometry": {"type": "Point", "coordinates": [19.1256838, 47.5091988]}}, {"type": "Feature", "properties": {"code": "Lk-2/3", "reg": "xiv-kesz", "conf": 1.0}, "geometry": {"type": "Point", "coordinates": [19.1322807, 47.5083931]}}, {"type": "Feature", "properties": {"code": "Ln-T/2", "reg": "xiv-kesz", "conf": 1.0}, "geometry": {"type": "Point", "coordinates": [19.1240797, 47.5138882]}}, {"type": "Feature", "properties": {"code": "Ln-T/1", "reg": "xiv-kesz", "conf": 1.0}, "geometry": {"type": "Point", "coordinates": [19.1297277, 47.5169504]}}, {"type": "Feature", "properties": {"code": "Ln-T/1", "reg": "xiv-kesz", "conf": 1.0}, "geometry": {"type": "Point", "coordinates": [19.1275107, 47.5080083]}}, {"type": "Feature", "properties": {"code": "Lk-T/1", "reg": "xiv-kesz", "conf": 1.0}, "geometry": {"type": "Point", "coordinates": [19.1235807, 47.5109739]}}, {"type": "Feature", "properties": {"code": "Lk-T/1", "reg": "xiv-kesz", "conf": 1.0}, "geometry": {"type": "Point", "coordinates": [19.1221069, 47.510949]}}, {"type": "Feature", "properties": {"code": "Kt-Kk", "reg": "xiv-kesz", "conf": 1.0}, "geometry": {"type": "Point", "coordinates": [19.1323143, 47.5115942]}}, {"type": "Feature", "properties": {"code": "Lk-T/1", "reg": "xiv-kesz", "conf": 1.0}, "geometry": {"type": "Point", "coordinates": [19.1242003, 47.5094887]}}, {"type": "Feature", "properties": {"code": "Kt-Kk", "reg": "xiv-kesz", "conf": 1.0}, "geometry": {"type": "Point", "coordinates": [19.1328208, 47.5078465]}}, {"type": "Feature", "properties": {"code": "Lk-T/1", "reg": "xiv-kesz", "conf": 1.0}, "geometry": {"type": "Point", "coordinates": [19.1230068, 47.5109302]}}, {"type": "Feature", "properties": {"code": "Lk-2/3", "reg": "xiv-kesz", "conf": 1.0}, "geometry": {"type": "Point", "coordinates": [19.135083, 47.5135383]}}, {"type": "Feature", "properties": {"code": "Kt-Zkk-1", "reg": "xiv-kesz", "conf": 1.0}, "geometry": {"type": "Point", "coordinates": [19.1262124, 47.5177939]}}, {"type": "Feature", "properties": {"code": "Lke-1/5", "reg": "xiv-kesz", "conf": 1.0}, "geometry": {"type": "Point", "coordinates": [19.1291991, 47.5085408]}}, {"type": "Feature", "properties": {"code": "Lk-T/1", "reg": "xiv-kesz", "conf": 1.0}, "geometry": {"type": "Point", "coordinates": [19.1266603, 47.5105617]}}, {"type": "Feature", "properties": {"code": "Lk-T/1", "reg": "xiv-kesz", "conf": 1.0}, "geometry": {"type": "Point", "coordinates": [19.1244002, 47.5099869]}}, {"type": "Feature", "properties": {"code": "Ln-T/1", "reg": "xiv-kesz", "conf": 1.0}, "geometry": {"type": "Point", "coordinates": [19.1412144, 47.5113541]}}, {"type": "Feature", "properties": {"code": "Lk-T/1", "reg": "xiv-kesz", "conf": 1.0}, "geometry": {"type": "Point", "coordinates": [19.1262753, 47.5100226]}}, {"type": "Feature", "properties": {"code": "Kt-Kk", "reg": "xiv-kesz", "conf": 1.0}, "geometry": {"type": "Point", "coordinates": [19.1368803, 47.5134046]}}, {"type": "Feature", "properties": {"code": "Kt-Zkk-1", "reg": "xiv-kesz", "conf": 1.0}, "geometry": {"type": "Point", "coordinates": [19.1400264, 47.5179197]}}, {"type": "Feature", "properties": {"code": "Ln-T/2", "reg": "xiv-kesz", "conf": 1.0}, "geometry": {"type": "Point", "coordinates": [19.1218201, 47.5141807]}}, {"type": "Feature", "properties": {"code": "Lk-1/7", "reg": "xiv-kesz", "conf": 1.0}, "geometry": {"type": "Point", "coordinates": [19.1304351, 47.516484]}}, {"type": "Feature", "properties": {"code": "Ln-T/1", "reg": "xiv-kesz", "conf": 1.0}, "geometry": {"type": "Point", "coordinates": [19.1399119, 47.5127248]}}, {"type": "Feature", "properties": {"code": "Lk-1/7", "reg": "xiv-kesz", "conf": 1.0}, "geometry": {"type": "Point", "coordinates": [19.126594, 47.5115602]}}, {"type": "Feature", "properties": {"code": "Ln-T/1", "reg": "xiv-kesz", "conf": 1.0}, "geometry": {"type": "Point", "coordinates": [19.1402808, 47.5131267]}}, {"type": "Feature", "properties": {"code": "Ln-T/1", "reg": "xiv-kesz", "conf": 1.0}, "geometry": {"type": "Point", "coordinates": [19.1245343, 47.5162587]}}, {"type": "Feature", "properties": {"code": "Lk-2/3", "reg": "xiv-kesz", "conf": 1.0}, "geometry": {"type": "Point", "coordinates": [19.1385053, 47.5141141]}}, {"type": "Feature", "properties": {"code": "Kt-Zkk-1", "reg": "xiv-kesz", "conf": 1.0}, "geometry": {"type": "Point", "coordinates": [19.1343747, 47.5117505]}}, {"type": "Feature", "properties": {"code": "Lk-1/5", "reg": "xiv-kesz", "conf": 1.0}, "geometry": {"type": "Point", "coordinates": [19.1348352, 47.5173968]}}, {"type": "Feature", "properties": {"code": "Lk-1/6", "reg": "xiv-kesz", "conf": 1.0}, "geometry": {"type": "Point", "coordinates": [19.1295453, 47.5159518]}}, {"type": "Feature", "properties": {"code": "Lk-T/1", "reg": "xiv-kesz", "conf": 1.0}, "geometry": {"type": "Point", "coordinates": [19.1234532, 47.5099776]}}, {"type": "Feature", "properties": {"code": "Lk-T/1", "reg": "xiv-kesz", "conf": 1.0}, "geometry": {"type": "Point", "coordinates": [19.1231983, 47.5116014]}}, {"type": "Feature", "properties": {"code": "Kt-Zkk-2", "reg": "xiv-kesz", "conf": 1.0}, "geometry": {"type": "Point", "coordinates": [19.1233656, 47.5148983]}}, {"type": "Feature", "properties": {"code": "Lk-1/7", "reg": "xiv-kesz", "conf": 1.0}, "geometry": {"type": "Point", "coordinates": [19.1278419, 47.5124589]}}, {"type": "Feature", "properties": {"code": "Kt-Kk", "reg": "xiv-kesz", "conf": 1.0}, "geometry": {"type": "Point", "coordinates": [19.1301841, 47.5102879]}}, {"type": "Feature", "properties": {"code": "Ln-T/K1", "reg": "xiv-kesz", "conf": 1.0}, "geometry": {"type": "Point", "coordinates": [19.1245861, 47.5173843]}}, {"type": "Feature", "properties": {"code": "Lk-2/3", "reg": "xiv-kesz", "conf": 1.0}, "geometry": {"type": "Point", "coordinates": [19.1374356, 47.5153671]}}, {"type": "Feature", "properties": {"code": "Ln-T/1", "reg": "xiv-kesz", "conf": 1.0}, "geometry": {"type": "Point", "coordinates": [19.12272, 47.512405]}}, {"type": "Feature", "properties": {"code": "Lk-2/3", "reg": "xiv-kesz", "conf": 1.0}, "geometry": {"type": "Point", "coordinates": [19.133541, 47.5149811]}}, {"type": "Feature", "properties": {"code": "Ln-T/1", "reg": "xiv-kesz", "conf": 1.0}, "geometry": {"type": "Point", "coordinates": [19.1228487, 47.5155496]}}, {"type": "Feature", "properties": {"code": "Ln-T/1", "reg": "xiv-kesz", "conf": 1.0}, "geometry": {"type": "Point", "coordinates": [19.1222818, 47.5145432]}}, {"type": "Feature", "properties": {"code": "Kt-Fk-2", "reg": "xiv-kesz", "conf": 1.0}, "geometry": {"type": "Point", "coordinates": [19.1290972, 47.5099998]}}, {"type": "Feature", "properties": {"code": "Kt-Zkp-1", "reg": "xiv-kesz", "conf": 1.0}, "geometry": {"type": "Point", "coordinates": [19.1234495, 47.5113083]}}, {"type": "Feature", "properties": {"code": "Kt-Zkk-1", "reg": "xiv-kesz", "conf": 1.0}, "geometry": {"type": "Point", "coordinates": [19.134905, 47.5095115]}}, {"type": "Feature", "properties": {"code": "Kt-Zkk-1", "reg": "xiv-kesz", "conf": 1.0}, "geometry": {"type": "Point", "coordinates": [19.1352368, 47.5100732]}}, {"type": "Feature", "properties": {"code": "Lk-1/5", "reg": "xiv-kesz", "conf": 1.0}, "geometry": {"type": "Point", "coordinates": [19.1269044, 47.5129736]}}, {"type": "Feature", "properties": {"code": "Lk-2/3", "reg": "xiv-kesz", "conf": 1.0}, "geometry": {"type": "Point", "coordinates": [19.1362202, 47.510212]}}, {"type": "Feature", "properties": {"code": "Ln-T/1", "reg": "xiv-kesz", "conf": 1.0}, "geometry": {"type": "Point", "coordinates": [19.1222583, 47.5131252]}}, {"type": "Feature", "properties": {"code": "Kt-Zkk-3", "reg": "xiv-kesz", "conf": 1.0}, "geometry": {"type": "Point", "coordinates": [19.1289347, 47.5176329]}}, {"type": "Feature", "properties": {"code": "Lk-T/1", "reg": "xiv-kesz", "conf": 1.0}, "geometry": {"type": "Point", "coordinates": [19.1257494, 47.5088614]}}, {"type": "Feature", "properties": {"code": "Lk-T/1", "reg": "xiv-kesz", "conf": 1.0}, "geometry": {"type": "Point", "coordinates": [19.125658, 47.5100963]}}, {"type": "Feature", "properties": {"code": "Kt-Zkp-1", "reg": "xiv-kesz", "conf": 1.0}, "geometry": {"type": "Point", "coordinates": [19.1257711, 47.5097089]}}, {"type": "Feature", "properties": {"code": "Lk-1/4", "reg": "xiv-kesz", "conf": 1.0}, "geometry": {"type": "Point", "coordinates": [19.1232492, 47.5174473]}}, {"type": "Feature", "properties": {"code": "Lk-2/3", "reg": "xiv-kesz", "conf": 1.0}, "geometry": {"type": "Point", "coordinates": [19.1323201, 47.5123762]}}, {"type": "Feature", "properties": {"code": "Kt-Kk", "reg": "xiv-kesz", "conf": 1.0}, "geometry": {"type": "Point", "coordinates": [19.1341035, 47.5117493]}}, {"type": "Feature", "properties": {"code": "Lk-2/3", "reg": "xiv-kesz", "conf": 1.0}, "geometry": {"type": "Point", "coordinates": [19.1356622, 47.5123987]}}, {"type": "Feature", "properties": {"code": "Lk-1/11", "reg": "xiv-kesz", "conf": 1.0}, "geometry": {"type": "Point", "coordinates": [19.1405207, 47.5166934]}}, {"type": "Feature", "properties": {"code": "Lk-1/19", "reg": "xiv-kesz", "conf": 1.0}, "geometry": {"type": "Point", "coordinates": [19.1312156, 47.5161049]}}, {"type": "Feature", "properties": {"code": "Ln-T/1", "reg": "xiv-kesz", "conf": 1.0}, "geometry": {"type": "Point", "coordinates": [19.1405426, 47.5122849]}}, {"type": "Feature", "properties": {"code": "KÖu-3", "reg": "xiv-kesz", "conf": 1.0}, "geometry": {"type": "Point", "coordinates": [19.124251, 47.5124123]}}, {"type": "Feature", "properties": {"code": "Lk-T/1", "reg": "xiv-kesz", "conf": 1.0}, "geometry": {"type": "Point", "coordinates": [19.1255058, 47.5112371]}}, {"type": "Feature", "properties": {"code": "Lk-T/1", "reg": "xiv-kesz", "conf": 1.0}, "geometry": {"type": "Point", "coordinates": [19.1266985, 47.5091794]}}, {"type": "Feature", "properties": {"code": "Lk-2/2", "reg": "xiv-kesz", "conf": 1.0}, "geometry": {"type": "Point", "coordinates": [19.1403736, 47.5080851]}}, {"type": "Feature", "properties": {"code": "Lk-2/3", "reg": "xiv-kesz", "conf": 1.0}, "geometry": {"type": "Point", "coordinates": [19.13096, 47.5118172]}}, {"type": "Feature", "properties": {"code": "Kt-Kk", "reg": "xiv-kesz", "conf": 1.0}, "geometry": {"type": "Point", "coordinates": [19.134295, 47.5127689]}}, {"type": "Feature", "properties": {"code": "Ln-T/K2", "reg": "xiv-kesz", "conf": 1.0}, "geometry": {"type": "Point", "coordinates": [19.1224812, 47.5139785]}}, {"type": "Feature", "properties": {"code": "Lk-T/1", "reg": "xiv-kesz", "conf": 1.0}, "geometry": {"type": "Point", "coordinates": [19.1280496, 47.5097151]}}, {"type": "Feature", "properties": {"code": "Ln-T/2", "reg": "xiv-kesz", "conf": 1.0}, "geometry": {"type": "Point", "coordinates": [19.123958, 47.5129646]}}, {"type": "Feature", "properties": {"code": "Kt-Zkp-1", "reg": "xiv-kesz", "conf": 1.0}, "geometry": {"type": "Point", "coordinates": [19.1273388, 47.51001]}}, {"type": "Feature", "properties": {"code": "Lk-T/1", "reg": "xiv-kesz", "conf": 1.0}, "geometry": {"type": "Point", "coordinates": [19.1262077, 47.5088364]}}, {"type": "Feature", "properties": {"code": "Lk-T/1", "reg": "xiv-kesz", "conf": 1.0}, "geometry": {"type": "Point", "coordinates": [19.1250693, 47.5096391]}}, {"type": "Feature", "properties": {"code": "Kt-Zkp-1", "reg": "xiv-kesz", "conf": 1.0}, "geometry": {"type": "Point", "coordinates": [19.1254068, 47.5086333]}}, {"type": "Feature", "properties": {"code": "Lk-2/3", "reg": "xiv-kesz", "conf": 1.0}, "geometry": {"type": "Point", "coordinates": [19.1383135, 47.5151098]}}, {"type": "Feature", "properties": {"code": "Kt-Kk", "reg": "xiv-kesz", "conf": 1.0}, "geometry": {"type": "Point", "coordinates": [19.1258737, 47.5079413]}}, {"type": "Feature", "properties": {"code": "Ln-T/2", "reg": "xiv-kesz", "conf": 1.0}, "geometry": {"type": "Point", "coordinates": [19.1260882, 47.5118075]}}, {"type": "Feature", "properties": {"code": "Lk-2/3", "reg": "xiv-kesz", "conf": 1.0}, "geometry": {"type": "Point", "coordinates": [19.1336761, 47.5109108]}}, {"type": "Feature", "properties": {"code": "Lk-2/3", "reg": "xiv-kesz", "conf": 1.0}, "geometry": {"type": "Point", "coordinates": [19.1363366, 47.514445]}}, {"type": "Feature", "properties": {"code": "Zkp/Kk-1", "reg": "xiv-kesz", "conf": 1.0}, "geometry": {"type": "Point", "coordinates": [19.1333269, 47.5147977]}}, {"type": "Feature", "properties": {"code": "Ln-T/1", "reg": "xiv-kesz", "conf": 1.0}, "geometry": {"type": "Point", "coordinates": [19.1305838, 47.5089115]}}, {"type": "Feature", "properties": {"code": "Lk-2/3", "reg": "xiv-kesz", "conf": 1.0}, "geometry": {"type": "Point", "coordinates": [19.1415784, 47.509849]}}, {"type": "Feature", "properties": {"code": "Lk-T/1", "reg": "xiv-kesz", "conf": 1.0}, "geometry": {"type": "Point", "coordinates": [19.1251913, 47.5102959]}}, {"type": "Feature", "properties": {"code": "Lk-T/1", "reg": "xiv-kesz", "conf": 1.0}, "geometry": {"type": "Point", "coordinates": [19.1264628, 47.509759]}}, {"type": "Feature", "properties": {"code": "Lk-2/3", "reg": "xiv-kesz", "conf": 1.0}, "geometry": {"type": "Point", "coordinates": [19.1408812, 47.5105344]}}, {"type": "Feature", "properties": {"code": "Lk-1/5", "reg": "xiv-kesz", "conf": 1.0}, "geometry": {"type": "Point", "coordinates": [19.1261711, 47.5125025]}}, {"type": "Feature", "properties": {"code": "Kt-Kk", "reg": "xiv-kesz", "conf": 1.0}, "geometry": {"type": "Point", "coordinates": [19.1305192, 47.5175487]}}, {"type": "Feature", "properties": {"code": "Kt-Zkk-2", "reg": "xiv-kesz", "conf": 1.0}, "geometry": {"type": "Point", "coordinates": [19.1243007, 47.5171698]}}, {"type": "Feature", "properties": {"code": "Lk-1/4", "reg": "xiv-kesz", "conf": 1.0}, "geometry": {"type": "Point", "coordinates": [19.1222723, 47.5168572]}}, {"type": "Feature", "properties": {"code": "Lk-2/3", "reg": "xiv-kesz", "conf": 1.0}, "geometry": {"type": "Point", "coordinates": [19.139084, 47.5135172]}}, {"type": "Feature", "properties": {"code": "Lk-2/3", "reg": "xiv-kesz", "conf": 1.0}, "geometry": {"type": "Point", "coordinates": [19.1337634, 47.5080342]}}, {"type": "Feature", "properties": {"code": "Kt-Kk", "reg": "xiv-kesz", "conf": 1.0}, "geometry": {"type": "Point", "coordinates": [19.1315176, 47.5102303]}}, {"type": "Feature", "properties": {"code": "Lk-2/3", "reg": "xiv-kesz", "conf": 1.0}, "geometry": {"type": "Point", "coordinates": [19.1400007, 47.5099412]}}, {"type": "Feature", "properties": {"code": "Kt-Zkk-1", "reg": "xiv-kesz", "conf": 1.0}, "geometry": {"type": "Point", "coordinates": [19.1270048, 47.5153183]}}, {"type": "Feature", "properties": {"code": "Kt-Zkk-1", "reg": "xiv-kesz", "conf": 1.0}, "geometry": {"type": "Point", "coordinates": [19.140068, 47.5124548]}}, {"type": "Feature", "properties": {"code": "KÖu-4", "reg": "xiv-kesz", "conf": 1.0}, "geometry": {"type": "Point", "coordinates": [19.1234249, 47.5120126]}}, {"type": "Feature", "properties": {"code": "Vi-2/20", "reg": "xiv-kesz", "conf": 1.0}, "geometry": {"type": "Point", "coordinates": [19.12501, 47.5078945]}}, {"type": "Feature", "properties": {"code": "Ln-T/1", "reg": "xiv-kesz", "conf": 1.0}, "geometry": {"type": "Point", "coordinates": [19.1235747, 47.5167029]}}, {"type": "Feature", "properties": {"code": "Zkp/Kk-2", "reg": "xiv-kesz", "conf": 1.0}, "geometry": {"type": "Point", "coordinates": [19.1327317, 47.5156572]}}, {"type": "Feature", "properties": {"code": "Lk-2/4", "reg": "xiv-kesz", "conf": 1.0}, "geometry": {"type": "Point", "coordinates": [19.1222544, 47.508336]}}, {"type": "Feature", "properties": {"code": "Ln-T/K1", "reg": "xiv-kesz", "conf": 1.0}, "geometry": {"type": "Point", "coordinates": [19.1229246, 47.5161566]}}, {"type": "Feature", "properties": {"code": "Lk-2/3", "reg": "xiv-kesz", "conf": 1.0}, "geometry": {"type": "Point", "coordinates": [19.1295476, 47.5109961]}}, {"type": "Feature", "properties": {"code": "Ln-T/1", "reg": "xiv-kesz", "conf": 1.0}, "geometry": {"type": "Point", "coordinates": [19.1218148, 47.5153332]}}, {"type": "Feature", "properties": {"code": "Kt-Fk-2", "reg": "xiv-kesz", "conf": 1.0}, "geometry": {"type": "Point", "coordinates": [19.1223043, 47.514188]}}, {"type": "Feature", "properties": {"code": "Lk-T/1", "reg": "xiv-kesz", "conf": 1.0}, "geometry": {"type": "Point", "coordinates": [19.1270546, 47.509773]}}, {"type": "Feature", "properties": {"code": "Ln-T/K2", "reg": "xiv-kesz", "conf": 1.0}, "geometry": {"type": "Point", "coordinates": [19.1274028, 47.5171257]}}, {"type": "Feature", "properties": {"code": "Lk-2/3", "reg": "xiv-kesz", "conf": 1.0}, "geometry": {"type": "Point", "coordinates": [19.1411878, 47.5082551]}}, {"type": "Feature", "properties": {"code": "Kt-Zkk-3", "reg": "xiv-kesz", "conf": 1.0}, "geometry": {"type": "Point", "coordinates": [19.1238497, 47.5099267]}}, {"type": "Feature", "properties": {"code": "Kt-Kk", "reg": "xiv-kesz", "conf": 1.0}, "geometry": {"type": "Point", "coordinates": [19.126359, 47.5138197]}}, {"type": "Feature", "properties": {"code": "Lk-1/7", "reg": "xiv-kesz", "conf": 1.0}, "geometry": {"type": "Point", "coordinates": [19.13025, 47.5140972]}}, {"type": "Feature", "properties": {"code": "Ln-T/1", "reg": "xiv-kesz", "conf": 1.0}, "geometry": {"type": "Point", "coordinates": [19.12427, 47.5154123]}}, {"type": "Feature", "properties": {"code": "Kt-Fk-1", "reg": "xiv-kesz", "conf": 1.0}, "geometry": {"type": "Point", "coordinates": [19.1252379, 47.5168773]}}, {"type": "Feature", "properties": {"code": "Kt-Zkk-1", "reg": "xiv-kesz", "conf": 1.0}, "geometry": {"type": "Point", "coordinates": [19.1259274, 47.5121812]}}, {"type": "Feature", "properties": {"code": "Ln-T/1", "reg": "xiv-kesz", "conf": 1.0}, "geometry": {"type": "Point", "coordinates": [19.1248719, 47.5170486]}}, {"type": "Feature", "properties": {"code": "Ln-T/K2", "reg": "xiv-kesz", "conf": 1.0}, "geometry": {"type": "Point", "coordinates": [19.1248436, 47.5158825]}}, {"type": "Feature", "properties": {"code": "Ln-T/K1", "reg": "xiv-kesz", "conf": 1.0}, "geometry": {"type": "Point", "coordinates": [19.125992, 47.5168488]}}, {"type": "Feature", "properties": {"code": "Kt-Fk-2", "reg": "xiv-kesz", "conf": 1.0}, "geometry": {"type": "Point", "coordinates": [19.1303538, 47.5093486]}}, {"type": "Feature", "properties": {"code": "Kt-Zkk-1", "reg": "xiv-kesz", "conf": 1.0}, "geometry": {"type": "Point", "coordinates": [19.1328512, 47.5158898]}}, {"type": "Feature", "properties": {"code": "Lk-1/6", "reg": "xiv-kesz", "conf": 1.0}, "geometry": {"type": "Point", "coordinates": [19.1262242, 47.5133652]}}, {"type": "Feature", "properties": {"code": "Kt-Kk", "reg": "xiv-kesz", "conf": 1.0}, "geometry": {"type": "Point", "coordinates": [19.1373597, 47.5143894]}}, {"type": "Feature", "properties": {"code": "Kt-Kk", "reg": "xiv-kesz", "conf": 1.0}, "geometry": {"type": "Point", "coordinates": [19.1347677, 47.5120052]}}, {"type": "Feature", "properties": {"code": "Lk-T/1", "reg": "xiv-kesz", "conf": 1.0}, "geometry": {"type": "Point", "coordinates": [19.1257795, 47.5082703]}}, {"type": "Feature", "properties": {"code": "Lk-T/1", "reg": "xiv-kesz", "conf": 1.0}, "geometry": {"type": "Point", "coordinates": [19.1275863, 47.5092292]}}, {"type": "Feature", "properties": {"code": "Kt-Zkk-1", "reg": "xiv-kesz", "conf": 1.0}, "geometry": {"type": "Point", "coordinates": [19.1311401, 47.5170173]}}, {"type": "Feature", "properties": {"code": "Ln-T/1", "reg": "xiv-kesz", "conf": 1.0}, "geometry": {"type": "Point", "coordinates": [19.1251703, 47.5164239]}}, {"type": "Feature", "properties": {"code": "Zkp/Kk-1", "reg": "xiv-kesz", "conf": 1.0}, "geometry": {"type": "Point", "coordinates": [19.1244812, 47.5111514]}}, {"type": "Feature", "properties": {"code": "Ln-T/K1", "reg": "xiv-kesz", "conf": 1.0}, "geometry": {"type": "Point", "coordinates": [19.1294005, 47.5176509]}}, {"type": "Feature", "properties": {"code": "Lk-2/3", "reg": "xiv-kesz", "conf": 1.0}, "geometry": {"type": "Point", "coordinates": [19.1383247, 47.5108598]}}, {"type": "Feature", "properties": {"code": "Lk-1/7", "reg": "xiv-kesz", "conf": 1.0}, "geometry": {"type": "Point", "coordinates": [19.1302787, 47.5132709]}}, {"type": "Feature", "properties": {"code": "Lk-1/7", "reg": "xiv-kesz", "conf": 1.0}, "geometry": {"type": "Point", "coordinates": [19.1309686, 47.5145306]}}, {"type": "Feature", "properties": {"code": "Kt-Fk-1", "reg": "xiv-kesz", "conf": 1.0}, "geometry": {"type": "Point", "coordinates": [19.122895, 47.5138792]}}, {"type": "Feature", "properties": {"code": "Lk-1/5", "reg": "xiv-kesz", "conf": 1.0}, "geometry": {"type": "Point", "coordinates": [19.1317682, 47.5150553]}}, {"type": "Feature", "properties": {"code": "Lk-2/3", "reg": "xiv-kesz", "conf": 1.0}, "geometry": {"type": "Point", "coordinates": [19.1403431, 47.5090673]}}, {"type": "Feature", "properties": {"code": "Kt-Zkp-1", "reg": "xiv-kesz", "conf": 1.0}, "geometry": {"type": "Point", "coordinates": [19.1247514, 47.5104665]}}, {"type": "Feature", "properties": {"code": "Kt-Kk", "reg": "xiv-kesz", "conf": 1.0}, "geometry": {"type": "Point", "coordinates": [19.1257186, 47.5141922]}}, {"type": "Feature", "properties": {"code": "Lk-T/1", "reg": "xiv-kesz", "conf": 1.0}, "geometry": {"type": "Point", "coordinates": [19.1249317, 47.5111301]}}, {"type": "Feature", "properties": {"code": "Lk-T/1", "reg": "xiv-kesz", "conf": 1.0}, "geometry": {"type": "Point", "coordinates": [19.1270529, 47.5094152]}}, {"type": "Feature", "properties": {"code": "Lk-1/4", "reg": "xiv-kesz", "conf": 1.0}, "geometry": {"type": "Point", "coordinates": [19.1304317, 47.5155679]}}, {"type": "Feature", "properties": {"code": "Lk-1/5", "reg": "xiv-kesz", "conf": 1.0}, "geometry": {"type": "Point", "coordinates": [19.1301316, 47.5128291]}}, {"type": "Feature", "properties": {"code": "Ln-T/1", "reg": "xiv-kesz", "conf": 1.0}, "geometry": {"type": "Point", "coordinates": [19.122402, 47.5153155]}}, {"type": "Feature", "properties": {"code": "Kt-Kk", "reg": "xiv-kesz", "conf": 1.0}, "geometry": {"type": "Point", "coordinates": [19.1415252, 47.5171675]}}, {"type": "Feature", "properties": {"code": "Kt-Zkk-1", "reg": "xiv-kesz", "conf": 1.0}, "geometry": {"type": "Point", "coordinates": [19.1275217, 47.5166354]}}, {"type": "Feature", "properties": {"code": "Lk-1/7", "reg": "xiv-kesz", "conf": 1.0}, "geometry": {"type": "Point", "coordinates": [19.1285744, 47.5140912]}}, {"type": "Feature", "properties": {"code": "Lk-2/3", "reg": "xiv-kesz", "conf": 1.0}, "geometry": {"type": "Point", "coordinates": [19.1394027, 47.5115213]}}, {"type": "Feature", "properties": {"code": "Kt-Kk", "reg": "xiv-kesz", "conf": 1.0}, "geometry": {"type": "Point", "coordinates": [19.1389929, 47.5153687]}}, {"type": "Feature", "properties": {"code": "Lk-1/5", "reg": "xiv-kesz", "conf": 1.0}, "geometry": {"type": "Point", "coordinates": [19.133558, 47.5175389]}}, {"type": "Feature", "properties": {"code": "Kt-Fk-2", "reg": "xiv-kesz", "conf": 1.0}, "geometry": {"type": "Point", "coordinates": [19.1272885, 47.5112883]}}, {"type": "Feature", "properties": {"code": "Lk-2/3", "reg": "xiv-kesz", "conf": 1.0}, "geometry": {"type": "Point", "coordinates": [19.1356068, 47.5175542]}}, {"type": "Feature", "properties": {"code": "Kt-Kk", "reg": "xiv-kesz", "conf": 1.0}, "geometry": {"type": "Point", "coordinates": [19.1277856, 47.5080913]}}, {"type": "Feature", "properties": {"code": "Ln-T/1", "reg": "xiv-kesz", "conf": 1.0}, "geometry": {"type": "Point", "coordinates": [19.1254489, 47.5166232]}}, {"type": "Feature", "properties": {"code": "Kt-Zkk-1", "reg": "xiv-kesz", "conf": 1.0}, "geometry": {"type": "Point", "coordinates": [19.1241212, 47.5156747]}}, {"type": "Feature", "properties": {"code": "Kt-Zkk-2", "reg": "xiv-kesz", "conf": 1.0}, "geometry": {"type": "Point", "coordinates": [19.1265188, 47.5175614]}}, {"type": "Feature", "properties": {"code": "Kt-Zkk-2", "reg": "xiv-kesz", "conf": 1.0}, "geometry": {"type": "Point", "coordinates": [19.1226785, 47.5106125]}}, {"type": "Feature", "properties": {"code": "Kt-Zkp-1", "reg": "xiv-kesz", "conf": 1.0}, "geometry": {"type": "Point", "coordinates": [19.1218994, 47.5116002]}}, {"type": "Feature", "properties": {"code": "Lk-2/3", "reg": "xiv-kesz", "conf": 1.0}, "geometry": {"type": "Point", "coordinates": [19.1389602, 47.5083879]}}, {"type": "Feature", "properties": {"code": "Lke-1/5", "reg": "xiv-kesz", "conf": 1.0}, "geometry": {"type": "Point", "coordinates": [19.1286795, 47.5079745]}}, {"type": "Feature", "properties": {"code": "Ln-T/1", "reg": "xiv-kesz", "conf": 1.0}, "geometry": {"type": "Point", "coordinates": [19.1224466, 47.5138444]}}, {"type": "Feature", "properties": {"code": "Kt-Kk", "reg": "xiv-kesz", "conf": 1.0}, "geometry": {"type": "Point", "coordinates": [19.1287341, 47.5154945]}}, {"type": "Feature", "properties": {"code": "Lk-2/2", "reg": "xiv-kesz", "conf": 1.0}, "geometry": {"type": "Point", "coordinates": [19.1378611, 47.5095693]}}, {"type": "Feature", "properties": {"code": "Kt-Fk-1", "reg": "xiv-kesz", "conf": 1.0}, "geometry": {"type": "Point", "coordinates": [19.1220576, 47.5155771]}}, {"type": "Feature", "properties": {"code": "Lk-2/3", "reg": "xiv-kesz", "conf": 1.0}, "geometry": {"type": "Point", "coordinates": [19.1307155, 47.5096225]}}, {"type": "Feature", "properties": {"code": "Kt-Fk-1", "reg": "xiv-kesz", "conf": 1.0}, "geometry": {"type": "Point", "coordinates": [19.1283882, 47.5165206]}}, {"type": "Feature", "properties": {"code": "Lk-1/7", "reg": "xiv-kesz", "conf": 1.0}, "geometry": {"type": "Point", "coordinates": [19.1270001, 47.5120623]}}, {"type": "Feature", "properties": {"code": "Lk-1/11", "reg": "xiv-kesz", "conf": 1.0}, "geometry": {"type": "Point", "coordinates": [19.1389325, 47.5163055]}}, {"type": "Feature", "properties": {"code": "Lk-2/3", "reg": "xiv-kesz", "conf": 1.0}, "geometry": {"type": "Point", "coordinates": [19.1369334, 47.5089442]}}, {"type": "Feature", "properties": {"code": "Lk-T/1", "reg": "xiv-kesz", "conf": 1.0}, "geometry": {"type": "Point", "coordinates": [19.1252479, 47.5094037]}}, {"type": "Feature", "properties": {"code": "Lk-1/7", "reg": "xiv-kesz", "conf": 1.0}, "geometry": {"type": "Point", "coordinates": [19.1296323, 47.5137124]}}, {"type": "Feature", "properties": {"code": "Ln-T/1", "reg": "xiv-kesz", "conf": 1.0}, "geometry": {"type": "Point", "coordinates": [19.1219385, 47.5119397]}}, {"type": "Feature", "properties": {"code": "Kt-Kk", "reg": "xiv-kesz", "conf": 1.0}, "geometry": {"type": "Point", "coordinates": [19.1339353, 47.5124432]}}, {"type": "Feature", "properties": {"code": "Ln-T/1", "reg": "xiv-kesz", "conf": 1.0}, "geometry": {"type": "Point", "coordinates": [19.1415835, 47.5132636]}}, {"type": "Feature", "properties": {"code": "KÖu-4", "reg": "xiv-kesz", "conf": 1.0}, "geometry": {"type": "Point", "coordinates": [19.14334, 47.5139309]}}, {"type": "Feature", "properties": {"code": "Ln-T/13", "reg": "xiv-kesz", "conf": 1.0}, "geometry": {"type": "Point", "coordinates": [19.1220572, 47.505114]}}, {"type": "Feature", "properties": {"code": "Vi-3/4", "reg": "xiv-kesz", "conf": 1.0}, "geometry": {"type": "Point", "coordinates": [19.140919, 47.5051484]}}, {"type": "Feature", "properties": {"code": "Vt-M/2", "reg": "xiv-kesz", "conf": 1.0}, "geometry": {"type": "Point", "coordinates": [19.1395264, 47.5048405]}}, {"type": "Feature", "properties": {"code": "Kt-Fk-2", "reg": "xiv-kesz", "conf": 1.0}, "geometry": {"type": "Point", "coordinates": [19.1261824, 47.5027477]}}, {"type": "Feature", "properties": {"code": "Lke-1/5", "reg": "xiv-kesz", "conf": 1.0}, "geometry": {"type": "Point", "coordinates": [19.1314633, 47.5072103]}}, {"type": "Feature", "properties": {"code": "Lke-1/4", "reg": "xiv-kesz", "conf": 1.0}, "geometry": {"type": "Point", "coordinates": [19.1300719, 47.5054742]}}, {"type": "Feature", "properties": {"code": "K-Közl/2", "reg": "xiv-kesz", "conf": 1.0}, "geometry": {"type": "Point", "coordinates": [19.1366466, 47.5044534]}}, {"type": "Feature", "properties": {"code": "Zkp/Kp-1", "reg": "xiv-kesz", "conf": 1.0}, "geometry": {"type": "Point", "coordinates": [19.1230694, 47.5023693]}}, {"type": "Feature", "properties": {"code": "Ln-T/10", "reg": "xiv-kesz", "conf": 1.0}, "geometry": {"type": "Point", "coordinates": [19.1229993, 47.5035263]}}, {"type": "Feature", "properties": {"code": "Ln-T/1", "reg": "xiv-kesz", "conf": 1.0}, "geometry": {"type": "Point", "coordinates": [19.1243183, 47.5059122]}}, {"type": "Feature", "properties": {"code": "Vt-M/2", "reg": "xiv-kesz", "conf": 1.0}, "geometry": {"type": "Point", "coordinates": [19.1380056, 47.5043132]}}, {"type": "Feature", "properties": {"code": "Kt-Fk-1", "reg": "xiv-kesz", "conf": 1.0}, "geometry": {"type": "Point", "coordinates": [19.1293773, 47.5031771]}}, {"type": "Feature", "properties": {"code": "Ln-T/1", "reg": "xiv-kesz", "conf": 1.0}, "geometry": {"type": "Point", "coordinates": [19.1216564, 47.5043169]}}, {"type": "Feature", "properties": {"code": "Kt-Kk", "reg": "xiv-kesz", "conf": 1.0}, "geometry": {"type": "Point", "coordinates": [19.1399656, 47.5052676]}}, {"type": "Feature", "properties": {"code": "Ln-T/1", "reg": "xiv-kesz", "conf": 1.0}, "geometry": {"type": "Point", "coordinates": [19.140244, 47.5059578]}}, {"type": "Feature", "properties": {"code": "Kt-Zkp-1", "reg": "xiv-kesz", "conf": 1.0}, "geometry": {"type": "Point", "coordinates": [19.1313096, 47.503819]}}, {"type": "Feature", "properties": {"code": "Lk-2/5", "reg": "xiv-kesz", "conf": 1.0}, "geometry": {"type": "Point", "coordinates": [19.1222711, 47.5069323]}}, {"type": "Feature", "properties": {"code": "Kt-Kk", "reg": "xiv-kesz", "conf": 1.0}, "geometry": {"type": "Point", "coordinates": [19.1345121, 47.5055631]}}, {"type": "Feature", "properties": {"code": "Kt-Fk-2", "reg": "xiv-kesz", "conf": 1.0}, "geometry": {"type": "Point", "coordinates": [19.1373066, 47.5061]}}, {"type": "Feature", "properties": {"code": "Lk-2/4", "reg": "xiv-kesz", "conf": 1.0}, "geometry": {"type": "Point", "coordinates": [19.1232588, 47.5075775]}}, {"type": "Feature", "properties": {"code": "Lke-1/5", "reg": "xiv-kesz", "conf": 1.0}, "geometry": {"type": "Point", "coordinates": [19.1306107, 47.5068439]}}, {"type": "Feature", "properties": {"code": "Vt-M/2", "reg": "xiv-kesz", "conf": 1.0}, "geometry": {"type": "Point", "coordinates": [19.1379732, 47.5048315]}}, {"type": "Feature", "properties": {"code": "Ln-T/1", "reg": "xiv-kesz", "conf": 1.0}, "geometry": {"type": "Point", "coordinates": [19.1325909, 47.5044536]}}, {"type": "Feature", "properties": {"code": "Lke-1/5", "reg": "xiv-kesz", "conf": 1.0}, "geometry": {"type": "Point", "coordinates": [19.1299435, 47.5080641]}}, {"type": "Feature", "properties": {"code": "Kt-Zkk-1", "reg": "xiv-kesz", "conf": 1.0}, "geometry": {"type": "Point", "coordinates": [19.1339423, 47.5051141]}}, {"type": "Feature", "properties": {"code": "Kt-Zkp-1", "reg": "xiv-kesz", "conf": 1.0}, "geometry": {"type": "Point", "coordinates": [19.1298704, 47.5036697]}}, {"type": "Feature", "properties": {"code": "Ln-T/1", "reg": "xiv-kesz", "conf": 1.0}, "geometry": {"type": "Point", "coordinates": [19.1247336, 47.5061743]}}, {"type": "Feature", "properties": {"code": "Ln-T/1", "reg": "xiv-kesz", "conf": 1.0}, "geometry": {"type": "Point", "coordinates": [19.1318675, 47.5037194]}}, {"type": "Feature", "properties": {"code": "Zkp/Kp-1", "reg": "xiv-kesz", "conf": 1.0}, "geometry": {"type": "Point", "coordinates": [19.1343458, 47.5034636]}}, {"type": "Feature", "properties": {"code": "Ln-T/2", "reg": "xiv-kesz", "conf": 1.0}, "geometry": {"type": "Point", "coordinates": [19.1251904, 47.504097]}}, {"type": "Feature", "properties": {"code": "Lk-2/3", "reg": "xiv-kesz", "conf": 1.0}, "geometry": {"type": "Point", "coordinates": [19.1358065, 47.5079617]}}, {"type": "Feature", "properties": {"code": "Ln-T/1", "reg": "xiv-kesz", "conf": 1.0}, "geometry": {"type": "Point", "coordinates": [19.125877, 47.502979]}}, {"type": "Feature", "properties": {"code": "Kt-Fk-2", "reg": "xiv-kesz", "conf": 1.0}, "geometry": {"type": "Point", "coordinates": [19.132086, 47.5082202]}}, {"type": "Feature", "properties": {"code": "Ln-T/8", "reg": "xiv-kesz", "conf": 1.0}, "geometry": {"type": "Point", "coordinates": [19.1291293, 47.5044768]}}, {"type": "Feature", "properties": {"code": "Kt-Kk", "reg": "xiv-kesz", "conf": 1.0}, "geometry": {"type": "Point", "coordinates": [19.1215906, 47.5072958]}}, {"type": "Feature", "properties": {"code": "Lk-2/5", "reg": "xiv-kesz", "conf": 1.0}, "geometry": {"type": "Point", "coordinates": [19.133823, 47.5060981]}}, {"type": "Feature", "properties": {"code": "Kt-Zkp-1", "reg": "xiv-kesz", "conf": 1.0}, "geometry": {"type": "Point", "coordinates": [19.1278335, 47.5067204]}}, {"type": "Feature", "properties": {"code": "Kt-Fk-2", "reg": "xiv-kesz", "conf": 1.0}, "geometry": {"type": "Point", "coordinates": [19.1407326, 47.5059519]}}, {"type": "Feature", "properties": {"code": "Kt-Kk", "reg": "xiv-kesz", "conf": 1.0}, "geometry": {"type": "Point", "coordinates": [19.1235547, 47.5066519]}}, {"type": "Feature", "properties": {"code": "Lk-2/5", "reg": "xiv-kesz", "conf": 1.0}, "geometry": {"type": "Point", "coordinates": [19.1315381, 47.5075578]}}, {"type": "Feature", "properties": {"code": "Ln-T/1", "reg": "xiv-kesz", "conf": 1.0}, "geometry": {"type": "Point", "coordinates": [19.1300533, 47.5033083]}}, {"type": "Feature", "properties": {"code": "Kt-Fk-1", "reg": "xiv-kesz", "conf": 1.0}, "geometry": {"type": "Point", "coordinates": [19.1384931, 47.506721]}}, {"type": "Feature", "properties": {"code": "Kt-Zkk-3", "reg": "xiv-kesz", "conf": 1.0}, "geometry": {"type": "Point", "coordinates": [19.1259083, 47.5043835]}}, {"type": "Feature", "properties": {"code": "Kt-Kk", "reg": "xiv-kesz", "conf": 1.0}, "geometry": {"type": "Point", "coordinates": [19.1353174, 47.5049007]}}, {"type": "Feature", "properties": {"code": "Ln-T/1", "reg": "xiv-kesz", "conf": 1.0}, "geometry": {"type": "Point", "coordinates": [19.1280354, 47.5058361]}}, {"type": "Feature", "properties": {"code": "Zkp/Kk-1", "reg": "xiv-kesz", "conf": 1.0}, "geometry": {"type": "Point", "coordinates": [19.1275576, 47.5035587]}}, {"type": "Feature", "properties": {"code": "Ln-T/1", "reg": "xiv-kesz", "conf": 1.0}, "geometry": {"type": "Point", "coordinates": [19.1397972, 47.504197]}}, {"type": "Feature", "properties": {"code": "KÖu-3", "reg": "xiv-kesz", "conf": 1.0}, "geometry": {"type": "Point", "coordinates": [19.1362657, 47.503585]}}, {"type": "Feature", "properties": {"code": "Kt-Kk", "reg": "xiv-kesz", "conf": 1.0}, "geometry": {"type": "Point", "coordinates": [19.1336893, 47.5037833]}}, {"type": "Feature", "properties": {"code": "Lke-1/4", "reg": "xiv-kesz", "conf": 1.0}, "geometry": {"type": "Point", "coordinates": [19.131442, 47.5048401]}}, {"type": "Feature", "properties": {"code": "Kt-Fk-2", "reg": "xiv-kesz", "conf": 1.0}, "geometry": {"type": "Point", "coordinates": [19.1412211, 47.50684]}}, {"type": "Feature", "properties": {"code": "Lk-2/3", "reg": "xiv-kesz", "conf": 1.0}, "geometry": {"type": "Point", "coordinates": [19.1345546, 47.5074463]}}, {"type": "Feature", "properties": {"code": "Ln-T/2", "reg": "xiv-kesz", "conf": 1.0}, "geometry": {"type": "Point", "coordinates": [19.1343844, 47.5051113]}}, {"type": "Feature", "properties": {"code": "Kt-Zkk-1", "reg": "xiv-kesz", "conf": 1.0}, "geometry": {"type": "Point", "coordinates": [19.1354406, 47.5072586]}}, {"type": "Feature", "properties": {"code": "Kt-Kk", "reg": "xiv-kesz", "conf": 1.0}, "geometry": {"type": "Point", "coordinates": [19.1248798, 47.5044997]}}, {"type": "Feature", "properties": {"code": "Kt-Zkk-3", "reg": "xiv-kesz", "conf": 1.0}, "geometry": {"type": "Point", "coordinates": [19.1279819, 47.5050245]}}, {"type": "Feature", "properties": {"code": "Ln-T/1", "reg": "xiv-kesz", "conf": 1.0}, "geometry": {"type": "Point", "coordinates": [19.1287364, 47.5065739]}}, {"type": "Feature", "properties": {"code": "Ln-T/1", "reg": "xiv-kesz", "conf": 1.0}, "geometry": {"type": "Point", "coordinates": [19.1275238, 47.5080095]}}, {"type": "Feature", "properties": {"code": "Lk-2/3", "reg": "xiv-kesz", "conf": 1.0}, "geometry": {"type": "Point", "coordinates": [19.1361796, 47.5074781]}}, {"type": "Feature", "properties": {"code": "Kt-Kk", "reg": "xiv-kesz", "conf": 1.0}, "geometry": {"type": "Point", "coordinates": [19.1356253, 47.5061975]}}, {"type": "Feature", "properties": {"code": "Kt-Kk", "reg": "xiv-kesz", "conf": 1.0}, "geometry": {"type": "Point", "coordinates": [19.1328337, 47.507849]}}, {"type": "Feature", "properties": {"code": "Lk-2/3", "reg": "xiv-kesz", "conf": 1.0}, "geometry": {"type": "Point", "coordinates": [19.1397744, 47.5073461]}}, {"type": "Feature", "properties": {"code": "Ln-T/1", "reg": "xiv-kesz", "conf": 1.0}, "geometry": {"type": "Point", "coordinates": [19.1240798, 47.5054933]}}, {"type": "Feature", "properties": {"code": "Ln-T/8", "reg": "xiv-kesz", "conf": 1.0}, "geometry": {"type": "Point", "coordinates": [19.1253868, 47.5056378]}}, {"type": "Feature", "properties": {"code": "Lke-1/4", "reg": "xiv-kesz", "conf": 1.0}, "geometry": {"type": "Point", "coordinates": [19.1303818, 47.5047956]}}, {"type": "Feature", "properties": {"code": "Zkp/Kk-1", "reg": "xiv-kesz", "conf": 1.0}, "geometry": {"type": "Point", "coordinates": [19.1271779, 47.5052941]}}, {"type": "Feature", "properties": {"code": "Kt-Zkp-1", "reg": "xiv-kesz", "conf": 1.0}, "geometry": {"type": "Point", "coordinates": [19.1260434, 47.5032044]}}, {"type": "Feature", "properties": {"code": "Ln-T/1", "reg": "xiv-kesz", "conf": 1.0}, "geometry": {"type": "Point", "coordinates": [19.1312256, 47.5042825]}}, {"type": "Feature", "properties": {"code": "Lke-1/4", "reg": "xiv-kesz", "conf": 1.0}, "geometry": {"type": "Point", "coordinates": [19.1309311, 47.5058162]}}, {"type": "Feature", "properties": {"code": "Ln-T/1", "reg": "xiv-kesz", "conf": 1.0}, "geometry": {"type": "Point", "coordinates": [19.1372895, 47.5062209]}}, {"type": "Feature", "properties": {"code": "Ln-T/1", "reg": "xiv-kesz", "conf": 1.0}, "geometry": {"type": "Point", "coordinates": [19.1250995, 47.5064269]}}, {"type": "Feature", "properties": {"code": "Ln-T/1", "reg": "xiv-kesz", "conf": 1.0}, "geometry": {"type": "Point", "coordinates": [19.1243867, 47.5063949]}}, {"type": "Feature", "properties": {"code": "Lke-1/5", "reg": "xiv-kesz", "conf": 1.0}, "geometry": {"type": "Point", "coordinates": [19.133274, 47.5061322]}}, {"type": "Feature", "properties": {"code": "Ln-T/1", "reg": "xiv-kesz", "conf": 1.0}, "geometry": {"type": "Point", "coordinates": [19.1411632, 47.5060696]}}, {"type": "Feature", "properties": {"code": "Zkp/Kp-1", "reg": "xiv-kesz", "conf": 1.0}, "geometry": {"type": "Point", "coordinates": [19.1227402, 47.505316]}}, {"type": "Feature", "properties": {"code": "Ln-T/1", "reg": "xiv-kesz", "conf": 1.0}, "geometry": {"type": "Point", "coordinates": [19.1249321, 47.5047923]}}, {"type": "Feature", "properties": {"code": "Lke-1/4", "reg": "xiv-kesz", "conf": 1.0}, "geometry": {"type": "Point", "coordinates": [19.1331057, 47.5051158]}}, {"type": "Feature", "properties": {"code": "Lk-2/3", "reg": "xiv-kesz", "conf": 1.0}, "geometry": {"type": "Point", "coordinates": [19.137302, 47.5072436]}}, {"type": "Feature", "properties": {"code": "Ln-T/1", "reg": "xiv-kesz", "conf": 1.0}, "geometry": {"type": "Point", "coordinates": [19.1251593, 47.5068125]}}, {"type": "Feature", "properties": {"code": "Lk-2/2", "reg": "xiv-kesz", "conf": 1.0}, "geometry": {"type": "Point", "coordinates": [19.1403858, 47.5080908]}}, {"type": "Feature", "properties": {"code": "Ln-T/1", "reg": "xiv-kesz", "conf": 1.0}, "geometry": {"type": "Point", "coordinates": [19.1266096, 47.5056967]}}, {"type": "Feature", "properties": {"code": "KÖu-3", "reg": "xiv-kesz", "conf": 1.0}, "geometry": {"type": "Point", "coordinates": [19.1223338, 47.5054815]}}, {"type": "Feature", "properties": {"code": "Ln-T/4", "reg": "xiv-kesz", "conf": 1.0}, "geometry": {"type": "Point", "coordinates": [19.1261619, 47.5073883]}}, {"type": "Feature", "properties": {"code": "Kt-Kk", "reg": "xiv-kesz", "conf": 1.0}, "geometry": {"type": "Point", "coordinates": [19.1402214, 47.5039846]}}, {"type": "Feature", "properties": {"code": "Ln-T/1", "reg": "xiv-kesz", "conf": 1.0}, "geometry": {"type": "Point", "coordinates": [19.1280733, 47.5076789]}}, {"type": "Feature", "properties": {"code": "Ln-T/1", "reg": "xiv-kesz", "conf": 1.0}, "geometry": {"type": "Point", "coordinates": [19.1275023, 47.5059762]}}, {"type": "Feature", "properties": {"code": "Kt-Kk", "reg": "xiv-kesz", "conf": 1.0}, "geometry": {"type": "Point", "coordinates": [19.125887, 47.5079416]}}, {"type": "Feature", "properties": {"code": "Kt-Fk-1", "reg": "xiv-kesz", "conf": 1.0}, "geometry": {"type": "Point", "coordinates": [19.1307224, 47.5033273]}}, {"type": "Feature", "properties": {"code": "Vi-2/4", "reg": "xiv-kesz", "conf": 1.0}, "geometry": {"type": "Point", "coordinates": [19.1339709, 47.5070247]}}, {"type": "Feature", "properties": {"code": "Lk-2/3", "reg": "xiv-kesz", "conf": 1.0}, "geometry": {"type": "Point", "coordinates": [19.133776, 47.508037]}}, {"type": "Feature", "properties": {"code": "Zkp/Kk-1", "reg": "xiv-kesz", "conf": 1.0}, "geometry": {"type": "Point", "coordinates": [19.1272737, 47.504344]}}, {"type": "Feature", "properties": {"code": "Vi-2/20", "reg": "xiv-kesz", "conf": 1.0}, "geometry": {"type": "Point", "coordinates": [19.1250234, 47.5078941]}}, {"type": "Feature", "properties": {"code": "Lk-2/4", "reg": "xiv-kesz", "conf": 1.0}, "geometry": {"type": "Point", "coordinates": [19.1222676, 47.5083346]}}, {"type": "Feature", "properties": {"code": "Ln-T/1", "reg": "xiv-kesz", "conf": 1.0}, "geometry": {"type": "Point", "coordinates": [19.126137, 47.5063435]}}, {"type": "Feature", "properties": {"code": "Ln-T/1", "reg": "xiv-kesz", "conf": 1.0}, "geometry": {"type": "Point", "coordinates": [19.1279425, 47.5063838]}}, {"type": "Feature", "properties": {"code": "Kt-Kk", "reg": "xiv-kesz", "conf": 1.0}, "geometry": {"type": "Point", "coordinates": [19.1397292, 47.5062289]}}, {"type": "Feature", "properties": {"code": "Ln-T/1", "reg": "xiv-kesz", "conf": 1.0}, "geometry": {"type": "Point", "coordinates": [19.1278524, 47.5071495]}}, {"type": "Feature", "properties": {"code": "Kt-Kk", "reg": "xiv-kesz", "conf": 1.0}, "geometry": {"type": "Point", "coordinates": [19.1257118, 47.5070596]}}, {"type": "Feature", "properties": {"code": "Ln-T/1", "reg": "xiv-kesz", "conf": 1.0}, "geometry": {"type": "Point", "coordinates": [19.1273159, 47.5063102]}}, {"type": "Feature", "properties": {"code": "Ln-T/1", "reg": "xiv-kesz", "conf": 1.0}, "geometry": {"type": "Point", "coordinates": [19.1286678, 47.5031436]}}, {"type": "Feature", "properties": {"code": "Ln-T/1", "reg": "xiv-kesz", "conf": 1.0}, "geometry": {"type": "Point", "coordinates": [19.1403093, 47.5065727]}}, {"type": "Feature", "properties": {"code": "Kt-Fk-1", "reg": "xiv-kesz", "conf": 1.0}, "geometry": {"type": "Point", "coordinates": [19.1321426, 47.5034759]}}, {"type": "Feature", "properties": {"code": "Lk-2/3", "reg": "xiv-kesz", "conf": 1.0}, "geometry": {"type": "Point", "coordinates": [19.1411997, 47.5082606]}}, {"type": "Feature", "properties": {"code": "Kt-Zkk-1", "reg": "xiv-kesz", "conf": 1.0}, "geometry": {"type": "Point", "coordinates": [19.1324185, 47.5049831]}}, {"type": "Feature", "properties": {"code": "KÖu-4", "reg": "xiv-kesz", "conf": 1.0}, "geometry": {"type": "Point", "coordinates": [19.1232869, 47.5057449]}}, {"type": "Feature", "properties": {"code": "Lk-T/1", "reg": "xiv-kesz", "conf": 1.0}, "geometry": {"type": "Point", "coordinates": [19.1257925, 47.5082717]}}, {"type": "Feature", "properties": {"code": "Ln-T/1", "reg": "xiv-kesz", "conf": 1.0}, "geometry": {"type": "Point", "coordinates": [19.124408, 47.5051816]}}, {"type": "Feature", "properties": {"code": "Kt-Fk-1", "reg": "xiv-kesz", "conf": 1.0}, "geometry": {"type": "Point", "coordinates": [19.1399663, 47.5057954]}}, {"type": "Feature", "properties": {"code": "Ln-T/2", "reg": "xiv-kesz", "conf": 1.0}, "geometry": {"type": "Point", "coordinates": [19.1346605, 47.5043306]}}, {"type": "Feature", "properties": {"code": "Ln-T/1", "reg": "xiv-kesz", "conf": 1.0}, "geometry": {"type": "Point", "coordinates": [19.1288408, 47.5061866]}}, {"type": "Feature", "properties": {"code": "Lk-2/5", "reg": "xiv-kesz", "conf": 1.0}, "geometry": {"type": "Point", "coordinates": [19.1242665, 47.5072227]}}, {"type": "Feature", "properties": {"code": "Zkp/Kk-1", "reg": "xiv-kesz", "conf": 1.0}, "geometry": {"type": "Point", "coordinates": [19.1350954, 47.5053399]}}, {"type": "Feature", "properties": {"code": "Ln-T/1", "reg": "xiv-kesz", "conf": 1.0}, "geometry": {"type": "Point", "coordinates": [19.1278297, 47.5051337]}}, {"type": "Feature", "properties": {"code": "Ln-T/1", "reg": "xiv-kesz", "conf": 1.0}, "geometry": {"type": "Point", "coordinates": [19.126183, 47.5049236]}}, {"type": "Feature", "properties": {"code": "Ln-T/2", "reg": "xiv-kesz", "conf": 1.0}, "geometry": {"type": "Point", "coordinates": [19.1264731, 47.5043593]}}, {"type": "Feature", "properties": {"code": "Ln-T/1", "reg": "xiv-kesz", "conf": 1.0}, "geometry": {"type": "Point", "coordinates": [19.1268082, 47.5067909]}}, {"type": "Feature", "properties": {"code": "Ln-T/1", "reg": "xiv-kesz", "conf": 1.0}, "geometry": {"type": "Point", "coordinates": [19.1237538, 47.5060252]}}, {"type": "Feature", "properties": {"code": "Kt-Zkp-1", "reg": "xiv-kesz", "conf": 1.0}, "geometry": {"type": "Point", "coordinates": [19.1256451, 47.5053784]}}, {"type": "Feature", "properties": {"code": "Kt-Fk-1", "reg": "xiv-kesz", "conf": 1.0}, "geometry": {"type": "Point", "coordinates": [19.1403708, 47.5045987]}}, {"type": "Feature", "properties": {"code": "Kt-Kk", "reg": "xiv-kesz", "conf": 1.0}, "geometry": {"type": "Point", "coordinates": [19.1218179, 47.5048525]}}, {"type": "Feature", "properties": {"code": "Kt-Kk", "reg": "xiv-kesz", "conf": 1.0}, "geometry": {"type": "Point", "coordinates": [19.1277986, 47.5080923]}}, {"type": "Feature", "properties": {"code": "Kt-Zkk-1", "reg": "xiv-kesz", "conf": 1.0}, "geometry": {"type": "Point", "coordinates": [19.1221921, 47.5048129]}}, {"type": "Feature", "properties": {"code": "KÖu-4", "reg": "xiv-kesz", "conf": 1.0}, "geometry": {"type": "Point", "coordinates": [19.1244628, 47.5020656]}}, {"type": "Feature", "properties": {"code": "Lke-1/5", "reg": "xiv-kesz", "conf": 1.0}, "geometry": {"type": "Point", "coordinates": [19.1286926, 47.5079755]}}, {"type": "Feature", "properties": {"code": "KÖu-4", "reg": "xiv-kesz", "conf": 1.0}, "geometry": {"type": "Point", "coordinates": [19.1224784, 47.5059938]}}, {"type": "Feature", "properties": {"code": "Lke-1/5", "reg": "xiv-kesz", "conf": 1.0}, "geometry": {"type": "Point", "coordinates": [19.132211, 47.5058971]}}, {"type": "Feature", "properties": {"code": "Ln-T/8", "reg": "xiv-kesz", "conf": 1.0}, "geometry": {"type": "Point", "coordinates": [19.1295214, 47.5063512]}}, {"type": "Feature", "properties": {"code": "Ln-T/1", "reg": "xiv-kesz", "conf": 1.0}, "geometry": {"type": "Point", "coordinates": [19.1264049, 47.5070775]}}, {"type": "Feature", "properties": {"code": "Kt-Kk", "reg": "xiv-kesz", "conf": 1.0}, "geometry": {"type": "Point", "coordinates": [19.1249005, 47.5037483]}}, {"type": "Feature", "properties": {"code": "Ln-T/1", "reg": "xiv-kesz", "conf": 1.0}, "geometry": {"type": "Point", "coordinates": [19.1298535, 47.5041361]}}, {"type": "Feature", "properties": {"code": "KÖu-4", "reg": "xiv-kesz", "conf": 1.0}, "geometry": {"type": "Point", "coordinates": [19.1433246, 47.5043067]}}]}