{"type": "FeatureCollection", "features": [{"type": "Feature", "properties": {"code": "Zkp-Kp", "reg": "xx-kesz"}, "geometry": {"type": "Point", "coordinates": [19.1092493, 47.4382483]}}, {"type": "Feature", "properties": {"code": "Zkp-Kp", "reg": "xx-kesz"}, "geometry": {"type": "Point", "coordinates": [19.1140013, 47.4405902]}}, {"type": "Feature", "properties": {"code": "Lk-T/2", "reg": "xx-kesz"}, "geometry": {"type": "Point", "coordinates": [19.0922566, 47.4353985]}}, {"type": "Feature", "properties": {"code": "Vt-H/Ln4", "reg": "xx-kesz"}, "geometry": {"type": "Point", "coordinates": [19.1012408, 47.4372694]}}, {"type": "Feature", "properties": {"code": "Lk-T/3", "reg": "xx-kesz"}, "geometry": {"type": "Point", "coordinates": [19.0935632, 47.4333527]}}, {"type": "Feature", "properties": {"code": "Zkp-Kp", "reg": "xx-kesz"}, "geometry": {"type": "Point", "coordinates": [19.1198344, 47.4269605]}}, {"type": "Feature", "properties": {"code": "Gksz-2/9", "reg": "xx-kesz"}, "geometry": {"type": "Point", "coordinates": [19.1063043, 47.4255954]}}, {"type": "Feature", "properties": {"code": "Ln-T/G", "reg": "xx-kesz"}, "geometry": {"type": "Point", "coordinates": [19.0976605, 47.4431265]}}, {"type": "Feature", "properties": {"code": "Vi-3/G", "reg": "xx-kesz"}, "geometry": {"type": "Point", "coordinates": [19.0991773, 47.4402397]}}, {"type": "Feature", "properties": {"code": "Ln-T/SZ4", "reg": "xx-kesz"}, "geometry": {"type": "Point", "coordinates": [19.1011653, 47.4423564]}}, {"type": "Feature", "properties": {"code": "Ln-T/G", "reg": "xx-kesz"}, "geometry": {"type": "Point", "coordinates": [19.1006949, 47.4422132]}}, {"type": "Feature", "properties": {"code": "Kt-Zk-1", "reg": "xx-kesz"}, "geometry": {"type": "Point", "coordinates": [19.1072842, 47.4363011]}}, {"type": "Feature", "properties": {"code": "Lk-T/3", "reg": "xx-kesz"}, "geometry": {"type": "Point", "coordinates": [19.0924538, 47.4338148]}}, {"type": "Feature", "properties": {"code": "Vi-2/Sp", "reg": "xx-kesz"}, "geometry": {"type": "Point", "coordinates": [19.0956622, 47.4341983]}}, {"type": "Feature", "properties": {"code": "K-Rek/2", "reg": "xx-kesz"}, "geometry": {"type": "Point", "coordinates": [19.0982963, 47.4305329]}}, {"type": "Feature", "properties": {"code": "Lke-1/K1", "reg": "xx-kesz"}, "geometry": {"type": "Point", "coordinates": [19.1164353, 47.4301546]}}, {"type": "Feature", "properties": {"code": "Gksz-2/6", "reg": "xx-kesz"}, "geometry": {"type": "Point", "coordinates": [19.109487, 47.420736]}}, {"type": "Feature", "properties": {"code": "Ln-T/SZ4", "reg": "xx-kesz"}, "geometry": {"type": "Point", "coordinates": [19.0985306, 47.4439802]}}, {"type": "Feature", "properties": {"code": "Ln-T/SZ2", "reg": "xx-kesz"}, "geometry": {"type": "Point", "coordinates": [19.0991476, 47.4434411]}}, {"type": "Feature", "properties": {"code": "Ln-T/SZ4", "reg": "xx-kesz"}, "geometry": {"type": "Point", "coordinates": [19.1004464, 47.4429174]}}, {"type": "Feature", "properties": {"code": "Kt-Zk-1", "reg": "xx-kesz"}, "geometry": {"type": "Point", "coordinates": [19.0956367, 47.4415212]}}, {"type": "Feature", "properties": {"code": "Vt-H/Ln4", "reg": "xx-kesz"}, "geometry": {"type": "Point", "coordinates": [19.1045542, 47.4391358]}}, {"type": "Feature", "properties": {"code": "Lk-T/3", "reg": "xx-kesz"}, "geometry": {"type": "Point", "coordinates": [19.1150398, 47.4407275]}}, {"type": "Feature", "properties": {"code": "Vt-M/2", "reg": "xx-kesz"}, "geometry": {"type": "Point", "coordinates": [19.0930059, 47.4378148]}}, {"type": "Feature", "properties": {"code": "Kt-Zk-1", "reg": "xx-kesz"}, "geometry": {"type": "Point", "coordinates": [19.097161, 47.4362185]}}, {"type": "Feature", "properties": {"code": "Lk-T/1", "reg": "xx-kesz"}, "geometry": {"type": "Point", "coordinates": [19.0934843, 47.4348868]}}, {"type": "Feature", "properties": {"code": "Vt-H/Ln4", "reg": "xx-kesz"}, "geometry": {"type": "Point", "coordinates": [19.1027081, 47.4379489]}}, {"type": "Feature", "properties": {"code": "Kt-Zk-2", "reg": "xx-kesz"}, "geometry": {"type": "Point", "coordinates": [19.0919383, 47.4331202]}}, {"type": "Feature", "properties": {"code": "Gksz-2/5", "reg": "xx-kesz"}, "geometry": {"type": "Point", "coordinates": [19.1035133, 47.4296444]}}, {"type": "Feature", "properties": {"code": "Lke-1/K1", "reg": "xx-kesz"}, "geometry": {"type": "Point", "coordinates": [19.1177148, 47.4288411]}}, {"type": "Feature", "properties": {"code": "Gksz-2/3", "reg": "xx-kesz"}, "geometry": {"type": "Point", "coordinates": [19.1050725, 47.4261956]}}, {"type": "Feature", "properties": {"code": "Lke-1/K1", "reg": "xx-kesz"}, "geometry": {"type": "Point", "coordinates": [19.1235593, 47.4222032]}}, {"type": "Feature", "properties": {"code": "Lke-1/K2", "reg": "xx-kesz"}, "geometry": {"type": "Point", "coordinates": [19.1168597, 47.4525812]}}, {"type": "Feature", "properties": {"code": "Ln-T/SZ4", "reg": "xx-kesz"}, "geometry": {"type": "Point", "coordinates": [19.0970843, 47.4434435]}}, {"type": "Feature", "properties": {"code": "Lke-1/K1", "reg": "xx-kesz"}, "geometry": {"type": "Point", "coordinates": [19.1234387, 47.4433348]}}, {"type": "Feature", "properties": {"code": "Ln-T/SZ1", "reg": "xx-kesz"}, "geometry": {"type": "Point", "coordinates": [19.0972085, 47.4400158]}}, {"type": "Feature", "properties": {"code": "Ln-T/AE", "reg": "xx-kesz"}, "geometry": {"type": "Point", "coordinates": [19.1024728, 47.4410284]}}, {"type": "Feature", "properties": {"code": "Ln-T/SZ1", "reg": "xx-kesz"}, "geometry": {"type": "Point", "coordinates": [19.1003942, 47.4407967]}}, {"type": "Feature", "properties": {"code": "Lke-1/K1", "reg": "xx-kesz"}, "geometry": {"type": "Point", "coordinates": [19.114745, 47.4431192]}}, {"type": "Feature", "properties": {"code": "Kt-Kgy", "reg": "xx-kesz"}, "geometry": {"type": "Point", "coordinates": [19.1016175, 47.4366695]}}, {"type": "Feature", "properties": {"code": "Kt-Zk-1", "reg": "xx-kesz"}, "geometry": {"type": "Point", "coordinates": [19.1043095, 47.4357644]}}, {"type": "Feature", "properties": {"code": "Vi-2/L-Z3", "reg": "xx-kesz"}, "geometry": {"type": "Point", "coordinates": [19.1106788, 47.4347757]}}, {"type": "Feature", "properties": {"code": "Lk-1/K2", "reg": "xx-kesz"}, "geometry": {"type": "Point", "coordinates": [19.1147755, 47.4389505]}}, {"type": "Feature", "properties": {"code": "Vi-2/L-K1", "reg": "xx-kesz"}, "geometry": {"type": "Point", "coordinates": [19.1096677, 47.4309956]}}, {"type": "Feature", "properties": {"code": "Lke-1/AE2", "reg": "xx-kesz"}, "geometry": {"type": "Point", "coordinates": [19.1230571, 47.4329706]}}, {"type": "Feature", "properties": {"code": "Lke-1/K1", "reg": "xx-kesz"}, "geometry": {"type": "Point", "coordinates": [19.1214783, 47.4286156]}}, {"type": "Feature", "properties": {"code": "Lke-1/K1", "reg": "xx-kesz"}, "geometry": {"type": "Point", "coordinates": [19.1241059, 47.4252891]}}, {"type": "Feature", "properties": {"code": "Lke-1/K1", "reg": "xx-kesz"}, "geometry": {"type": "Point", "coordinates": [19.1139942, 47.451958]}}, {"type": "Feature", "properties": {"code": "Lke-1/K1", "reg": "xx-kesz"}, "geometry": {"type": "Point", "coordinates": [19.1119045, 47.4484343]}}, {"type": "Feature", "properties": {"code": "Lke-1/K1", "reg": "xx-kesz"}, "geometry": {"type": "Point", "coordinates": [19.1119157, 47.4515992]}}, {"type": "Feature", "properties": {"code": "Lke-1/K2", "reg": "xx-kesz"}, "geometry": {"type": "Point", "coordinates": [19.1141575, 47.4497523]}}, {"type": "Feature", "properties": {"code": "Lke-1/K1", "reg": "xx-kesz"}, "geometry": {"type": "Point", "coordinates": [19.1122614, 47.4493905]}}, {"type": "Feature", "properties": {"code": "Lke-1/K1", "reg": "xx-kesz"}, "geometry": {"type": "Point", "coordinates": [19.1096179, 47.4466253]}}, {"type": "Feature", "properties": {"code": "Ln-T/SZ1", "reg": "xx-kesz"}, "geometry": {"type": "Point", "coordinates": [19.0984985, 47.4424795]}}, {"type": "Feature", "properties": {"code": "Ln-T/SZ2", "reg": "xx-kesz"}, "geometry": {"type": "Point", "coordinates": [19.0962611, 47.4407466]}}, {"type": "Feature", "properties": {"code": "Kt-Zk-1", "reg": "xx-kesz"}, "geometry": {"type": "Point", "coordinates": [19.1033579, 47.4400739]}}, {"type": "Feature", "properties": {"code": "Zkp-Kk-1", "reg": "xx-kesz"}, "geometry": {"type": "Point", "coordinates": [19.106263, 47.4399544]}}, {"type": "Feature", "properties": {"code": "Lke-1/K1", "reg": "xx-kesz"}, "geometry": {"type": "Point", "coordinates": [19.1176408, 47.4413037]}}, {"type": "Feature", "properties": {"code": "Lke-1/K1", "reg": "xx-kesz"}, "geometry": {"type": "Point", "coordinates": [19.1207124, 47.4386702]}}, {"type": "Feature", "properties": {"code": "Vt-M/1", "reg": "xx-kesz"}, "geometry": {"type": "Point", "coordinates": [19.0907414, 47.4386999]}}, {"type": "Feature", "properties": {"code": "Lk-T/3", "reg": "xx-kesz"}, "geometry": {"type": "Point", "coordinates": [19.093405, 47.4355485]}}, {"type": "Feature", "properties": {"code": "Kt-Zk-1", "reg": "xx-kesz"}, "geometry": {"type": "Point", "coordinates": [19.0994643, 47.4363532]}}, {"type": "Feature", "properties": {"code": "Ln-T/SZ1", "reg": "xx-kesz"}, "geometry": {"type": "Point", "coordinates": [19.0971007, 47.4360073]}}, {"type": "Feature", "properties": {"code": "Vt-H/Ln4", "reg": "xx-kesz"}, "geometry": {"type": "Point", "coordinates": [19.1035739, 47.438626]}}, {"type": "Feature", "properties": {"code": "Kt-Fk-2", "reg": "xx-kesz"}, "geometry": {"type": "Point", "coordinates": [19.106366, 47.4353238]}}, {"type": "Feature", "properties": {"code": "Lke-1/K1", "reg": "xx-kesz"}, "geometry": {"type": "Point", "coordinates": [19.1221538, 47.4389113]}}, {"type": "Feature", "properties": {"code": "Lke-1/K1", "reg": "xx-kesz"}, "geometry": {"type": "Point", "coordinates": [19.1234873, 47.4366113]}}, {"type": "Feature", "properties": {"code": "Kt-Zk-3", "reg": "xx-kesz"}, "geometry": {"type": "Point", "coordinates": [19.1001667, 47.4342426]}}, {"type": "Feature", "properties": {"code": "Lk-1/K2", "reg": "xx-kesz"}, "geometry": {"type": "Point", "coordinates": [19.1163797, 47.4326503]}}, {"type": "Feature", "properties": {"code": "Gksz-2/8", "reg": "xx-kesz"}, "geometry": {"type": "Point", "coordinates": [19.104709, 47.426752]}}, {"type": "Feature", "properties": {"code": "Lke-1/K1", "reg": "xx-kesz"}, "geometry": {"type": "Point", "coordinates": [19.1138275, 47.4274162]}}, {"type": "Feature", "properties": {"code": "Gksz-2/8", "reg": "xx-kesz"}, "geometry": {"type": "Point", "coordinates": [19.1073322, 47.4253367]}}, {"type": "Feature", "properties": {"code": "Kt-Zk-2", "reg": "xx-kesz"}, "geometry": {"type": "Point", "coordinates": [19.1099116, 47.4238806]}}, {"type": "Feature", "properties": {"code": "Lke-1/K1", "reg": "xx-kesz"}, "geometry": {"type": "Point", "coordinates": [19.1165014, 47.4215942]}}, {"type": "Feature", "properties": {"code": "Lke-1/K2", "reg": "xx-kesz"}, "geometry": {"type": "Point", "coordinates": [19.1173167, 47.4204969]}}, {"type": "Feature", "properties": {"code": "Lke-1/K1", "reg": "xx-kesz"}, "geometry": {"type": "Point", "coordinates": [19.1201456, 47.4219511]}}, {"type": "Feature", "properties": {"code": "Lke-1/K2", "reg": "xx-kesz"}, "geometry": {"type": "Point", "coordinates": [19.1095516, 47.450433]}}, {"type": "Feature", "properties": {"code": "Lke-1/K1", "reg": "xx-kesz"}, "geometry": {"type": "Point", "coordinates": [19.1125039, 47.4511869]}}, {"type": "Feature", "properties": {"code": "Lke-1/K1", "reg": "xx-kesz"}, "geometry": {"type": "Point", "coordinates": [19.1137151, 47.4503376]}}, {"type": "Feature", "properties": {"code": "Lke-1/K2", "reg": "xx-kesz"}, "geometry": {"type": "Point", "coordinates": [19.1118529, 47.4446368]}}, {"type": "Feature", "properties": {"code": "Lke-1/K1", "reg": "xx-kesz"}, "geometry": {"type": "Point", "coordinates": [19.116669, 47.4450928]}}, {"type": "Feature", "properties": {"code": "Lke-1/K1", "reg": "xx-kesz"}, "geometry": {"type": "Point", "coordinates": [19.1158497, 47.4427782]}}, {"type": "Feature", "properties": {"code": "Lke-1/K1", "reg": "xx-kesz"}, "geometry": {"type": "Point", "coordinates": [19.119003, 47.4435689]}}, {"type": "Feature", "properties": {"code": "Vi-2/L-K2", "reg": "xx-kesz"}, "geometry": {"type": "Point", "coordinates": [19.1243065, 47.444402]}}, {"type": "Feature", "properties": {"code": "Kt-Fk-3", "reg": "xx-kesz"}, "geometry": {"type": "Point", "coordinates": [19.0978736, 47.4427192]}}, {"type": "Feature", "properties": {"code": "Kt-Fk-1", "reg": "xx-kesz"}, "geometry": {"type": "Point", "coordinates": [19.094201, 47.4414076]}}, {"type": "Feature", "properties": {"code": "Lk-1/K2", "reg": "xx-kesz"}, "geometry": {"type": "Point", "coordinates": [19.1058775, 47.4404632]}}, {"type": "Feature", "properties": {"code": "Kt-Zk-1", "reg": "xx-kesz"}, "geometry": {"type": "Point", "coordinates": [19.0923708, 47.4358504]}}, {"type": "Feature", "properties": {"code": "Kt-Zk-1", "reg": "xx-kesz"}, "geometry": {"type": "Point", "coordinates": [19.0921433, 47.4347936]}}, {"type": "Feature", "properties": {"code": "Ln-T/SZ4", "reg": "xx-kesz"}, "geometry": {"type": "Point", "coordinates": [19.0963143, 47.4373393]}}, {"type": "Feature", "properties": {"code": "Vt-H/Ln3", "reg": "xx-kesz"}, "geometry": {"type": "Point", "coordinates": [19.1039304, 47.4382392]}}, {"type": "Feature", "properties": {"code": "Kt-Kgy", "reg": "xx-kesz"}, "geometry": {"type": "Point", "coordinates": [19.1031284, 47.4381558]}}, {"type": "Feature", "properties": {"code": "Vt-H/Ln5", "reg": "xx-kesz"}, "geometry": {"type": "Point", "coordinates": [19.1026464, 47.4371893]}}, {"type": "Feature", "properties": {"code": "Ln-T/SZ2", "reg": "xx-kesz"}, "geometry": {"type": "Point", "coordinates": [19.1008161, 47.4369135]}}, {"type": "Feature", "properties": {"code": "Vt-H/Ln3", "reg": "xx-kesz"}, "geometry": {"type": "Point", "coordinates": [19.1064211, 47.4383613]}}, {"type": "Feature", "properties": {"code": "Lk-T/3", "reg": "xx-kesz"}, "geometry": {"type": "Point", "coordinates": [19.0930181, 47.4348011]}}, {"type": "Feature", "properties": {"code": "Kt-Zk-1", "reg": "xx-kesz"}, "geometry": {"type": "Point", "coordinates": [19.0932552, 47.4344699]}}, {"type": "Feature", "properties": {"code": "Vi-2/L-SZ1", "reg": "xx-kesz"}, "geometry": {"type": "Point", "coordinates": [19.0948061, 47.434083]}}, {"type": "Feature", "properties": {"code": "Kt-Zk-3", "reg": "xx-kesz"}, "geometry": {"type": "Point", "coordinates": [19.0987859, 47.43367]}}, {"type": "Feature", "properties": {"code": "Kt-Zk-2", "reg": "xx-kesz"}, "geometry": {"type": "Point", "coordinates": [19.0939947, 47.433552]}}, {"type": "Feature", "properties": {"code": "Ln-T/SZ3", "reg": "xx-kesz"}, "geometry": {"type": "Point", "coordinates": [19.1057616, 47.4349679]}}, {"type": "Feature", "properties": {"code": "Lk-1/K2", "reg": "xx-kesz"}, "geometry": {"type": "Point", "coordinates": [19.1009922, 47.4347877]}}, {"type": "Feature", "properties": {"code": "Vi-2/L-K1", "reg": "xx-kesz"}, "geometry": {"type": "Point", "coordinates": [19.1109345, 47.4317271]}}, {"type": "Feature", "properties": {"code": "Vi-2/L-SZ2", "reg": "xx-kesz"}, "geometry": {"type": "Point", "coordinates": [19.1084853, 47.4305967]}}, {"type": "Feature", "properties": {"code": "Lke-1/K1", "reg": "xx-kesz"}, "geometry": {"type": "Point", "coordinates": [19.121492, 47.4320176]}}, {"type": "Feature", "properties": {"code": "Vi-2/AE1", "reg": "xx-kesz"}, "geometry": {"type": "Point", "coordinates": [19.1104252, 47.4307279]}}, {"type": "Feature", "properties": {"code": "Lke-1/K1", "reg": "xx-kesz"}, "geometry": {"type": "Point", "coordinates": [19.117967, 47.4267646]}}, {"type": "Feature", "properties": {"code": "Lke-1/K1", "reg": "xx-kesz"}, "geometry": {"type": "Point", "coordinates": [19.1189093, 47.4240786]}}, {"type": "Feature", "properties": {"code": "Lke-1/K1", "reg": "xx-kesz"}, "geometry": {"type": "Point", "coordinates": [19.1119377, 47.4223518]}}, {"type": "Feature", "properties": {"code": "K-T", "reg": "xx-kesz"}, "geometry": {"type": "Point", "coordinates": [19.1209675, 47.4152865]}}, {"type": "Feature", "properties": {"code": "Lke-1/AE2", "reg": "xx-kesz"}, "geometry": {"type": "Point", "coordinates": [19.1159232, 47.4479916]}}, {"type": "Feature", "properties": {"code": "Lke-1/K1", "reg": "xx-kesz"}, "geometry": {"type": "Point", "coordinates": [19.1191918, 47.4507585]}}, {"type": "Feature", "properties": {"code": "Lke-1/K2", "reg": "xx-kesz"}, "geometry": {"type": "Point", "coordinates": [19.1080417, 47.4472223]}}, {"type": "Feature", "properties": {"code": "Lke-1/K1", "reg": "xx-kesz"}, "geometry": {"type": "Point", "coordinates": [19.1192119, 47.4465019]}}, {"type": "Feature", "properties": {"code": "Lke-1/K1", "reg": "xx-kesz"}, "geometry": {"type": "Point", "coordinates": [19.1220632, 47.4445008]}}, {"type": "Feature", "properties": {"code": "Kt-Zk-2", "reg": "xx-kesz"}, "geometry": {"type": "Point", "coordinates": [19.0951183, 47.4402841]}}, {"type": "Feature", "properties": {"code": "Ln-T/SZ1", "reg": "xx-kesz"}, "geometry": {"type": "Point", "coordinates": [19.0982284, 47.4397088]}}, {"type": "Feature", "properties": {"code": "Ln-3/SZ2", "reg": "xx-kesz"}, "geometry": {"type": "Point", "coordinates": [19.101627, 47.4406569]}}, {"type": "Feature", "properties": {"code": "Kt-Fk-3", "reg": "xx-kesz"}, "geometry": {"type": "Point", "coordinates": [19.1024624, 47.4391684]}}, {"type": "Feature", "properties": {"code": "Lk-T/3", "reg": "xx-kesz"}, "geometry": {"type": "Point", "coordinates": [19.1146325, 47.441101]}}, {"type": "Feature", "properties": {"code": "Lke-1/K1", "reg": "xx-kesz"}, "geometry": {"type": "Point", "coordinates": [19.1192442, 47.4404807]}}, {"type": "Feature", "properties": {"code": "Lk-T/3", "reg": "xx-kesz"}, "geometry": {"type": "Point", "coordinates": [19.0918315, 47.4359254]}}, {"type": "Feature", "properties": {"code": "Kt-Fk-1", "reg": "xx-kesz"}, "geometry": {"type": "Point", "coordinates": [19.0950266, 47.4380798]}}, {"type": "Feature", "properties": {"code": "Ln-T/SZ1", "reg": "xx-kesz"}, "geometry": {"type": "Point", "coordinates": [19.097972, 47.4378051]}}, {"type": "Feature", "properties": {"code": "Ln-T/SZ3", "reg": "xx-kesz"}, "geometry": {"type": "Point", "coordinates": [19.0980264, 47.4351899]}}, {"type": "Feature", "properties": {"code": "Ln-T/SZ2", "reg": "xx-kesz"}, "geometry": {"type": "Point", "coordinates": [19.1034176, 47.4365067]}}, {"type": "Feature", "properties": {"code": "Vt-H/Ln7", "reg": "xx-kesz"}, "geometry": {"type": "Point", "coordinates": [19.1019696, 47.4363617]}}, {"type": "Feature", "properties": {"code": "Lk-1/K2", "reg": "xx-kesz"}, "geometry": {"type": "Point", "coordinates": [19.1085227, 47.4384834]}}, {"type": "Feature", "properties": {"code": "Ln-T/SZ1", "reg": "xx-kesz"}, "geometry": {"type": "Point", "coordinates": [19.1057739, 47.4354234]}}, {"type": "Feature", "properties": {"code": "K-Rek/1", "reg": "xx-kesz"}, "geometry": {"type": "Point", "coordinates": [19.0906126, 47.4349131]}}, {"type": "Feature", "properties": {"code": "Lk-T/1", "reg": "xx-kesz"}, "geometry": {"type": "Point", "coordinates": [19.0918145, 47.433551]}}, {"type": "Feature", "properties": {"code": "Ln-T/SZ1", "reg": "xx-kesz"}, "geometry": {"type": "Point", "coordinates": [19.099479, 47.4329861]}}, {"type": "Feature", "properties": {"code": "Ln-T/SZ3", "reg": "xx-kesz"}, "geometry": {"type": "Point", "coordinates": [19.1000015, 47.432278]}}, {"type": "Feature", "properties": {"code": "Lk-1/K2", "reg": "xx-kesz"}, "geometry": {"type": "Point", "coordinates": [19.1064484, 47.4322451]}}, {"type": "Feature", "properties": {"code": "Lk-1/K2", "reg": "xx-kesz"}, "geometry": {"type": "Point", "coordinates": [19.1098962, 47.4318487]}}, {"type": "Feature", "properties": {"code": "Vi-2/L-K1", "reg": "xx-kesz"}, "geometry": {"type": "Point", "coordinates": [19.1067807, 47.4295853]}}, {"type": "Feature", "properties": {"code": "Vi-2/L-K1", "reg": "xx-kesz"}, "geometry": {"type": "Point", "coordinates": [19.1076226, 47.4287917]}}, {"type": "Feature", "properties": {"code": "Lke-1/K1", "reg": "xx-kesz"}, "geometry": {"type": "Point", "coordinates": [19.1123615, 47.4295854]}}, {"type": "Feature", "properties": {"code": "Lke-1/K1", "reg": "xx-kesz"}, "geometry": {"type": "Point", "coordinates": [19.1129748, 47.4282708]}}, {"type": "Feature", "properties": {"code": "Kt-Zk-2", "reg": "xx-kesz"}, "geometry": {"type": "Point", "coordinates": [19.1084582, 47.4232686]}}, {"type": "Feature", "properties": {"code": "Ln-T/SZ3", "reg": "xx-kesz"}, "geometry": {"type": "Point", "coordinates": [19.1093794, 47.4230527]}}, {"type": "Feature", "properties": {"code": "Lke-1/K1", "reg": "xx-kesz"}, "geometry": {"type": "Point", "coordinates": [19.1163601, 47.4223346]}}, {"type": "Feature", "properties": {"code": "Kt-Zk-2", "reg": "xx-kesz"}, "geometry": {"type": "Point", "coordinates": [19.1092107, 47.4227459]}}, {"type": "Feature", "properties": {"code": "Ln-T/G", "reg": "xx-kesz"}, "geometry": {"type": "Point", "coordinates": [19.1080879, 47.421433]}}, {"type": "Feature", "properties": {"code": "Lke-1/K1", "reg": "xx-kesz"}, "geometry": {"type": "Point", "coordinates": [19.1189589, 47.4221343]}}, {"type": "Feature", "properties": {"code": "Lke-1/K2", "reg": "xx-kesz"}, "geometry": {"type": "Point", "coordinates": [19.1176431, 47.418959]}}, {"type": "Feature", "properties": {"code": "Vi-2/L-Z1", "reg": "xx-kesz"}, "geometry": {"type": "Point", "coordinates": [19.1123916, 47.4534686]}}, {"type": "Feature", "properties": {"code": "Lke-1/K1", "reg": "xx-kesz"}, "geometry": {"type": "Point", "coordinates": [19.1138717, 47.4526297]}}, {"type": "Feature", "properties": {"code": "Lke-1/K2", "reg": "xx-kesz"}, "geometry": {"type": "Point", "coordinates": [19.1165714, 47.4513948]}}, {"type": "Feature", "properties": {"code": "Lke-1/K1", "reg": "xx-kesz"}, "geometry": {"type": "Point", "coordinates": [19.1090196, 47.4507144]}}, {"type": "Feature", "properties": {"code": "Lke-1/K1", "reg": "xx-kesz"}, "geometry": {"type": "Point", "coordinates": [19.1113403, 47.4487329]}}, {"type": "Feature", "properties": {"code": "Lke-1/K2", "reg": "xx-kesz"}, "geometry": {"type": "Point", "coordinates": [19.1148414, 47.4495776]}}, {"type": "Feature", "properties": {"code": "Lke-1/K2", "reg": "xx-kesz"}, "geometry": {"type": "Point", "coordinates": [19.1171883, 47.4482674]}}, {"type": "Feature", "properties": {"code": "Ln-T/SZ1", "reg": "xx-kesz"}, "geometry": {"type": "Point", "coordinates": [19.0991712, 47.4438866]}}, {"type": "Feature", "properties": {"code": "Ln-T/SZ4", "reg": "xx-kesz"}, "geometry": {"type": "Point", "coordinates": [19.0979118, 47.4435356]}}, {"type": "Feature", "properties": {"code": "Lk-1/K2", "reg": "xx-kesz"}, "geometry": {"type": "Point", "coordinates": [19.1018476, 47.4442599]}}, {"type": "Feature", "properties": {"code": "Ln-T/SZ4", "reg": "xx-kesz"}, "geometry": {"type": "Point", "coordinates": [19.0997606, 47.4434355]}}, {"type": "Feature", "properties": {"code": "Lke-1/K1", "reg": "xx-kesz"}, "geometry": {"type": "Point", "coordinates": [19.1103323, 47.4463616]}}, {"type": "Feature", "properties": {"code": "Lk-1/K2", "reg": "xx-kesz"}, "geometry": {"type": "Point", "coordinates": [19.1082811, 47.4446441]}}, {"type": "Feature", "properties": {"code": "Lke-1/AE2", "reg": "xx-kesz"}, "geometry": {"type": "Point", "coordinates": [19.1161713, 47.4474687]}}, {"type": "Feature", "properties": {"code": "Lke-1/K1", "reg": "xx-kesz"}, "geometry": {"type": "Point", "coordinates": [19.1184253, 47.4438804]}}, {"type": "Feature", "properties": {"code": "Lke-1/K2", "reg": "xx-kesz"}, "geometry": {"type": "Point", "coordinates": [19.1220179, 47.4438708]}}, {"type": "Feature", "properties": {"code": "Vi-2/L-K2", "reg": "xx-kesz"}, "geometry": {"type": "Point", "coordinates": [19.1223682, 47.4431346]}}, {"type": "Feature", "properties": {"code": "Kt-Zk-2", "reg": "xx-kesz"}, "geometry": {"type": "Point", "coordinates": [19.0963887, 47.4417451]}}, {"type": "Feature", "properties": {"code": "Kt-Fk-1", "reg": "xx-kesz"}, "geometry": {"type": "Point", "coordinates": [19.0942507, 47.4408867]}}, {"type": "Feature", "properties": {"code": "Kt-Fk-3", "reg": "xx-kesz"}, "geometry": {"type": "Point", "coordinates": [19.0975896, 47.4396069]}}, {"type": "Feature", "properties": {"code": "Kt-Kgy", "reg": "xx-kesz"}, "geometry": {"type": "Point", "coordinates": [19.1053379, 47.4390411]}}, {"type": "Feature", "properties": {"code": "Lk-1/K2", "reg": "xx-kesz"}, "geometry": {"type": "Point", "coordinates": [19.1103832, 47.4399964]}}, {"type": "Feature", "properties": {"code": "Lke-1/K2", "reg": "xx-kesz"}, "geometry": {"type": "Point", "coordinates": [19.1166754, 47.4415899]}}, {"type": "Feature", "properties": {"code": "Vt-H/Lk1", "reg": "xx-kesz"}, "geometry": {"type": "Point", "coordinates": [19.1129957, 47.4413069]}}, {"type": "Feature", "properties": {"code": "Lke-1/K1", "reg": "xx-kesz"}, "geometry": {"type": "Point", "coordinates": [19.1242184, 47.4426961]}}, {"type": "Feature", "properties": {"code": "Kt-Fk-3", "reg": "xx-kesz"}, "geometry": {"type": "Point", "coordinates": [19.0958021, 47.4381935]}}, {"type": "Feature", "properties": {"code": "Ln-T/SZ1", "reg": "xx-kesz"}, "geometry": {"type": "Point", "coordinates": [19.0990309, 47.4366395]}}, {"type": "Feature", "properties": {"code": "Ln-T/SZ1", "reg": "xx-kesz"}, "geometry": {"type": "Point", "coordinates": [19.0981419, 47.4364669]}}, {"type": "Feature", "properties": {"code": "Lk-1/K2", "reg": "xx-kesz"}, "geometry": {"type": "Point", "coordinates": [19.1136972, 47.4383879]}}, {"type": "Feature", "properties": {"code": "Lk-1/K2", "reg": "xx-kesz"}, "geometry": {"type": "Point", "coordinates": [19.1159833, 47.4353914]}}, {"type": "Feature", "properties": {"code": "Kt-Kgy", "reg": "xx-kesz"}, "geometry": {"type": "Point", "coordinates": [19.0905043, 47.4337884]}}, {"type": "Feature", "properties": {"code": "Kt-St", "reg": "xx-kesz"}, "geometry": {"type": "Point", "coordinates": [19.0902921, 47.4323101]}}, {"type": "Feature", "properties": {"code": "Gksz-2/4", "reg": "xx-kesz"}, "geometry": {"type": "Point", "coordinates": [19.1035606, 47.431096]}}, {"type": "Feature", "properties": {"code": "Lke-1/K2", "reg": "xx-kesz"}, "geometry": {"type": "Point", "coordinates": [19.1237427, 47.4335384]}}, {"type": "Feature", "properties": {"code": "Lke-1/K1", "reg": "xx-kesz"}, "geometry": {"type": "Point", "coordinates": [19.1221326, 47.4314641]}}, {"type": "Feature", "properties": {"code": "Lke-1/K2", "reg": "xx-kesz"}, "geometry": {"type": "Point", "coordinates": [19.1176233, 47.4312911]}}, {"type": "Feature", "properties": {"code": "Lke-1/K1", "reg": "xx-kesz"}, "geometry": {"type": "Point", "coordinates": [19.1192359, 47.4305492]}}, {"type": "Feature", "properties": {"code": "Vi-2/AE2", "reg": "xx-kesz"}, "geometry": {"type": "Point", "coordinates": [19.122371, 47.4278627]}}, {"type": "Feature", "properties": {"code": "Ln-T/SZ3", "reg": "xx-kesz"}, "geometry": {"type": "Point", "coordinates": [19.1097337, 47.4241824]}}, {"type": "Feature", "properties": {"code": "Lke-1/K1", "reg": "xx-kesz"}, "geometry": {"type": "Point", "coordinates": [19.1202856, 47.4247121]}}, {"type": "Feature", "properties": {"code": "Lke-1/K1", "reg": "xx-kesz"}, "geometry": {"type": "Point", "coordinates": [19.1217136, 47.4239105]}}, {"type": "Feature", "properties": {"code": "Lke-1/K1", "reg": "xx-kesz"}, "geometry": {"type": "Point", "coordinates": [19.1112192, 47.4225287]}}, {"type": "Feature", "properties": {"code": "Ln-T/SZ3", "reg": "xx-kesz"}, "geometry": {"type": "Point", "coordinates": [19.1072195, 47.4218756]}}, {"type": "Feature", "properties": {"code": "Lke-1/K1", "reg": "xx-kesz"}, "geometry": {"type": "Point", "coordinates": [19.1184711, 47.4227882]}}, {"type": "Feature", "properties": {"code": "Lke-1/K1", "reg": "xx-kesz"}, "geometry": {"type": "Point", "coordinates": [19.1188087, 47.4203843]}}, {"type": "Feature", "properties": {"code": "Lke-1/K1", "reg": "xx-kesz"}, "geometry": {"type": "Point", "coordinates": [19.1176367, 47.4167727]}}, {"type": "Feature", "properties": {"code": "Lke-1/K1", "reg": "xx-kesz"}, "geometry": {"type": "Point", "coordinates": [19.1175368, 47.4520953]}}, {"type": "Feature", "properties": {"code": "Lke-1/K2", "reg": "xx-kesz"}, "geometry": {"type": "Point", "coordinates": [19.1136615, 47.4472038]}}, {"type": "Feature", "properties": {"code": "Lke-1/K1", "reg": "xx-kesz"}, "geometry": {"type": "Point", "coordinates": [19.1141755, 47.4468533]}}, {"type": "Feature", "properties": {"code": "Lke-1/K2", "reg": "xx-kesz"}, "geometry": {"type": "Point", "coordinates": [19.1200608, 47.4491655]}}, {"type": "Feature", "properties": {"code": "Lk-1/K2", "reg": "xx-kesz"}, "geometry": {"type": "Point", "coordinates": [19.1035947, 47.4444312]}}, {"type": "Feature", "properties": {"code": "Lk-1/K1", "reg": "xx-kesz"}, "geometry": {"type": "Point", "coordinates": [19.1135282, 47.4443092]}}, {"type": "Feature", "properties": {"code": "Vi-2/L-K2", "reg": "xx-kesz"}, "geometry": {"type": "Point", "coordinates": [19.1230135, 47.4435139]}}, {"type": "Feature", "properties": {"code": "Kt-Kgy", "reg": "xx-kesz"}, "geometry": {"type": "Point", "coordinates": [19.0968153, 47.4406769]}}, {"type": "Feature", "properties": {"code": "Kt-Fk-1", "reg": "xx-kesz"}, "geometry": {"type": "Point", "coordinates": [19.0944986, 47.4397643]}}, {"type": "Feature", "properties": {"code": "Lk-1/K2", "reg": "xx-kesz"}, "geometry": {"type": "Point", "coordinates": [19.1033031, 47.4429019]}}, {"type": "Feature", "properties": {"code": "Vt-H/Ln1", "reg": "xx-kesz"}, "geometry": {"type": "Point", "coordinates": [19.100172, 47.4388706]}}, {"type": "Feature", "properties": {"code": "Lke-1/K1", "reg": "xx-kesz"}, "geometry": {"type": "Point", "coordinates": [19.115387, 47.441849]}}, {"type": "Feature", "properties": {"code": "Lke-1/K2", "reg": "xx-kesz"}, "geometry": {"type": "Point", "coordinates": [19.1197151, 47.4429622]}}, {"type": "Feature", "properties": {"code": "Lke-1/K2", "reg": "xx-kesz"}, "geometry": {"type": "Point", "coordinates": [19.1207945, 47.4418604]}}, {"type": "Feature", "properties": {"code": "Kt-Fk-1", "reg": "xx-kesz"}, "geometry": {"type": "Point", "coordinates": [19.0973191, 47.4371182]}}, {"type": "Feature", "properties": {"code": "Ln-T/SZ3", "reg": "xx-kesz"}, "geometry": {"type": "Point", "coordinates": [19.0996083, 47.434572]}}, {"type": "Feature", "properties": {"code": "Vt-H/Ln6", "reg": "xx-kesz"}, "geometry": {"type": "Point", "coordinates": [19.1044563, 47.4384171]}}, {"type": "Feature", "properties": {"code": "Kt-Zk-1", "reg": "xx-kesz"}, "geometry": {"type": "Point", "coordinates": [19.1038169, 47.4375906]}}, {"type": "Feature", "properties": {"code": "Kt-Fk-1", "reg": "xx-kesz"}, "geometry": {"type": "Point", "coordinates": [19.1073398, 47.4353732]}}, {"type": "Feature", "properties": {"code": "Lk-1/K2", "reg": "xx-kesz"}, "geometry": {"type": "Point", "coordinates": [19.1128575, 47.4361105]}}, {"type": "Feature", "properties": {"code": "Lk-T/3", "reg": "xx-kesz"}, "geometry": {"type": "Point", "coordinates": [19.0916925, 47.433715]}}, {"type": "Feature", "properties": {"code": "Kt-Zk-1", "reg": "xx-kesz"}, "geometry": {"type": "Point", "coordinates": [19.0955692, 47.4331098]}}, {"type": "Feature", "properties": {"code": "Vi-2/L-Z2", "reg": "xx-kesz"}, "geometry": {"type": "Point", "coordinates": [19.1021611, 47.4323832]}}, {"type": "Feature", "properties": {"code": "Vi-2/L-Z4", "reg": "xx-kesz"}, "geometry": {"type": "Point", "coordinates": [19.1005772, 47.4321353]}}, {"type": "Feature", "properties": {"code": "Lk-1/K2", "reg": "xx-kesz"}, "geometry": {"type": "Point", "coordinates": [19.1178901, 47.4341857]}}, {"type": "Feature", "properties": {"code": "Lke-1/K2", "reg": "xx-kesz"}, "geometry": {"type": "Point", "coordinates": [19.1169245, 47.4297456]}}, {"type": "Feature", "properties": {"code": "Lke-1/K1", "reg": "xx-kesz"}, "geometry": {"type": "Point", "coordinates": [19.1143873, 47.4287371]}}, {"type": "Feature", "properties": {"code": "Lke-1/K1", "reg": "xx-kesz"}, "geometry": {"type": "Point", "coordinates": [19.117319, 47.4271933]}}, {"type": "Feature", "properties": {"code": "Lke-1/K2", "reg": "xx-kesz"}, "geometry": {"type": "Point", "coordinates": [19.1237735, 47.4299826]}}, {"type": "Feature", "properties": {"code": "Kt-Zk-2", "reg": "xx-kesz"}, "geometry": {"type": "Point", "coordinates": [19.1076458, 47.422812]}}, {"type": "Feature", "properties": {"code": "Lke-1/K1", "reg": "xx-kesz"}, "geometry": {"type": "Point", "coordinates": [19.1170811, 47.4251312]}}, {"type": "Feature", "properties": {"code": "Lke-1/AE2", "reg": "xx-kesz"}, "geometry": {"type": "Point", "coordinates": [19.1193708, 47.4256162]}}, {"type": "Feature", "properties": {"code": "Lke-1/K1", "reg": "xx-kesz"}, "geometry": {"type": "Point", "coordinates": [19.116719, 47.4200866]}}, {"type": "Feature", "properties": {"code": "Lke-1/K1", "reg": "xx-kesz"}, "geometry": {"type": "Point", "coordinates": [19.1174075, 47.4195864]}}, {"type": "Feature", "properties": {"code": "Lke-1/K1", "reg": "xx-kesz"}, "geometry": {"type": "Point", "coordinates": [19.1155858, 47.4521241]}}, {"type": "Feature", "properties": {"code": "Lke-1/K1", "reg": "xx-kesz"}, "geometry": {"type": "Point", "coordinates": [19.1143504, 47.450094]}}, {"type": "Feature", "properties": {"code": "Lke-1/K1", "reg": "xx-kesz"}, "geometry": {"type": "Point", "coordinates": [19.1144292, 47.4491962]}}, {"type": "Feature", "properties": {"code": "Lke-1/K2", "reg": "xx-kesz"}, "geometry": {"type": "Point", "coordinates": [19.1232288, 47.4457957]}}, {"type": "Feature", "properties": {"code": "Vi-2/L-K2", "reg": "xx-kesz"}, "geometry": {"type": "Point", "coordinates": [19.1233927, 47.4444948]}}, {"type": "Feature", "properties": {"code": "Kt-Fk-3", "reg": "xx-kesz"}, "geometry": {"type": "Point", "coordinates": [19.1019218, 47.4414833]}}, {"type": "Feature", "properties": {"code": "Ln-T/SZ1", "reg": "xx-kesz"}, "geometry": {"type": "Point", "coordinates": [19.1032956, 47.4407666]}}, {"type": "Feature", "properties": {"code": "Ln-3/SZ3", "reg": "xx-kesz"}, "geometry": {"type": "Point", "coordinates": [19.1011006, 47.4400163]}}, {"type": "Feature", "properties": {"code": "Ln-3/SZ4", "reg": "xx-kesz"}, "geometry": {"type": "Point", "coordinates": [19.1022068, 47.4398549]}}, {"type": "Feature", "properties": {"code": "Kt-Zk-1", "reg": "xx-kesz"}, "geometry": {"type": "Point", "coordinates": [19.1147518, 47.4413947]}}, {"type": "Feature", "properties": {"code": "Kt-Zk-1", "reg": "xx-kesz"}, "geometry": {"type": "Point", "coordinates": [19.0980926, 47.4385775]}}, {"type": "Feature", "properties": {"code": "Vt-H/Ln6", "reg": "xx-kesz"}, "geometry": {"type": "Point", "coordinates": [19.1048125, 47.437992]}}, {"type": "Feature", "properties": {"code": "Ln-T/SZ1", "reg": "xx-kesz"}, "geometry": {"type": "Point", "coordinates": [19.1071979, 47.4359431]}}, {"type": "Feature", "properties": {"code": "Lk-1/K2", "reg": "xx-kesz"}, "geometry": {"type": "Point", "coordinates": [19.1124381, 47.437551]}}, {"type": "Feature", "properties": {"code": "Lk-1/KSZ4", "reg": "xx-kesz"}, "geometry": {"type": "Point", "coordinates": [19.1167515, 47.4372787]}}, {"type": "Feature", "properties": {"code": "Lk-1/K2", "reg": "xx-kesz"}, "geometry": {"type": "Point", "coordinates": [19.1222518, 47.4349134]}}, {"type": "Feature", "properties": {"code": "Ln-T/SZ3", "reg": "xx-kesz"}, "geometry": {"type": "Point", "coordinates": [19.0985252, 47.4344124]}}, {"type": "Feature", "properties": {"code": "Ln-T/SZ1", "reg": "xx-kesz"}, "geometry": {"type": "Point", "coordinates": [19.0986244, 47.4338102]}}, {"type": "Feature", "properties": {"code": "Vi-2/L-Z2", "reg": "xx-kesz"}, "geometry": {"type": "Point", "coordinates": [19.1010522, 47.4335354]}}, {"type": "Feature", "properties": {"code": "Ln-T/AE", "reg": "xx-kesz"}, "geometry": {"type": "Point", "coordinates": [19.1062764, 47.4345211]}}, {"type": "Feature", "properties": {"code": "Vi-2/L-K1", "reg": "xx-kesz"}, "geometry": {"type": "Point", "coordinates": [19.1106315, 47.4340076]}}, {"type": "Feature", "properties": {"code": "Zkp-Kk-1", "reg": "xx-kesz"}, "geometry": {"type": "Point", "coordinates": [19.0965938, 47.4300965]}}, {"type": "Feature", "properties": {"code": "Lke-1/K2", "reg": "xx-kesz"}, "geometry": {"type": "Point", "coordinates": [19.122606, 47.4274862]}}, {"type": "Feature", "properties": {"code": "Lke-1/K2", "reg": "xx-kesz"}, "geometry": {"type": "Point", "coordinates": [19.1229917, 47.4273141]}}, {"type": "Feature", "properties": {"code": "Ln-T/SZ3", "reg": "xx-kesz"}, "geometry": {"type": "Point", "coordinates": [19.1081218, 47.422491]}}, {"type": "Feature", "properties": {"code": "Ln-T/G", "reg": "xx-kesz"}, "geometry": {"type": "Point", "coordinates": [19.1088878, 47.4223804]}}, {"type": "Feature", "properties": {"code": "Lke-1/K1", "reg": "xx-kesz"}, "geometry": {"type": "Point", "coordinates": [19.1212762, 47.4244027]}}, {"type": "Feature", "properties": {"code": "Lke-1/K2", "reg": "xx-kesz"}, "geometry": {"type": "Point", "coordinates": [19.1206062, 47.4226015]}}, {"type": "Feature", "properties": {"code": "Lke-1/K1", "reg": "xx-kesz"}, "geometry": {"type": "Point", "coordinates": [19.1170513, 47.4210986]}}, {"type": "Feature", "properties": {"code": "Vi-2/L-Z1", "reg": "xx-kesz"}, "geometry": {"type": "Point", "coordinates": [19.1132446, 47.4541084]}}, {"type": "Feature", "properties": {"code": "Lke-1/K2", "reg": "xx-kesz"}, "geometry": {"type": "Point", "coordinates": [19.1143238, 47.454079]}}, {"type": "Feature", "properties": {"code": "Lke-1/K1", "reg": "xx-kesz"}, "geometry": {"type": "Point", "coordinates": [19.1099166, 47.4498328]}}, {"type": "Feature", "properties": {"code": "Lke-1/AE2", "reg": "xx-kesz"}, "geometry": {"type": "Point", "coordinates": [19.1118303, 47.4490116]}}, {"type": "Feature", "properties": {"code": "Lke-1/K1", "reg": "xx-kesz"}, "geometry": {"type": "Point", "coordinates": [19.1068557, 47.4488201]}}, {"type": "Feature", "properties": {"code": "Lke-1/K2", "reg": "xx-kesz"}, "geometry": {"type": "Point", "coordinates": [19.122852, 47.4474165]}}, {"type": "Feature", "properties": {"code": "Vi-2/L-K2", "reg": "xx-kesz"}, "geometry": {"type": "Point", "coordinates": [19.1236715, 47.4439793]}}, {"type": "Feature", "properties": {"code": "Lke-1/K2", "reg": "xx-kesz"}, "geometry": {"type": "Point", "coordinates": [19.1192695, 47.4432749]}}, {"type": "Feature", "properties": {"code": "Kt-Zk-2", "reg": "xx-kesz"}, "geometry": {"type": "Point", "coordinates": [19.0961741, 47.4425352]}}, {"type": "Feature", "properties": {"code": "Ln-T/SZ1", "reg": "xx-kesz"}, "geometry": {"type": "Point", "coordinates": [19.0955892, 47.4402235]}}, {"type": "Feature", "properties": {"code": "Ln-T/SZ1", "reg": "xx-kesz"}, "geometry": {"type": "Point", "coordinates": [19.1030288, 47.4392535]}}, {"type": "Feature", "properties": {"code": "Vt-H/Lk2", "reg": "xx-kesz"}, "geometry": {"type": "Point", "coordinates": [19.1084318, 47.4407134]}}, {"type": "Feature", "properties": {"code": "Vi-2/AE6", "reg": "xx-kesz"}, "geometry": {"type": "Point", "coordinates": [19.1069032, 47.4399953]}}, {"type": "Feature", "properties": {"code": "Lke-1/K1", "reg": "xx-kesz"}, "geometry": {"type": "Point", "coordinates": [19.1167407, 47.4419078]}}, {"type": "Feature", "properties": {"code": "Kt-St", "reg": "xx-kesz"}, "geometry": {"type": "Point", "coordinates": [19.0898049, 47.4346405]}}, {"type": "Feature", "properties": {"code": "Ln-T/SZ3", "reg": "xx-kesz"}, "geometry": {"type": "Point", "coordinates": [19.1000907, 47.436342]}}, {"type": "Feature", "properties": {"code": "Ln-T/SZ1", "reg": "xx-kesz"}, "geometry": {"type": "Point", "coordinates": [19.1047589, 47.4360869]}}, {"type": "Feature", "properties": {"code": "Ln-T/SZ3", "reg": "xx-kesz"}, "geometry": {"type": "Point", "coordinates": [19.1090581, 47.4359369]}}, {"type": "Feature", "properties": {"code": "Ln-3/Z", "reg": "xx-kesz"}, "geometry": {"type": "Point", "coordinates": [19.0924828, 47.4327049]}}, {"type": "Feature", "properties": {"code": "K-Rek/4", "reg": "xx-kesz"}, "geometry": {"type": "Point", "coordinates": [19.0910969, 47.4318228]}}, {"type": "Feature", "properties": {"code": "Lk-T/1", "reg": "xx-kesz"}, "geometry": {"type": "Point", "coordinates": [19.0936015, 47.4337865]}}, {"type": "Feature", "properties": {"code": "Ln-3/SZ1", "reg": "xx-kesz"}, "geometry": {"type": "Point", "coordinates": [19.0941089, 47.4312337]}}, {"type": "Feature", "properties": {"code": "Lk-1/K2", "reg": "xx-kesz"}, "geometry": {"type": "Point", "coordinates": [19.1150894, 47.4336666]}}, {"type": "Feature", "properties": {"code": "Lk-1/AE", "reg": "xx-kesz"}, "geometry": {"type": "Point", "coordinates": [19.1185041, 47.4346195]}}, {"type": "Feature", "properties": {"code": "Lke-1/K1", "reg": "xx-kesz"}, "geometry": {"type": "Point", "coordinates": [19.1176365, 47.431102]}}, {"type": "Feature", "properties": {"code": "Vi-3/SZ3", "reg": "xx-kesz"}, "geometry": {"type": "Point", "coordinates": [19.095502, 47.4298455]}}, {"type": "Feature", "properties": {"code": "Vi-2/L-SZ2", "reg": "xx-kesz"}, "geometry": {"type": "Point", "coordinates": [19.1079115, 47.4285718]}}, {"type": "Feature", "properties": {"code": "Lke-1/K1", "reg": "xx-kesz"}, "geometry": {"type": "Point", "coordinates": [19.116321, 47.4283283]}}, {"type": "Feature", "properties": {"code": "Lke-1/K1", "reg": "xx-kesz"}, "geometry": {"type": "Point", "coordinates": [19.1208636, 47.4291355]}}, {"type": "Feature", "properties": {"code": "Lke-1/K2", "reg": "xx-kesz"}, "geometry": {"type": "Point", "coordinates": [19.1188821, 47.4273068]}}, {"type": "Feature", "properties": {"code": "Lk-2/AE1", "reg": "xx-kesz"}, "geometry": {"type": "Point", "coordinates": [19.108056, 47.4261474]}}, {"type": "Feature", "properties": {"code": "Lk-1/KSZ2", "reg": "xx-kesz"}, "geometry": {"type": "Point", "coordinates": [19.1116933, 47.4249285]}}, {"type": "Feature", "properties": {"code": "Lke-1/K1", "reg": "xx-kesz"}, "geometry": {"type": "Point", "coordinates": [19.1225779, 47.4234414]}}, {"type": "Feature", "properties": {"code": "Lke-1/K2", "reg": "xx-kesz"}, "geometry": {"type": "Point", "coordinates": [19.111533, 47.4217]}}, {"type": "Feature", "properties": {"code": "Kt-Zk-1", "reg": "xx-kesz"}, "geometry": {"type": "Point", "coordinates": [19.1186014, 47.4182441]}}, {"type": "Feature", "properties": {"code": "Lk-1/K1", "reg": "xx-kesz"}, "geometry": {"type": "Point", "coordinates": [19.1053016, 47.4480268]}}, {"type": "Feature", "properties": {"code": "Vi-2/L-Z1", "reg": "xx-kesz"}, "geometry": {"type": "Point", "coordinates": [19.1061627, 47.4492851]}}, {"type": "Feature", "properties": {"code": "Lke-1/K2", "reg": "xx-kesz"}, "geometry": {"type": "Point", "coordinates": [19.1118342, 47.445916]}}, {"type": "Feature", "properties": {"code": "Ln-T/SZ1", "reg": "xx-kesz"}, "geometry": {"type": "Point", "coordinates": [19.0978632, 47.440168]}}, {"type": "Feature", "properties": {"code": "Kt-Fk-3", "reg": "xx-kesz"}, "geometry": {"type": "Point", "coordinates": [19.1004858, 47.4418921]}}, {"type": "Feature", "properties": {"code": "Lke-1/K1", "reg": "xx-kesz"}, "geometry": {"type": "Point", "coordinates": [19.117934, 47.4409943]}}, {"type": "Feature", "properties": {"code": "Vi-2/L-K2", "reg": "xx-kesz"}, "geometry": {"type": "Point", "coordinates": [19.1178145, 47.4404481]}}, {"type": "Feature", "properties": {"code": "Vi-2/L-K2", "reg": "xx-kesz"}, "geometry": {"type": "Point", "coordinates": [19.1186575, 47.4407511]}}, {"type": "Feature", "properties": {"code": "Kt-Zk-3", "reg": "xx-kesz"}, "geometry": {"type": "Point", "coordinates": [19.1029492, 47.4354901]}}, {"type": "Feature", "properties": {"code": "Lk-1/K2", "reg": "xx-kesz"}, "geometry": {"type": "Point", "coordinates": [19.114579, 47.4355633]}}, {"type": "Feature", "properties": {"code": "Lk-1/K2", "reg": "xx-kesz"}, "geometry": {"type": "Point", "coordinates": [19.1115241, 47.435284]}}, {"type": "Feature", "properties": {"code": "Lke-1/K1", "reg": "xx-kesz"}, "geometry": {"type": "Point", "coordinates": [19.1224808, 47.4382032]}}, {"type": "Feature", "properties": {"code": "Lk-T/3", "reg": "xx-kesz"}, "geometry": {"type": "Point", "coordinates": [19.0921515, 47.4341476]}}, {"type": "Feature", "properties": {"code": "K-Rek/3", "reg": "xx-kesz"}, "geometry": {"type": "Point", "coordinates": [19.097017, 47.4319856]}}, {"type": "Feature", "properties": {"code": "Vi-2/AE4", "reg": "xx-kesz"}, "geometry": {"type": "Point", "coordinates": [19.1030759, 47.4329416]}}, {"type": "Feature", "properties": {"code": "Lk-1/K2", "reg": "xx-kesz"}, "geometry": {"type": "Point", "coordinates": [19.1077286, 47.4340091]}}, {"type": "Feature", "properties": {"code": "Lk-1/K2", "reg": "xx-kesz"}, "geometry": {"type": "Point", "coordinates": [19.1158416, 47.4310469]}}, {"type": "Feature", "properties": {"code": "Lke-1/K1", "reg": "xx-kesz"}, "geometry": {"type": "Point", "coordinates": [19.1127369, 47.4527859]}}, {"type": "Feature", "properties": {"code": "Lke-1/K1", "reg": "xx-kesz"}, "geometry": {"type": "Point", "coordinates": [19.1108378, 47.4460144]}}, {"type": "Feature", "properties": {"code": "Lke-1/K2", "reg": "xx-kesz"}, "geometry": {"type": "Point", "coordinates": [19.1171192, 47.4449413]}}, {"type": "Feature", "properties": {"code": "Lk-1/K2", "reg": "xx-kesz"}, "geometry": {"type": "Point", "coordinates": [19.1130596, 47.4446019]}}, {"type": "Feature", "properties": {"code": "Ln-T/SZ4", "reg": "xx-kesz"}, "geometry": {"type": "Point", "coordinates": [19.0946685, 47.4406864]}}, {"type": "Feature", "properties": {"code": "Vt-H/Lk2", "reg": "xx-kesz"}, "geometry": {"type": "Point", "coordinates": [19.1106864, 47.4422485]}}, {"type": "Feature", "properties": {"code": "Lk-1/K2", "reg": "xx-kesz"}, "geometry": {"type": "Point", "coordinates": [19.1070231, 47.4394028]}}, {"type": "Feature", "properties": {"code": "Lk-T/3", "reg": "xx-kesz"}, "geometry": {"type": "Point", "coordinates": [19.1138171, 47.4415938]}}, {"type": "Feature", "properties": {"code": "Lke-1/K2", "reg": "xx-kesz"}, "geometry": {"type": "Point", "coordinates": [19.1214884, 47.441801]}}, {"type": "Feature", "properties": {"code": "Kt-Sv", "reg": "xx-kesz"}, "geometry": {"type": "Point", "coordinates": [19.0893257, 47.4377847]}}, {"type": "Feature", "properties": {"code": "Ln-T/SZ5", "reg": "xx-kesz"}, "geometry": {"type": "Point", "coordinates": [19.0969313, 47.4353297]}}, {"type": "Feature", "properties": {"code": "Lk-1/AE", "reg": "xx-kesz"}, "geometry": {"type": "Point", "coordinates": [19.1082027, 47.4380448]}}, {"type": "Feature", "properties": {"code": "Lke-1/K1", "reg": "xx-kesz"}, "geometry": {"type": "Point", "coordinates": [19.1192641, 47.4315538]}}, {"type": "Feature", "properties": {"code": "Lke-1/K1", "reg": "xx-kesz"}, "geometry": {"type": "Point", "coordinates": [19.1182426, 47.430751]}}, {"type": "Feature", "properties": {"code": "Vi-2/AE6", "reg": "xx-kesz"}, "geometry": {"type": "Point", "coordinates": [19.1198263, 47.4264178]}}, {"type": "Feature", "properties": {"code": "Lk-1/KSZ2", "reg": "xx-kesz"}, "geometry": {"type": "Point", "coordinates": [19.1028846, 47.4474115]}}, {"type": "Feature", "properties": {"code": "Lke-1/K2", "reg": "xx-kesz"}, "geometry": {"type": "Point", "coordinates": [19.1159826, 47.448755]}}, {"type": "Feature", "properties": {"code": "Lke-1/K1", "reg": "xx-kesz"}, "geometry": {"type": "Point", "coordinates": [19.1173199, 47.4478329]}}, {"type": "Feature", "properties": {"code": "Lke-1/K2", "reg": "xx-kesz"}, "geometry": {"type": "Point", "coordinates": [19.1225602, 47.4477149]}}, {"type": "Feature", "properties": {"code": "Lk-1/KSZ1", "reg": "xx-kesz"}, "geometry": {"type": "Point", "coordinates": [19.1055131, 47.4466129]}}, {"type": "Feature", "properties": {"code": "Lk-1/K2", "reg": "xx-kesz"}, "geometry": {"type": "Point", "coordinates": [19.1039148, 47.4437451]}}, {"type": "Feature", "properties": {"code": "Lke-1/K2", "reg": "xx-kesz"}, "geometry": {"type": "Point", "coordinates": [19.1090798, 47.4472369]}}, {"type": "Feature", "properties": {"code": "Lk-1/KSZ2", "reg": "xx-kesz"}, "geometry": {"type": "Point", "coordinates": [19.1056063, 47.4441456]}}, {"type": "Feature", "properties": {"code": "Vi-2/L-K2", "reg": "xx-kesz"}, "geometry": {"type": "Point", "coordinates": [19.1223179, 47.4436739]}}, {"type": "Feature", "properties": {"code": "Ln-T/AE", "reg": "xx-kesz"}, "geometry": {"type": "Point", "coordinates": [19.0974405, 47.4410648]}}, {"type": "Feature", "properties": {"code": "Kt-Fk-1", "reg": "xx-kesz"}, "geometry": {"type": "Point", "coordinates": [19.0943882, 47.4403354]}}, {"type": "Feature", "properties": {"code": "Lk-1/K2", "reg": "xx-kesz"}, "geometry": {"type": "Point", "coordinates": [19.1078931, 47.4389301]}}, {"type": "Feature", "properties": {"code": "Lke-1/K1", "reg": "xx-kesz"}, "geometry": {"type": "Point", "coordinates": [19.1212669, 47.4398882]}}, {"type": "Feature", "properties": {"code": "Ln-T/SZ3", "reg": "xx-kesz"}, "geometry": {"type": "Point", "coordinates": [19.103144, 47.4352524]}}, {"type": "Feature", "properties": {"code": "Vi-3/Z1", "reg": "xx-kesz"}, "geometry": {"type": "Point", "coordinates": [19.1061498, 47.4376409]}}, {"type": "Feature", "properties": {"code": "Lk-1/K2", "reg": "xx-kesz"}, "geometry": {"type": "Point", "coordinates": [19.1111917, 47.4365295]}}, {"type": "Feature", "properties": {"code": "Lk-T/1", "reg": "xx-kesz"}, "geometry": {"type": "Point", "coordinates": [19.0941441, 47.4337262]}}, {"type": "Feature", "properties": {"code": "Vi-2/L-K1", "reg": "xx-kesz"}, "geometry": {"type": "Point", "coordinates": [19.1097271, 47.4346699]}}, {"type": "Feature", "properties": {"code": "Lk-1/K2", "reg": "xx-kesz"}, "geometry": {"type": "Point", "coordinates": [19.1066887, 47.4334527]}}, {"type": "Feature", "properties": {"code": "Gksz-2/2", "reg": "xx-kesz"}, "geometry": {"type": "Point", "coordinates": [19.0995212, 47.4290205]}}, {"type": "Feature", "properties": {"code": "Vi-2/AE5", "reg": "xx-kesz"}, "geometry": {"type": "Point", "coordinates": [19.1138834, 47.4297117]}}, {"type": "Feature", "properties": {"code": "Lke-1/K1", "reg": "xx-kesz"}, "geometry": {"type": "Point", "coordinates": [19.1164775, 47.4256637]}}, {"type": "Feature", "properties": {"code": "Lke-1/K1", "reg": "xx-kesz"}, "geometry": {"type": "Point", "coordinates": [19.1200641, 47.4237048]}}, {"type": "Feature", "properties": {"code": "Ln-T/SZ3", "reg": "xx-kesz"}, "geometry": {"type": "Point", "coordinates": [19.1073078, 47.4224301]}}, {"type": "Feature", "properties": {"code": "Lke-1/K1", "reg": "xx-kesz"}, "geometry": {"type": "Point", "coordinates": [19.1177436, 47.4506646]}}, {"type": "Feature", "properties": {"code": "Lke-1/K1", "reg": "xx-kesz"}, "geometry": {"type": "Point", "coordinates": [19.1187782, 47.4496769]}}, {"type": "Feature", "properties": {"code": "Lke-1/K2", "reg": "xx-kesz"}, "geometry": {"type": "Point", "coordinates": [19.109496, 47.4469599]}}, {"type": "Feature", "properties": {"code": "Lk-1/K2", "reg": "xx-kesz"}, "geometry": {"type": "Point", "coordinates": [19.106135, 47.4461582]}}, {"type": "Feature", "properties": {"code": "Lk-1/K2", "reg": "xx-kesz"}, "geometry": {"type": "Point", "coordinates": [19.115941, 47.4395736]}}, {"type": "Feature", "properties": {"code": "Ln-T/SZ3", "reg": "xx-kesz"}, "geometry": {"type": "Point", "coordinates": [19.1020782, 47.4351607]}}, {"type": "Feature", "properties": {"code": "Ln-T/KSZ", "reg": "xx-kesz"}, "geometry": {"type": "Point", "coordinates": [19.1076556, 47.4351672]}}, {"type": "Feature", "properties": {"code": "Vi-2/AE1", "reg": "xx-kesz"}, "geometry": {"type": "Point", "coordinates": [19.1109909, 47.432672]}}, {"type": "Feature", "properties": {"code": "Vi-2/L-SZ2", "reg": "xx-kesz"}, "geometry": {"type": "Point", "coordinates": [19.1128162, 47.4313927]}}, {"type": "Feature", "properties": {"code": "Lk-1/SZ3", "reg": "xx-kesz"}, "geometry": {"type": "Point", "coordinates": [19.118398, 47.4322799]}}, {"type": "Feature", "properties": {"code": "Lke-1/K1", "reg": "xx-kesz"}, "geometry": {"type": "Point", "coordinates": [19.1219583, 47.428201]}}, {"type": "Feature", "properties": {"code": "Lk-1/K2", "reg": "xx-kesz"}, "geometry": {"type": "Point", "coordinates": [19.1110586, 47.4266692]}}, {"type": "Feature", "properties": {"code": "Vi-2/L-Z1", "reg": "xx-kesz"}, "geometry": {"type": "Point", "coordinates": [19.1107154, 47.4524265]}}, {"type": "Feature", "properties": {"code": "Lk-1/K2", "reg": "xx-kesz"}, "geometry": {"type": "Point", "coordinates": [19.1049652, 47.4469625]}}, {"type": "Feature", "properties": {"code": "Lke-1/K2", "reg": "xx-kesz"}, "geometry": {"type": "Point", "coordinates": [19.1183263, 47.4497878]}}, {"type": "Feature", "properties": {"code": "Lke-1/K1", "reg": "xx-kesz"}, "geometry": {"type": "Point", "coordinates": [19.1148038, 47.446381]}}, {"type": "Feature", "properties": {"code": "Lke-1/K1", "reg": "xx-kesz"}, "geometry": {"type": "Point", "coordinates": [19.1219995, 47.4466044]}}, {"type": "Feature", "properties": {"code": "Lke-1/K1", "reg": "xx-kesz"}, "geometry": {"type": "Point", "coordinates": [19.1233367, 47.4465322]}}, {"type": "Feature", "properties": {"code": "Lke-1/K1", "reg": "xx-kesz"}, "geometry": {"type": "Point", "coordinates": [19.1235055, 47.4447782]}}, {"type": "Feature", "properties": {"code": "Ln-T/SZ1", "reg": "xx-kesz"}, "geometry": {"type": "Point", "coordinates": [19.0977368, 47.442444]}}, {"type": "Feature", "properties": {"code": "Lk-1/K2", "reg": "xx-kesz"}, "geometry": {"type": "Point", "coordinates": [19.1052357, 47.4409734]}}, {"type": "Feature", "properties": {"code": "Lke-1/K1", "reg": "xx-kesz"}, "geometry": {"type": "Point", "coordinates": [19.1231318, 47.4426508]}}, {"type": "Feature", "properties": {"code": "Ln-T/SZ3", "reg": "xx-kesz"}, "geometry": {"type": "Point", "coordinates": [19.0987239, 47.4355981]}}, {"type": "Feature", "properties": {"code": "Kt-Zk-3", "reg": "xx-kesz"}, "geometry": {"type": "Point", "coordinates": [19.0997899, 47.4348166]}}, {"type": "Feature", "properties": {"code": "Vi-2/L-SZ1", "reg": "xx-kesz"}, "geometry": {"type": "Point", "coordinates": [19.0946288, 47.4347559]}}, {"type": "Feature", "properties": {"code": "Lk-T/3", "reg": "xx-kesz"}, "geometry": {"type": "Point", "coordinates": [19.0938402, 47.4345417]}}, {"type": "Feature", "properties": {"code": "Ln-T/SZ1", "reg": "xx-kesz"}, "geometry": {"type": "Point", "coordinates": [19.1001471, 47.4376382]}}, {"type": "Feature", "properties": {"code": "Ln-T/AE", "reg": "xx-kesz"}, "geometry": {"type": "Point", "coordinates": [19.1038365, 47.4360541]}}, {"type": "Feature", "properties": {"code": "Ln-T/SZ1", "reg": "xx-kesz"}, "geometry": {"type": "Point", "coordinates": [19.1081269, 47.4359514]}}, {"type": "Feature", "properties": {"code": "Lk-1/AE", "reg": "xx-kesz"}, "geometry": {"type": "Point", "coordinates": [19.119566, 47.4381481]}}, {"type": "Feature", "properties": {"code": "Lk-1/K2", "reg": "xx-kesz"}, "geometry": {"type": "Point", "coordinates": [19.1195886, 47.4370013]}}, {"type": "Feature", "properties": {"code": "Ln-T/SZ2", "reg": "xx-kesz"}, "geometry": {"type": "Point", "coordinates": [19.0991886, 47.4351413]}}, {"type": "Feature", "properties": {"code": "Lk-1/K2", "reg": "xx-kesz"}, "geometry": {"type": "Point", "coordinates": [19.1011869, 47.4340966]}}, {"type": "Feature", "properties": {"code": "Vi-2/AE4", "reg": "xx-kesz"}, "geometry": {"type": "Point", "coordinates": [19.1021913, 47.4338578]}}, {"type": "Feature", "properties": {"code": "Lk-2/K", "reg": "xx-kesz"}, "geometry": {"type": "Point", "coordinates": [19.1033973, 47.4336642]}}, {"type": "Feature", "properties": {"code": "Vi-2/AE3", "reg": "xx-kesz"}, "geometry": {"type": "Point", "coordinates": [19.1013569, 47.433083]}}, {"type": "Feature", "properties": {"code": "Lk-1/K2", "reg": "xx-kesz"}, "geometry": {"type": "Point", "coordinates": [19.1199149, 47.4351166]}}, {"type": "Feature", "properties": {"code": "Lke-1/K2", "reg": "xx-kesz"}, "geometry": {"type": "Point", "coordinates": [19.1190284, 47.4317826]}}, {"type": "Feature", "properties": {"code": "Lk-1/K2", "reg": "xx-kesz"}, "geometry": {"type": "Point", "coordinates": [19.1105404, 47.4271378]}}, {"type": "Feature", "properties": {"code": "Lk-1/K2", "reg": "xx-kesz"}, "geometry": {"type": "Point", "coordinates": [19.1115457, 47.4261351]}}, {"type": "Feature", "properties": {"code": "Lke-1/K1", "reg": "xx-kesz"}, "geometry": {"type": "Point", "coordinates": [19.1179391, 47.4240562]}}, {"type": "Feature", "properties": {"code": "Lke-1/K1", "reg": "xx-kesz"}, "geometry": {"type": "Point", "coordinates": [19.1159492, 47.423799]}}, {"type": "Feature", "properties": {"code": "Lke-1/K2", "reg": "xx-kesz"}, "geometry": {"type": "Point", "coordinates": [19.1205708, 47.4257821]}}, {"type": "Feature", "properties": {"code": "Lke-1/K1", "reg": "xx-kesz"}, "geometry": {"type": "Point", "coordinates": [19.1208509, 47.4484695]}}, {"type": "Feature", "properties": {"code": "Lke-1/K1", "reg": "xx-kesz"}, "geometry": {"type": "Point", "coordinates": [19.1178827, 47.4474533]}}, {"type": "Feature", "properties": {"code": "Lke-1/AE2", "reg": "xx-kesz"}, "geometry": {"type": "Point", "coordinates": [19.1230698, 47.4441832]}}, {"type": "Feature", "properties": {"code": "Ln-T/Z", "reg": "xx-kesz"}, "geometry": {"type": "Point", "coordinates": [19.1015933, 47.4416278]}}, {"type": "Feature", "properties": {"code": "Ln-T/SZ3", "reg": "xx-kesz"}, "geometry": {"type": "Point", "coordinates": [19.1030397, 47.4360107]}}, {"type": "Feature", "properties": {"code": "Lk-1/K2", "reg": "xx-kesz"}, "geometry": {"type": "Point", "coordinates": [19.1097722, 47.4375135]}}, {"type": "Feature", "properties": {"code": "Lk-1/K2", "reg": "xx-kesz"}, "geometry": {"type": "Point", "coordinates": [19.1122145, 47.43573]}}, {"type": "Feature", "properties": {"code": "Ln-T/SZ3", "reg": "xx-kesz"}, "geometry": {"type": "Point", "coordinates": [19.1002834, 47.4347399]}}, {"type": "Feature", "properties": {"code": "Ln-T/SZ3", "reg": "xx-kesz"}, "geometry": {"type": "Point", "coordinates": [19.1012477, 47.4344571]}}, {"type": "Feature", "properties": {"code": "Lke-1/K2", "reg": "xx-kesz"}, "geometry": {"type": "Point", "coordinates": [19.1160093, 47.430629]}}, {"type": "Feature", "properties": {"code": "Gksz-2/3", "reg": "xx-kesz"}, "geometry": {"type": "Point", "coordinates": [19.1018563, 47.4309993]}}, {"type": "Feature", "properties": {"code": "Gksz-2/3", "reg": "xx-kesz"}, "geometry": {"type": "Point", "coordinates": [19.1050089, 47.4288417]}}, {"type": "Feature", "properties": {"code": "Gksz-2/7", "reg": "xx-kesz"}, "geometry": {"type": "Point", "coordinates": [19.0996192, 47.4271337]}}, {"type": "Feature", "properties": {"code": "Vi-2/L-K1", "reg": "xx-kesz"}, "geometry": {"type": "Point", "coordinates": [19.1093088, 47.429573]}}, {"type": "Feature", "properties": {"code": "Lk-1/K2", "reg": "xx-kesz"}, "geometry": {"type": "Point", "coordinates": [19.1118108, 47.4257386]}}, {"type": "Feature", "properties": {"code": "Lke-1/K2", "reg": "xx-kesz"}, "geometry": {"type": "Point", "coordinates": [19.1196102, 47.4225271]}}, {"type": "Feature", "properties": {"code": "Lk-1/K1", "reg": "xx-kesz"}, "geometry": {"type": "Point", "coordinates": [19.104051, 47.4476296]}}, {"type": "Feature", "properties": {"code": "Lke-1/K2", "reg": "xx-kesz"}, "geometry": {"type": "Point", "coordinates": [19.1232408, 47.4469237]}}, {"type": "Feature", "properties": {"code": "Lke-1/AE1", "reg": "xx-kesz"}, "geometry": {"type": "Point", "coordinates": [19.1236183, 47.4430412]}}, {"type": "Feature", "properties": {"code": "Vt-H/Lk1", "reg": "xx-kesz"}, "geometry": {"type": "Point", "coordinates": [19.110184, 47.4425062]}}, {"type": "Feature", "properties": {"code": "Lk-1/K2", "reg": "xx-kesz"}, "geometry": {"type": "Point", "coordinates": [19.1121501, 47.4387336]}}, {"type": "Feature", "properties": {"code": "Vt-H/Ln6", "reg": "xx-kesz"}, "geometry": {"type": "Point", "coordinates": [19.1018614, 47.43596]}}, {"type": "Feature", "properties": {"code": "Ln-T/SZ3", "reg": "xx-kesz"}, "geometry": {"type": "Point", "coordinates": [19.0996104, 47.4349826]}}, {"type": "Feature", "properties": {"code": "Ln-T/SZ3", "reg": "xx-kesz"}, "geometry": {"type": "Point", "coordinates": [19.1014835, 47.4348966]}}, {"type": "Feature", "properties": {"code": "Lk-1/K2", "reg": "xx-kesz"}, "geometry": {"type": "Point", "coordinates": [19.0994717, 47.4340019]}}, {"type": "Feature", "properties": {"code": "Lk-1/K2", "reg": "xx-kesz"}, "geometry": {"type": "Point", "coordinates": [19.1044847, 47.4321675]}}, {"type": "Feature", "properties": {"code": "Lke-1/K1", "reg": "xx-kesz"}, "geometry": {"type": "Point", "coordinates": [19.1241479, 47.4318535]}}, {"type": "Feature", "properties": {"code": "Gksz-2/3", "reg": "xx-kesz"}, "geometry": {"type": "Point", "coordinates": [19.104407, 47.4284674]}}, {"type": "Feature", "properties": {"code": "Gksz-2/8", "reg": "xx-kesz"}, "geometry": {"type": "Point", "coordinates": [19.1056764, 47.4279314]}}, {"type": "Feature", "properties": {"code": "Lk-1/K2", "reg": "xx-kesz"}, "geometry": {"type": "Point", "coordinates": [19.1083417, 47.4254358]}}, {"type": "Feature", "properties": {"code": "Lke-1/K1", "reg": "xx-kesz"}, "geometry": {"type": "Point", "coordinates": [19.1073417, 47.4482091]}}, {"type": "Feature", "properties": {"code": "Vi-3/SZ4", "reg": "xx-kesz"}, "geometry": {"type": "Point", "coordinates": [19.0995321, 47.4410886]}}, {"type": "Feature", "properties": {"code": "Vt-H/Lk2", "reg": "xx-kesz"}, "geometry": {"type": "Point", "coordinates": [19.1112303, 47.4428083]}}, {"type": "Feature", "properties": {"code": "Vi-2/L-K2", "reg": "xx-kesz"}, "geometry": {"type": "Point", "coordinates": [19.1214006, 47.442464]}}, {"type": "Feature", "properties": {"code": "Kt-Kgy", "reg": "xx-kesz"}, "geometry": {"type": "Point", "coordinates": [19.1029055, 47.4377494]}}, {"type": "Feature", "properties": {"code": "Lk-1/KSZ2", "reg": "xx-kesz"}, "geometry": {"type": "Point", "coordinates": [19.1161003, 47.4387053]}}, {"type": "Feature", "properties": {"code": "Lk-1/KSZ3", "reg": "xx-kesz"}, "geometry": {"type": "Point", "coordinates": [19.1171653, 47.4367968]}}, {"type": "Feature", "properties": {"code": "Lke-1/K1", "reg": "xx-kesz"}, "geometry": {"type": "Point", "coordinates": [19.1236825, 47.4374465]}}, {"type": "Feature", "properties": {"code": "Lk-1/K2", "reg": "xx-kesz"}, "geometry": {"type": "Point", "coordinates": [19.1136113, 47.4346984]}}, {"type": "Feature", "properties": {"code": "Kt-St", "reg": "xx-kesz"}, "geometry": {"type": "Point", "coordinates": [19.0915061, 47.4301374]}}, {"type": "Feature", "properties": {"code": "Ln-T/SZ3", "reg": "xx-kesz"}, "geometry": {"type": "Point", "coordinates": [19.1115332, 47.4236025]}}, {"type": "Feature", "properties": {"code": "Lk-1/K1", "reg": "xx-kesz"}, "geometry": {"type": "Point", "coordinates": [19.1032936, 47.4471183]}}, {"type": "Feature", "properties": {"code": "Lke-1/K2", "reg": "xx-kesz"}, "geometry": {"type": "Point", "coordinates": [19.1103965, 47.4495012]}}, {"type": "Feature", "properties": {"code": "Lke-1/K1", "reg": "xx-kesz"}, "geometry": {"type": "Point", "coordinates": [19.1200414, 47.448726]}}, {"type": "Feature", "properties": {"code": "Ln-T/SZ1", "reg": "xx-kesz"}, "geometry": {"type": "Point", "coordinates": [19.1035933, 47.4396476]}}, {"type": "Feature", "properties": {"code": "Vt-H/Lk2", "reg": "xx-kesz"}, "geometry": {"type": "Point", "coordinates": [19.1136382, 47.4418741]}}, {"type": "Feature", "properties": {"code": "Ln-T/SZ1", "reg": "xx-kesz"}, "geometry": {"type": "Point", "coordinates": [19.0988853, 47.4358838]}}, {"type": "Feature", "properties": {"code": "Ln-T/KSZ", "reg": "xx-kesz"}, "geometry": {"type": "Point", "coordinates": [19.1009664, 47.4367141]}}, {"type": "Feature", "properties": {"code": "Kt-Zk-3", "reg": "xx-kesz"}, "geometry": {"type": "Point", "coordinates": [19.1014744, 47.4347094]}}, {"type": "Feature", "properties": {"code": "Lk-1/K2", "reg": "xx-kesz"}, "geometry": {"type": "Point", "coordinates": [19.1170427, 47.4389098]}}, {"type": "Feature", "properties": {"code": "Ln-T/SZ1", "reg": "xx-kesz"}, "geometry": {"type": "Point", "coordinates": [19.0980387, 47.4342961]}}, {"type": "Feature", "properties": {"code": "Lk-1/K2", "reg": "xx-kesz"}, "geometry": {"type": "Point", "coordinates": [19.1082707, 47.4320231]}}, {"type": "Feature", "properties": {"code": "Lk-1/K2", "reg": "xx-kesz"}, "geometry": {"type": "Point", "coordinates": [19.1051593, 47.4302814]}}, {"type": "Feature", "properties": {"code": "Ln-T/SZ3", "reg": "xx-kesz"}, "geometry": {"type": "Point", "coordinates": [19.1101892, 47.4233487]}}, {"type": "Feature", "properties": {"code": "Lke-1/K1", "reg": "xx-kesz"}, "geometry": {"type": "Point", "coordinates": [19.116573, 47.4506188]}}, {"type": "Feature", "properties": {"code": "Lke-1/K1", "reg": "xx-kesz"}, "geometry": {"type": "Point", "coordinates": [19.1119984, 47.4453972]}}, {"type": "Feature", "properties": {"code": "Lke-1/K1", "reg": "xx-kesz"}, "geometry": {"type": "Point", "coordinates": [19.1145301, 47.4435455]}}, {"type": "Feature", "properties": {"code": "Vi-3/SZ4", "reg": "xx-kesz"}, "geometry": {"type": "Point", "coordinates": [19.0994197, 47.4425851]}}, {"type": "Feature", "properties": {"code": "Ln-T/SZ1", "reg": "xx-kesz"}, "geometry": {"type": "Point", "coordinates": [19.1024599, 47.4388715]}}, {"type": "Feature", "properties": {"code": "Lk-1/K2", "reg": "xx-kesz"}, "geometry": {"type": "Point", "coordinates": [19.118624, 47.4380458]}}, {"type": "Feature", "properties": {"code": "Lk-T/3", "reg": "xx-kesz"}, "geometry": {"type": "Point", "coordinates": [19.0943871, 47.4334828]}}, {"type": "Feature", "properties": {"code": "Lk-1/K2", "reg": "xx-kesz"}, "geometry": {"type": "Point", "coordinates": [19.1087711, 47.4345688]}}, {"type": "Feature", "properties": {"code": "Lk-1/K2", "reg": "xx-kesz"}, "geometry": {"type": "Point", "coordinates": [19.1175571, 47.4318811]}}, {"type": "Feature", "properties": {"code": "Lk-1/K2", "reg": "xx-kesz"}, "geometry": {"type": "Point", "coordinates": [19.1101054, 47.4275484]}}, {"type": "Feature", "properties": {"code": "Zkp-Kk-1", "reg": "xx-kesz"}, "geometry": {"type": "Point", "coordinates": [19.1141504, 47.4295925]}}, {"type": "Feature", "properties": {"code": "Ln-T/KSZ", "reg": "xx-kesz"}, "geometry": {"type": "Point", "coordinates": [19.1108316, 47.4242619]}}, {"type": "Feature", "properties": {"code": "Lk-1/K2", "reg": "xx-kesz"}, "geometry": {"type": "Point", "coordinates": [19.1124897, 47.4249163]}}, {"type": "Feature", "properties": {"code": "Lke-1/K2", "reg": "xx-kesz"}, "geometry": {"type": "Point", "coordinates": [19.1215435, 47.4208512]}}, {"type": "Feature", "properties": {"code": "Lke-1/K2", "reg": "xx-kesz"}, "geometry": {"type": "Point", "coordinates": [19.1082311, 47.4499103]}}, {"type": "Feature", "properties": {"code": "Lk-1/KSZ2", "reg": "xx-kesz"}, "geometry": {"type": "Point", "coordinates": [19.1014746, 47.446454]}}, {"type": "Feature", "properties": {"code": "Lk-1/K1", "reg": "xx-kesz"}, "geometry": {"type": "Point", "coordinates": [19.1006647, 47.4451867]}}, {"type": "Feature", "properties": {"code": "Ln-T/SZ1", "reg": "xx-kesz"}, "geometry": {"type": "Point", "coordinates": [19.1010174, 47.4411985]}}, {"type": "Feature", "properties": {"code": "Ln-T/SZ1", "reg": "xx-kesz"}, "geometry": {"type": "Point", "coordinates": [19.0987566, 47.4372389]}}, {"type": "Feature", "properties": {"code": "Ln-T/SZ1", "reg": "xx-kesz"}, "geometry": {"type": "Point", "coordinates": [19.0965031, 47.4362313]}}, {"type": "Feature", "properties": {"code": "Vi-3/SZ2", "reg": "xx-kesz"}, "geometry": {"type": "Point", "coordinates": [19.1070298, 47.4376495]}}, {"type": "Feature", "properties": {"code": "Lk-1/K2", "reg": "xx-kesz"}, "geometry": {"type": "Point", "coordinates": [19.1103318, 47.437059]}}, {"type": "Feature", "properties": {"code": "Lk-2/SZ", "reg": "xx-kesz"}, "geometry": {"type": "Point", "coordinates": [19.1076164, 47.4267377]}}, {"type": "Feature", "properties": {"code": "Lke-1/K1", "reg": "xx-kesz"}, "geometry": {"type": "Point", "coordinates": [19.1125384, 47.4479912]}}, {"type": "Feature", "properties": {"code": "Lk-1/KSZ2", "reg": "xx-kesz"}, "geometry": {"type": "Point", "coordinates": [19.0994292, 47.4451002]}}, {"type": "Feature", "properties": {"code": "Lk-1/K2", "reg": "xx-kesz"}, "geometry": {"type": "Point", "coordinates": [19.1162053, 47.4453005]}}, {"type": "Feature", "properties": {"code": "Lk-1/K2", "reg": "xx-kesz"}, "geometry": {"type": "Point", "coordinates": [19.1023175, 47.4426566]}}, {"type": "Feature", "properties": {"code": "Lk-1/K2", "reg": "xx-kesz"}, "geometry": {"type": "Point", "coordinates": [19.1101984, 47.4433251]}}, {"type": "Feature", "properties": {"code": "Lke-1/KSZ2", "reg": "xx-kesz"}, "geometry": {"type": "Point", "coordinates": [19.1183986, 47.4398352]}}, {"type": "Feature", "properties": {"code": "Ln-T/AE", "reg": "xx-kesz"}, "geometry": {"type": "Point", "coordinates": [19.0978486, 47.4356432]}}, {"type": "Feature", "properties": {"code": "Ln-T/SZ1", "reg": "xx-kesz"}, "geometry": {"type": "Point", "coordinates": [19.1036835, 47.4370318]}}, {"type": "Feature", "properties": {"code": "Ln-T/SZ3", "reg": "xx-kesz"}, "geometry": {"type": "Point", "coordinates": [19.1023657, 47.4353826]}}, {"type": "Feature", "properties": {"code": "Lk-1/K2", "reg": "xx-kesz"}, "geometry": {"type": "Point", "coordinates": [19.1214022, 47.4359941]}}, {"type": "Feature", "properties": {"code": "Kt-Zk-2", "reg": "xx-kesz"}, "geometry": {"type": "Point", "coordinates": [19.0916111, 47.434173]}}, {"type": "Feature", "properties": {"code": "Lk-1/K2", "reg": "xx-kesz"}, "geometry": {"type": "Point", "coordinates": [19.1057614, 47.4328904]}}, {"type": "Feature", "properties": {"code": "Lk-1/AE", "reg": "xx-kesz"}, "geometry": {"type": "Point", "coordinates": [19.1068356, 47.4319642]}}, {"type": "Feature", "properties": {"code": "Lk-1/K2", "reg": "xx-kesz"}, "geometry": {"type": "Point", "coordinates": [19.1077491, 47.4313245]}}, {"type": "Feature", "properties": {"code": "Lke-1/K1", "reg": "xx-kesz"}, "geometry": {"type": "Point", "coordinates": [19.1238277, 47.4266559]}}, {"type": "Feature", "properties": {"code": "Lke-1/K1", "reg": "xx-kesz"}, "geometry": {"type": "Point", "coordinates": [19.1088148, 47.4496167]}}, {"type": "Feature", "properties": {"code": "Lke-1/K1", "reg": "xx-kesz"}, "geometry": {"type": "Point", "coordinates": [19.1154503, 47.4491495]}}, {"type": "Feature", "properties": {"code": "Lke-1/K1", "reg": "xx-kesz"}, "geometry": {"type": "Point", "coordinates": [19.1185799, 47.4469517]}}, {"type": "Feature", "properties": {"code": "Ln-T/SZ1", "reg": "xx-kesz"}, "geometry": {"type": "Point", "coordinates": [19.1003894, 47.4413475]}}, {"type": "Feature", "properties": {"code": "Lke-1/K1", "reg": "xx-kesz"}, "geometry": {"type": "Point", "coordinates": [19.123679, 47.4402939]}}, {"type": "Feature", "properties": {"code": "Ln-T/SZ1", "reg": "xx-kesz"}, "geometry": {"type": "Point", "coordinates": [19.0974922, 47.4385928]}}, {"type": "Feature", "properties": {"code": "Ln-T/SZ1", "reg": "xx-kesz"}, "geometry": {"type": "Point", "coordinates": [19.1040352, 47.4366813]}}, {"type": "Feature", "properties": {"code": "Lk-T/3", "reg": "xx-kesz"}, "geometry": {"type": "Point", "coordinates": [19.0932042, 47.4338996]}}, {"type": "Feature", "properties": {"code": "Lk-1/K2", "reg": "xx-kesz"}, "geometry": {"type": "Point", "coordinates": [19.1097962, 47.4337935]}}, {"type": "Feature", "properties": {"code": "Lk-1/K2", "reg": "xx-kesz"}, "geometry": {"type": "Point", "coordinates": [19.1119158, 47.4335917]}}, {"type": "Feature", "properties": {"code": "Lke-1/K1", "reg": "xx-kesz"}, "geometry": {"type": "Point", "coordinates": [19.1158541, 47.426248]}}, {"type": "Feature", "properties": {"code": "Lk-1/K2", "reg": "xx-kesz"}, "geometry": {"type": "Point", "coordinates": [19.107064, 47.4228567]}}, {"type": "Feature", "properties": {"code": "Lke-1/K1", "reg": "xx-kesz"}, "geometry": {"type": "Point", "coordinates": [19.1206623, 47.4215838]}}, {"type": "Feature", "properties": {"code": "Lke-1/K1", "reg": "xx-kesz"}, "geometry": {"type": "Point", "coordinates": [19.1132114, 47.4509555]}}, {"type": "Feature", "properties": {"code": "Lk-1/K2", "reg": "xx-kesz"}, "geometry": {"type": "Point", "coordinates": [19.1044626, 47.4463115]}}, {"type": "Feature", "properties": {"code": "Lke-1/K1", "reg": "xx-kesz"}, "geometry": {"type": "Point", "coordinates": [19.1212605, 47.4470699]}}, {"type": "Feature", "properties": {"code": "Lke-1/K1", "reg": "xx-kesz"}, "geometry": {"type": "Point", "coordinates": [19.1213623, 47.444992]}}, {"type": "Feature", "properties": {"code": "Ln-T/SZ1", "reg": "xx-kesz"}, "geometry": {"type": "Point", "coordinates": [19.1050484, 47.435089]}}, {"type": "Feature", "properties": {"code": "Ln-T/SZ3", "reg": "xx-kesz"}, "geometry": {"type": "Point", "coordinates": [19.1103419, 47.424662]}}, {"type": "Feature", "properties": {"code": "Lke-1/K1", "reg": "xx-kesz"}, "geometry": {"type": "Point", "coordinates": [19.1175029, 47.4246615]}}, {"type": "Feature", "properties": {"code": "Ln-T/SZ1", "reg": "xx-kesz"}, "geometry": {"type": "Point", "coordinates": [19.098419, 47.44027]}}, {"type": "Feature", "properties": {"code": "Ln-T/SZ1", "reg": "xx-kesz"}, "geometry": {"type": "Point", "coordinates": [19.0997652, 47.4367591]}}, {"type": "Feature", "properties": {"code": "Lke-1/K2", "reg": "xx-kesz"}, "geometry": {"type": "Point", "coordinates": [19.119579, 47.4199362]}}, {"type": "Feature", "properties": {"code": "Ln-T/SZ1", "reg": "xx-kesz"}, "geometry": {"type": "Point", "coordinates": [19.1035629, 47.4405321]}}, {"type": "Feature", "properties": {"code": "Kt-Zk-1", "reg": "xx-kesz"}, "geometry": {"type": "Point", "coordinates": [19.1128462, 47.4401421]}}, {"type": "Feature", "properties": {"code": "Lk-T/3", "reg": "xx-kesz"}, "geometry": {"type": "Point", "coordinates": [19.1133293, 47.4401416]}}, {"type": "Feature", "properties": {"code": "Lke-1/KSZ2", "reg": "xx-kesz"}, "geometry": {"type": "Point", "coordinates": [19.1181926, 47.4420559]}}, {"type": "Feature", "properties": {"code": "Vi-3/SZ5", "reg": "xx-kesz"}, "geometry": {"type": "Point", "coordinates": [19.1054522, 47.4369575]}}, {"type": "Feature", "properties": {"code": "Ln-T/SZ2", "reg": "xx-kesz"}, "geometry": {"type": "Point", "coordinates": [19.1005283, 47.4359993]}}, {"type": "Feature", "properties": {"code": "Lke-1/K1", "reg": "xx-kesz"}, "geometry": {"type": "Point", "coordinates": [19.1101937, 47.4486508]}}, {"type": "Feature", "properties": {"code": "Kt-Fk-1", "reg": "xx-kesz"}, "geometry": {"type": "Point", "coordinates": [19.0952149, 47.437507]}}, {"type": "Feature", "properties": {"code": "Ln-T/SZ1", "reg": "xx-kesz"}, "geometry": {"type": "Point", "coordinates": [19.0973739, 47.4364645]}}, {"type": "Feature", "properties": {"code": "Ln-T/KSZ", "reg": "xx-kesz"}, "geometry": {"type": "Point", "coordinates": [19.0997297, 47.4333901]}}, {"type": "Feature", "properties": {"code": "Ln-T/SZ3", "reg": "xx-kesz"}, "geometry": {"type": "Point", "coordinates": [19.1008977, 47.4341929]}}, {"type": "Feature", "properties": {"code": "Lk-1/K2", "reg": "xx-kesz"}, "geometry": {"type": "Point", "coordinates": [19.1143016, 47.4351246]}}, {"type": "Feature", "properties": {"code": "Lke-1/AE3", "reg": "xx-kesz"}, "geometry": {"type": "Point", "coordinates": [19.1195981, 47.4206276]}}, {"type": "Feature", "properties": {"code": "Lke-1/K2", "reg": "xx-kesz"}, "geometry": {"type": "Point", "coordinates": [19.1104881, 47.4491077]}}, {"type": "Feature", "properties": {"code": "Ln-T/SZ2", "reg": "xx-kesz"}, "geometry": {"type": "Point", "coordinates": [19.0952329, 47.440983]}}, {"type": "Feature", "properties": {"code": "Vt-H/Ln-KSZ", "reg": "xx-kesz"}, "geometry": {"type": "Point", "coordinates": [19.1021733, 47.4377437]}}, {"type": "Feature", "properties": {"code": "Lk-1/K2", "reg": "xx-kesz"}, "geometry": {"type": "Point", "coordinates": [19.114845, 47.4373934]}}, {"type": "Feature", "properties": {"code": "Ln-T/KSZ", "reg": "xx-kesz"}, "geometry": {"type": "Point", "coordinates": [19.0946959, 47.4387695]}}, {"type": "Feature", "properties": {"code": "Lk-1/K2", "reg": "xx-kesz"}, "geometry": {"type": "Point", "coordinates": [19.1045845, 47.441482]}}, {"type": "Feature", "properties": {"code": "Lk-T/3", "reg": "xx-kesz"}, "geometry": {"type": "Point", "coordinates": [19.094374, 47.4339609]}}, {"type": "Feature", "properties": {"code": "Lk-2/K", "reg": "xx-kesz"}, "geometry": {"type": "Point", "coordinates": [19.1036002, 47.4343491]}}, {"type": "Feature", "properties": {"code": "Lk-1/K2", "reg": "xx-kesz"}, "geometry": {"type": "Point", "coordinates": [19.1167499, 47.4314929]}}, {"type": "Feature", "properties": {"code": "Lk-1/KSZ2", "reg": "xx-kesz"}, "geometry": {"type": "Point", "coordinates": [19.1043947, 47.4484125]}}, {"type": "Feature", "properties": {"code": "Kt-St", "reg": "xx-kesz"}, "geometry": {"type": "Point", "coordinates": [19.089749, 47.4360161]}}, {"type": "Feature", "properties": {"code": "Ln-T/SZ3", "reg": "xx-kesz"}, "geometry": {"type": "Point", "coordinates": [19.1108363, 47.4234961]}}, {"type": "Feature", "properties": {"code": "Lke-1/SZ4", "reg": "xx-kesz"}, "geometry": {"type": "Point", "coordinates": [19.118764, 47.4186397]}}, {"type": "Feature", "properties": {"code": "Ln-T/SZ1", "reg": "xx-kesz"}, "geometry": {"type": "Point", "coordinates": [19.102713, 47.4403617]}}, {"type": "Feature", "properties": {"code": "Lk-1/K2", "reg": "xx-kesz"}, "geometry": {"type": "Point", "coordinates": [19.1153108, 47.4395622]}}, {"type": "Feature", "properties": {"code": "Ln-T/KSZ", "reg": "xx-kesz"}, "geometry": {"type": "Point", "coordinates": [19.1020869, 47.4348928]}}, {"type": "Feature", "properties": {"code": "Lk-1/K2", "reg": "xx-kesz"}, "geometry": {"type": "Point", "coordinates": [19.1092029, 47.4334315]}}, {"type": "Feature", "properties": {"code": "Lk-1/K2", "reg": "xx-kesz"}, "geometry": {"type": "Point", "coordinates": [19.1066803, 47.4316263]}}, {"type": "Feature", "properties": {"code": "Lk-1/K2", "reg": "xx-kesz"}, "geometry": {"type": "Point", "coordinates": [19.1200776, 47.4331324]}}, {"type": "Feature", "properties": {"code": "Ln-T/SZ3", "reg": "xx-kesz"}, "geometry": {"type": "Point", "coordinates": [19.1080729, 47.4228758]}}, {"type": "Feature", "properties": {"code": "Ln-T/SZ3", "reg": "xx-kesz"}, "geometry": {"type": "Point", "coordinates": [19.1087173, 47.4229043]}}, {"type": "Feature", "properties": {"code": "Kt-Zk-1", "reg": "xx-kesz"}, "geometry": {"type": "Point", "coordinates": [19.0961001, 47.4410823]}}, {"type": "Feature", "properties": {"code": "Lk-T/3", "reg": "xx-kesz"}, "geometry": {"type": "Point", "coordinates": [19.093421, 47.4335624]}}, {"type": "Feature", "properties": {"code": "Lke-1/K2", "reg": "xx-kesz"}, "geometry": {"type": "Point", "coordinates": [19.1150725, 47.4537463]}}, {"type": "Feature", "properties": {"code": "Lk-T/3", "reg": "xx-kesz"}, "geometry": {"type": "Point", "coordinates": [19.0928156, 47.4336426]}}, {"type": "Feature", "properties": {"code": "Lk-1/AE", "reg": "xx-kesz"}, "geometry": {"type": "Point", "coordinates": [19.1094331, 47.4323004]}}, {"type": "Feature", "properties": {"code": "Lk-1/K2", "reg": "xx-kesz"}, "geometry": {"type": "Point", "coordinates": [19.1230553, 47.4342547]}}, {"type": "Feature", "properties": {"code": "Lke-1/K1", "reg": "xx-kesz"}, "geometry": {"type": "Point", "coordinates": [19.114587, 47.4261274]}}, {"type": "Feature", "properties": {"code": "Kt-Fk-3", "reg": "xx-kesz"}, "geometry": {"type": "Point", "coordinates": [19.1038706, 47.4398451]}}, {"type": "Feature", "properties": {"code": "Ln-T/SZ1", "reg": "xx-kesz"}, "geometry": {"type": "Point", "coordinates": [19.1044341, 47.4398515]}}, {"type": "Feature", "properties": {"code": "Vt-H/Lk-KSZ", "reg": "xx-kesz"}, "geometry": {"type": "Point", "coordinates": [19.1120392, 47.4420494]}}, {"type": "Feature", "properties": {"code": "Vt-H/Lk2", "reg": "xx-kesz"}, "geometry": {"type": "Point", "coordinates": [19.1120302, 47.4408998]}}, {"type": "Feature", "properties": {"code": "Lk-1/SZ2", "reg": "xx-kesz"}, "geometry": {"type": "Point", "coordinates": [19.1042679, 47.4302818]}}, {"type": "Feature", "properties": {"code": "Vi-3/SZ1", "reg": "xx-kesz"}, "geometry": {"type": "Point", "coordinates": [19.1071966, 47.4370659]}}, {"type": "Feature", "properties": {"code": "Lke-1/K1", "reg": "xx-kesz"}, "geometry": {"type": "Point", "coordinates": [19.1230377, 47.4228169]}}, {"type": "Feature", "properties": {"code": "Lk-T/3", "reg": "xx-kesz"}, "geometry": {"type": "Point", "coordinates": [19.1139992, 47.4397205]}}, {"type": "Feature", "properties": {"code": "Lke-1/K1", "reg": "xx-kesz"}, "geometry": {"type": "Point", "coordinates": [19.1186486, 47.4193613]}}, {"type": "Feature", "properties": {"code": "Vt-H/Lk2", "reg": "xx-kesz"}, "geometry": {"type": "Point", "coordinates": [19.1132534, 47.4424667]}}, {"type": "Feature", "properties": {"code": "Ln-T/SZ1", "reg": "xx-kesz"}, "geometry": {"type": "Point", "coordinates": [19.1044231, 47.4364526]}}, {"type": "Feature", "properties": {"code": "Ln-T/SZ1", "reg": "xx-kesz"}, "geometry": {"type": "Point", "coordinates": [19.1087231, 47.4364462]}}, {"type": "Feature", "properties": {"code": "Lk-1/K1", "reg": "xx-kesz"}, "geometry": {"type": "Point", "coordinates": [19.1156403, 47.4457911]}}, {"type": "Feature", "properties": {"code": "Ln-T/KSZ", "reg": "xx-kesz"}, "geometry": {"type": "Point", "coordinates": [19.0966023, 47.4403196]}}, {"type": "Feature", "properties": {"code": "Ln-T/AE", "reg": "xx-kesz"}, "geometry": {"type": "Point", "coordinates": [19.0958522, 47.438699]}}, {"type": "Feature", "properties": {"code": "Ln-T/SZ1", "reg": "xx-kesz"}, "geometry": {"type": "Point", "coordinates": [19.0964688, 47.4386941]}}, {"type": "Feature", "properties": {"code": "Lk-1/K2", "reg": "xx-kesz"}, "geometry": {"type": "Point", "coordinates": [19.1090634, 47.4285116]}}, {"type": "Feature", "properties": {"code": "Lk-1/K2", "reg": "xx-kesz"}, "geometry": {"type": "Point", "coordinates": [19.1069094, 47.4456076]}}, {"type": "Feature", "properties": {"code": "Lk-1/K2", "reg": "xx-kesz"}, "geometry": {"type": "Point", "coordinates": [19.1052846, 47.4427759]}}, {"type": "Feature", "properties": {"code": "Vt-H/Lk2", "reg": "xx-kesz"}, "geometry": {"type": "Point", "coordinates": [19.11167, 47.4413554]}}, {"type": "Feature", "properties": {"code": "Lk-T/3", "reg": "xx-kesz"}, "geometry": {"type": "Point", "coordinates": [19.0917028, 47.4353069]}}, {"type": "Feature", "properties": {"code": "Lk-1/K2", "reg": "xx-kesz"}, "geometry": {"type": "Point", "coordinates": [19.1133737, 47.4325858]}}, {"type": "Feature", "properties": {"code": "Lk-1/SZ1", "reg": "xx-kesz"}, "geometry": {"type": "Point", "coordinates": [19.1149372, 47.4399358]}}, {"type": "Feature", "properties": {"code": "Ln-T/KSZ", "reg": "xx-kesz"}, "geometry": {"type": "Point", "coordinates": [19.0961941, 47.4378378]}}, {"type": "Feature", "properties": {"code": "Lk-1/KSZ2", "reg": "xx-kesz"}, "geometry": {"type": "Point", "coordinates": [19.1036601, 47.4479106]}}, {"type": "Feature", "properties": {"code": "Lke-1/KSZ2", "reg": "xx-kesz"}, "geometry": {"type": "Point", "coordinates": [19.1136371, 47.4490295]}}, {"type": "Feature", "properties": {"code": "Lk-1/K1", "reg": "xx-kesz"}, "geometry": {"type": "Point", "coordinates": [19.1160212, 47.4456247]}}, {"type": "Feature", "properties": {"code": "Lk-T/3", "reg": "xx-kesz"}, "geometry": {"type": "Point", "coordinates": [19.1125885, 47.4407241]}}, {"type": "Feature", "properties": {"code": "Ln-T/SZ1", "reg": "xx-kesz"}, "geometry": {"type": "Point", "coordinates": [19.1006706, 47.437959]}}, {"type": "Feature", "properties": {"code": "Vi-2/Z", "reg": "xx-kesz"}, "geometry": {"type": "Point", "coordinates": [19.1012134, 47.4317994]}}, {"type": "Feature", "properties": {"code": "Lk-1/KSZ2", "reg": "xx-kesz"}, "geometry": {"type": "Point", "coordinates": [19.1001764, 47.4455617]}}, {"type": "Feature", "properties": {"code": "Lk-1/K2", "reg": "xx-kesz"}, "geometry": {"type": "Point", "coordinates": [19.1033369, 47.445181]}}, {"type": "Feature", "properties": {"code": "Lke-1/K1", "reg": "xx-kesz"}, "geometry": {"type": "Point", "coordinates": [19.1176699, 47.4448914]}}, {"type": "Feature", "properties": {"code": "Ln-T/SZ3", "reg": "xx-kesz"}, "geometry": {"type": "Point", "coordinates": [19.1026118, 47.4357601]}}, {"type": "Feature", "properties": {"code": "Kt-Zk-2", "reg": "xx-kesz"}, "geometry": {"type": "Point", "coordinates": [19.0926514, 47.4333519]}}, {"type": "Feature", "properties": {"code": "Lk-1/K2", "reg": "xx-kesz"}, "geometry": {"type": "Point", "coordinates": [19.1095555, 47.4245756]}}, {"type": "Feature", "properties": {"code": "Kt-Zk-3", "reg": "xx-kesz"}, "geometry": {"type": "Point", "coordinates": [19.0991035, 47.4348799]}}, {"type": "Feature", "properties": {"code": "Lk-2/AE2", "reg": "xx-kesz"}, "geometry": {"type": "Point", "coordinates": [19.1047833, 47.4338131]}}, {"type": "Feature", "properties": {"code": "Lk-1/K2", "reg": "xx-kesz"}, "geometry": {"type": "Point", "coordinates": [19.1088359, 47.4442574]}}, {"type": "Feature", "properties": {"code": "Lk-1/AE", "reg": "xx-kesz"}, "geometry": {"type": "Point", "coordinates": [19.1133636, 47.4258411]}}, {"type": "Feature", "properties": {"code": "Lk-1/K2", "reg": "xx-kesz"}, "geometry": {"type": "Point", "coordinates": [19.1076023, 47.4450871]}}, {"type": "Feature", "properties": {"code": "Lke-1/K1", "reg": "xx-kesz"}, "geometry": {"type": "Point", "coordinates": [19.1197256, 47.4300597]}}, {"type": "Feature", "properties": {"code": "Lk-1/K2", "reg": "xx-kesz"}, "geometry": {"type": "Point", "coordinates": [19.114774, 47.4316012]}}, {"type": "Feature", "properties": {"code": "Vt-H/Lk2", "reg": "xx-kesz"}, "geometry": {"type": "Point", "coordinates": [19.1085812, 47.4413012]}}, {"type": "Feature", "properties": {"code": "Lk-1/K2", "reg": "xx-kesz"}, "geometry": {"type": "Point", "coordinates": [19.1068471, 47.4238155]}}, {"type": "Feature", "properties": {"code": "Lk-T/3", "reg": "xx-kesz"}, "geometry": {"type": "Point", "coordinates": [19.0914987, 47.4345613]}}, {"type": "Feature", "properties": {"code": "Lk-1/K2", "reg": "xx-kesz"}, "geometry": {"type": "Point", "coordinates": [19.1142553, 47.4332039]}}, {"type": "Feature", "properties": {"code": "Lk-1/K2", "reg": "xx-kesz"}, "geometry": {"type": "Point", "coordinates": [19.1157125, 47.4341204]}}, {"type": "Feature", "properties": {"code": "Lk-T/3", "reg": "xx-kesz"}, "geometry": {"type": "Point", "coordinates": [19.0921029, 47.4329455]}}, {"type": "Feature", "properties": {"code": "Vi-2/SZ", "reg": "xx-kesz"}, "geometry": {"type": "Point", "coordinates": [19.0946025, 47.4352053]}}, {"type": "Feature", "properties": {"code": "Ln-T/KSZ", "reg": "xx-kesz"}, "geometry": {"type": "Point", "coordinates": [19.0962986, 47.4430034]}}, {"type": "Feature", "properties": {"code": "Lk-1/K2", "reg": "xx-kesz"}, "geometry": {"type": "Point", "coordinates": [19.1086273, 47.4329353]}}, {"type": "Feature", "properties": {"code": "Lk-1/K2", "reg": "xx-kesz"}, "geometry": {"type": "Point", "coordinates": [19.1062104, 47.4306036]}}, {"type": "Feature", "properties": {"code": "Lk-1/K2", "reg": "xx-kesz"}, "geometry": {"type": "Point", "coordinates": [19.1022178, 47.4459559]}}, {"type": "Feature", "properties": {"code": "Ln-T/SZ1", "reg": "xx-kesz"}, "geometry": {"type": "Point", "coordinates": [19.0982185, 47.4416689]}}, {"type": "Feature", "properties": {"code": "Lk-1/K1", "reg": "xx-kesz"}, "geometry": {"type": "Point", "coordinates": [19.099852, 47.4447373]}}, {"type": "Feature", "properties": {"code": "Vi-2/SZ", "reg": "xx-kesz"}, "geometry": {"type": "Point", "coordinates": [19.0938631, 47.4360503]}}, {"type": "Feature", "properties": {"code": "Lk-1/K2", "reg": "xx-kesz"}, "geometry": {"type": "Point", "coordinates": [19.1115098, 47.4392064]}}, {"type": "Feature", "properties": {"code": "Lke-1/SZ1", "reg": "xx-kesz"}, "geometry": {"type": "Point", "coordinates": [19.1184263, 47.4264214]}}, {"type": "Feature", "properties": {"code": "Lk-1/K1", "reg": "xx-kesz"}, "geometry": {"type": "Point", "coordinates": [19.1147678, 47.4444077]}}, {"type": "Feature", "properties": {"code": "Ln-T/SZ1", "reg": "xx-kesz"}, "geometry": {"type": "Point", "coordinates": [19.0961092, 47.4394714]}}, {"type": "Feature", "properties": {"code": "Lk-1/AE", "reg": "xx-kesz"}, "geometry": {"type": "Point", "coordinates": [19.1060875, 47.4436007]}}, {"type": "Feature", "properties": {"code": "Lk-1/K2", "reg": "xx-kesz"}, "geometry": {"type": "Point", "coordinates": [19.1138644, 47.4437595]}}, {"type": "Feature", "properties": {"code": "Lk-2/SZ", "reg": "xx-kesz"}, "geometry": {"type": "Point", "coordinates": [19.1041482, 47.4347824]}}, {"type": "Feature", "properties": {"code": "Lk-T/3", "reg": "xx-kesz"}, "geometry": {"type": "Point", "coordinates": [19.0923992, 47.4331933]}}, {"type": "Feature", "properties": {"code": "Lk-1/K2", "reg": "xx-kesz"}, "geometry": {"type": "Point", "coordinates": [19.1128804, 47.4341945]}}, {"type": "Feature", "properties": {"code": "Lk-1/K2", "reg": "xx-kesz"}, "geometry": {"type": "Point", "coordinates": [19.1153397, 47.4460471]}}, {"type": "Feature", "properties": {"code": "Ln-T/SZ4", "reg": "xx-kesz"}, "geometry": {"type": "Point", "coordinates": [19.0961411, 47.4423133]}}, {"type": "Feature", "properties": {"code": "Lk-1/K2", "reg": "xx-kesz"}, "geometry": {"type": "Point", "coordinates": [19.1045606, 47.4432841]}}, {"type": "Feature", "properties": {"code": "Vt-H/Lk2", "reg": "xx-kesz"}, "geometry": {"type": "Point", "coordinates": [19.1120225, 47.4429323]}}, {"type": "Feature", "properties": {"code": "Lk-T/3", "reg": "xx-kesz"}, "geometry": {"type": "Point", "coordinates": [19.0940319, 47.4342727]}}, {"type": "Feature", "properties": {"code": "Lk-1/K2", "reg": "xx-kesz"}, "geometry": {"type": "Point", "coordinates": [19.104603, 47.4443052]}}, {"type": "Feature", "properties": {"code": "Lk-1/K2", "reg": "xx-kesz"}, "geometry": {"type": "Point", "coordinates": [19.1171039, 47.4331238]}}, {"type": "Feature", "properties": {"code": "Lk-1/K2", "reg": "xx-kesz"}, "geometry": {"type": "Point", "coordinates": [19.1062648, 47.4428975]}}, {"type": "Feature", "properties": {"code": "Vi-2/KSZ", "reg": "xx-kesz"}, "geometry": {"type": "Point", "coordinates": [19.119491, 47.4217197]}}, {"type": "Feature", "properties": {"code": "Lk-1/K1", "reg": "xx-kesz"}, "geometry": {"type": "Point", "coordinates": [19.1013475, 47.4460266]}}, {"type": "Feature", "properties": {"code": "Lk-1/K2", "reg": "xx-kesz"}, "geometry": {"type": "Point", "coordinates": [19.1009383, 47.4437984]}}, {"type": "Feature", "properties": {"code": "Lk-T/3", "reg": "xx-kesz"}, "geometry": {"type": "Point", "coordinates": [19.0915379, 47.433041]}}, {"type": "Feature", "properties": {"code": "Lk-1/K2", "reg": "xx-kesz"}, "geometry": {"type": "Point", "coordinates": [19.1027573, 47.4455746]}}, {"type": "Feature", "properties": {"code": "Ln-T/SZ1", "reg": "xx-kesz"}, "geometry": {"type": "Point", "coordinates": [19.098802, 47.4398214]}}, {"type": "Feature", "properties": {"code": "Lk-1/K2", "reg": "xx-kesz"}, "geometry": {"type": "Point", "coordinates": [19.1156646, 47.4321996]}}, {"type": "Feature", "properties": {"code": "Ln-T/AE", "reg": "xx-kesz"}, "geometry": {"type": "Point", "coordinates": [19.10049, 47.435584]}}, {"type": "Feature", "properties": {"code": "Lk-1/K2", "reg": "xx-kesz"}, "geometry": {"type": "Point", "coordinates": [19.1189985, 47.4326576]}}, {"type": "Feature", "properties": {"code": "KÖu-2", "reg": "xx-kesz"}, "geometry": {"type": "Point", "coordinates": [19.1128717, 47.4542479]}}, {"type": "Feature", "properties": {"code": "KÖu-2", "reg": "xx-kesz"}, "geometry": {"type": "Point", "coordinates": [19.115475, 47.4539324]}}, {"type": "Feature", "properties": {"code": "Lke-1/K1", "reg": "xx-kesz"}, "geometry": {"type": "Point", "coordinates": [19.1113092, 47.4519872]}}, {"type": "Feature", "properties": {"code": "KÖu-2", "reg": "xx-kesz"}, "geometry": {"type": "Point", "coordinates": [19.1081645, 47.4511902]}}, {"type": "Feature", "properties": {"code": "Vi-2/L-Z1", "reg": "xx-kesz"}, "geometry": {"type": "Point", "coordinates": [19.1083688, 47.4509077]}}, {"type": "Feature", "properties": {"code": "Lke-1/K2", "reg": "xx-kesz"}, "geometry": {"type": "Point", "coordinates": [19.11312, 47.4505559]}}, {"type": "Feature", "properties": {"code": "Lke-1/K1", "reg": "xx-kesz"}, "geometry": {"type": "Point", "coordinates": [19.1195785, 47.4495221]}}, {"type": "Feature", "properties": {"code": "KÖu-2", "reg": "xx-kesz"}, "geometry": {"type": "Point", "coordinates": [19.1216556, 47.4494901]}}, {"type": "Feature", "properties": {"code": "Lke-1/K2", "reg": "xx-kesz"}, "geometry": {"type": "Point", "coordinates": [19.1170786, 47.4487639]}}, {"type": "Feature", "properties": {"code": "Lke-1/K2", "reg": "xx-kesz"}, "geometry": {"type": "Point", "coordinates": [19.1074501, 47.448671]}}, {"type": "Feature", "properties": {"code": "Lke-1/K1", "reg": "xx-kesz"}, "geometry": {"type": "Point", "coordinates": [19.1211417, 47.4479908]}}, {"type": "Feature", "properties": {"code": "Lke-1/K1", "reg": "xx-kesz"}, "geometry": {"type": "Point", "coordinates": [19.108008, 47.4479869]}}, {"type": "Feature", "properties": {"code": "Lke-1/K2", "reg": "xx-kesz"}, "geometry": {"type": "Point", "coordinates": [19.1131518, 47.4475618]}}, {"type": "Feature", "properties": {"code": "Lk-1/K2", "reg": "xx-kesz"}, "geometry": {"type": "Point", "coordinates": [19.1059793, 47.4473093]}}, {"type": "Feature", "properties": {"code": "KÖu-2", "reg": "xx-kesz"}, "geometry": {"type": "Point", "coordinates": [19.1017324, 47.4468769]}}, {"type": "Feature", "properties": {"code": "Lke-1/K1", "reg": "xx-kesz"}, "geometry": {"type": "Point", "coordinates": [19.1199266, 47.4459956]}}, {"type": "Feature", "properties": {"code": "Lke-1/K1", "reg": "xx-kesz"}, "geometry": {"type": "Point", "coordinates": [19.1206568, 47.4454953]}}, {"type": "Feature", "properties": {"code": "Lke-1/K1", "reg": "xx-kesz"}, "geometry": {"type": "Point", "coordinates": [19.1130326, 47.4449898]}}, {"type": "Feature", "properties": {"code": "KÖu-3", "reg": "xx-kesz"}, "geometry": {"type": "Point", "coordinates": [19.1242545, 47.4445675]}}, {"type": "Feature", "properties": {"code": "Lke-1/K2", "reg": "xx-kesz"}, "geometry": {"type": "Point", "coordinates": [19.1175339, 47.4444889]}}, {"type": "Feature", "properties": {"code": "KÖu-2", "reg": "xx-kesz"}, "geometry": {"type": "Point", "coordinates": [19.0979922, 47.4444128]}}, {"type": "Feature", "properties": {"code": "Lke-1/K1", "reg": "xx-kesz"}, "geometry": {"type": "Point", "coordinates": [19.1177495, 47.4441999]}}, {"type": "Feature", "properties": {"code": "Lk-1/K2", "reg": "xx-kesz"}, "geometry": {"type": "Point", "coordinates": [19.1094534, 47.4438187]}}, {"type": "Feature", "properties": {"code": "Lke-1/K1", "reg": "xx-kesz"}, "geometry": {"type": "Point", "coordinates": [19.1243635, 47.4434851]}}, {"type": "Feature", "properties": {"code": "Lke-1/K1", "reg": "xx-kesz"}, "geometry": {"type": "Point", "coordinates": [19.1201696, 47.4426342]}}, {"type": "Feature", "properties": {"code": "Vi-2/L-K2", "reg": "xx-kesz"}, "geometry": {"type": "Point", "coordinates": [19.1208344, 47.4425749]}}, {"type": "Feature", "properties": {"code": "KÖu-2", "reg": "xx-kesz"}, "geometry": {"type": "Point", "coordinates": [19.095049, 47.4424216]}}, {"type": "Feature", "properties": {"code": "Lk-1/K2", "reg": "xx-kesz"}, "geometry": {"type": "Point", "coordinates": [19.1070711, 47.4423235]}}, {"type": "Feature", "properties": {"code": "Lk-1/K2", "reg": "xx-kesz"}, "geometry": {"type": "Point", "coordinates": [19.1040043, 47.4419813]}}, {"type": "Feature", "properties": {"code": "Lk-1/K2", "reg": "xx-kesz"}, "geometry": {"type": "Point", "coordinates": [19.107915, 47.4417583]}}, {"type": "Feature", "properties": {"code": "KÖu-3", "reg": "xx-kesz"}, "geometry": {"type": "Point", "coordinates": [19.1195496, 47.4415026]}}, {"type": "Feature", "properties": {"code": "Lke-1/K2", "reg": "xx-kesz"}, "geometry": {"type": "Point", "coordinates": [19.1170135, 47.44139]}}, {"type": "Feature", "properties": {"code": "Lke-1/K1", "reg": "xx-kesz"}, "geometry": {"type": "Point", "coordinates": [19.122149, 47.4413677]}}, {"type": "Feature", "properties": {"code": "Lke-1/K1", "reg": "xx-kesz"}, "geometry": {"type": "Point", "coordinates": [19.1229374, 47.4408155]}}, {"type": "Feature", "properties": {"code": "Lk-1/K2", "reg": "xx-kesz"}, "geometry": {"type": "Point", "coordinates": [19.1097895, 47.4404461]}}, {"type": "Feature", "properties": {"code": "KÖu-3", "reg": "xx-kesz"}, "geometry": {"type": "Point", "coordinates": [19.1043987, 47.440293]}}, {"type": "Feature", "properties": {"code": "KÖu-2", "reg": "xx-kesz"}, "geometry": {"type": "Point", "coordinates": [19.0902581, 47.4400919]}}, {"type": "Feature", "properties": {"code": "Lke-1/K1", "reg": "xx-kesz"}, "geometry": {"type": "Point", "coordinates": [19.1201781, 47.440015]}}, {"type": "Feature", "properties": {"code": "Lke-1/Z", "reg": "xx-kesz"}, "geometry": {"type": "Point", "coordinates": [19.1244656, 47.439687]}}, {"type": "Feature", "properties": {"code": "Lk-1/K2", "reg": "xx-kesz"}, "geometry": {"type": "Point", "coordinates": [19.1109499, 47.4395953]}}, {"type": "Feature", "properties": {"code": "KÖu-3", "reg": "xx-kesz"}, "geometry": {"type": "Point", "coordinates": [19.1038219, 47.4391726]}}, {"type": "Feature", "properties": {"code": "KÖk", "reg": "xx-kesz"}, "geometry": {"type": "Point", "coordinates": [19.0935491, 47.4390671]}}, {"type": "Feature", "properties": {"code": "Vt-H/Ln1", "reg": "xx-kesz"}, "geometry": {"type": "Point", "coordinates": [19.1015314, 47.4384106]}}, {"type": "Feature", "properties": {"code": "Vi-3/Z2", "reg": "xx-kesz"}, "geometry": {"type": "Point", "coordinates": [19.1068538, 47.4381523]}}, {"type": "Feature", "properties": {"code": "Vt-H/Ln2", "reg": "xx-kesz"}, "geometry": {"type": "Point", "coordinates": [19.1055938, 47.4379748]}}, {"type": "Feature", "properties": {"code": "KÖu-2", "reg": "xx-kesz"}, "geometry": {"type": "Point", "coordinates": [19.0944132, 47.4379251]}}, {"type": "Feature", "properties": {"code": "KÖu-3", "reg": "xx-kesz"}, "geometry": {"type": "Point", "coordinates": [19.1138835, 47.4377036]}}, {"type": "Feature", "properties": {"code": "KÖk", "reg": "xx-kesz"}, "geometry": {"type": "Point", "coordinates": [19.0922608, 47.4375072]}}, {"type": "Feature", "properties": {"code": "KÖu-3", "reg": "xx-kesz"}, "geometry": {"type": "Point", "coordinates": [19.1007109, 47.4374934]}}, {"type": "Feature", "properties": {"code": "KÖu-3", "reg": "xx-kesz"}, "geometry": {"type": "Point", "coordinates": [19.0959084, 47.4370128]}}, {"type": "Feature", "properties": {"code": "Kt-Sv", "reg": "xx-kesz"}, "geometry": {"type": "Point", "coordinates": [19.0896316, 47.4366617]}}, {"type": "Feature", "properties": {"code": "Lk-1/K2", "reg": "xx-kesz"}, "geometry": {"type": "Point", "coordinates": [19.1160741, 47.4365236]}}, {"type": "Feature", "properties": {"code": "Lk-1/K2", "reg": "xx-kesz"}, "geometry": {"type": "Point", "coordinates": [19.120189, 47.436495]}}, {"type": "Feature", "properties": {"code": "Lk-1/K2", "reg": "xx-kesz"}, "geometry": {"type": "Point", "coordinates": [19.1134399, 47.4364955]}}, {"type": "Feature", "properties": {"code": "KÖu-3", "reg": "xx-kesz"}, "geometry": {"type": "Point", "coordinates": [19.0906906, 47.436271]}}, {"type": "Feature", "properties": {"code": "KÖu-3", "reg": "xx-kesz"}, "geometry": {"type": "Point", "coordinates": [19.1145148, 47.4358286]}}, {"type": "Feature", "properties": {"code": "Ln-T/SZ1", "reg": "xx-kesz"}, "geometry": {"type": "Point", "coordinates": [19.0960775, 47.4358048]}}, {"type": "Feature", "properties": {"code": "Ln-T/SZ1", "reg": "xx-kesz"}, "geometry": {"type": "Point", "coordinates": [19.1065394, 47.435578]}}, {"type": "Feature", "properties": {"code": "Ln-T/SZ3", "reg": "xx-kesz"}, "geometry": {"type": "Point", "coordinates": [19.107318, 47.4355682]}}, {"type": "Feature", "properties": {"code": "Lk-1/K2", "reg": "xx-kesz"}, "geometry": {"type": "Point", "coordinates": [19.1173137, 47.4352362]}}, {"type": "Feature", "properties": {"code": "Ln-T/SZ3", "reg": "xx-kesz"}, "geometry": {"type": "Point", "coordinates": [19.1003304, 47.4338743]}}, {"type": "Feature", "properties": {"code": "Lke-1/Z", "reg": "xx-kesz"}, "geometry": {"type": "Point", "coordinates": [19.1244906, 47.4338029]}}, {"type": "Feature", "properties": {"code": "KÖk", "reg": "xx-kesz"}, "geometry": {"type": "Point", "coordinates": [19.0971675, 47.4337353]}}, {"type": "Feature", "properties": {"code": "Lk-1/K2", "reg": "xx-kesz"}, "geometry": {"type": "Point", "coordinates": [19.1207004, 47.4335176]}}, {"type": "Feature", "properties": {"code": "Ln-T/SZ1", "reg": "xx-kesz"}, "geometry": {"type": "Point", "coordinates": [19.0989901, 47.4333899]}}, {"type": "Feature", "properties": {"code": "KÖu-3", "reg": "xx-kesz"}, "geometry": {"type": "Point", "coordinates": [19.1048877, 47.4332754]}}, {"type": "Feature", "properties": {"code": "Lk-T/3", "reg": "xx-kesz"}, "geometry": {"type": "Point", "coordinates": [19.092957, 47.4331813]}}, {"type": "Feature", "properties": {"code": "Ln-3/Z", "reg": "xx-kesz"}, "geometry": {"type": "Point", "coordinates": [19.0942439, 47.433128]}}, {"type": "Feature", "properties": {"code": "KÖu-3", "reg": "xx-kesz"}, "geometry": {"type": "Point", "coordinates": [19.1180267, 47.4330271]}}, {"type": "Feature", "properties": {"code": "Vi-2/L-K1", "reg": "xx-kesz"}, "geometry": {"type": "Point", "coordinates": [19.1103928, 47.4329738]}}, {"type": "Feature", "properties": {"code": "Ln-T/SZ3", "reg": "xx-kesz"}, "geometry": {"type": "Point", "coordinates": [19.1003664, 47.4328156]}}, {"type": "Feature", "properties": {"code": "KÖu-4", "reg": "xx-kesz"}, "geometry": {"type": "Point", "coordinates": [19.1119556, 47.4327948]}}, {"type": "Feature", "properties": {"code": "Lke-1/K1", "reg": "xx-kesz"}, "geometry": {"type": "Point", "coordinates": [19.120719, 47.4322466]}}, {"type": "Feature", "properties": {"code": "KÖu-3", "reg": "xx-kesz"}, "geometry": {"type": "Point", "coordinates": [19.1193816, 47.4320476]}}, {"type": "Feature", "properties": {"code": "KÖk", "reg": "xx-kesz"}, "geometry": {"type": "Point", "coordinates": [19.0993724, 47.4320163]}}, {"type": "Feature", "properties": {"code": "KÖu-3", "reg": "xx-kesz"}, "geometry": {"type": "Point", "coordinates": [19.1022325, 47.4314899]}}, {"type": "Feature", "properties": {"code": "Lk-1/K2", "reg": "xx-kesz"}, "geometry": {"type": "Point", "coordinates": [19.1054695, 47.4312354]}}, {"type": "Feature", "properties": {"code": "Lke-1/K1", "reg": "xx-kesz"}, "geometry": {"type": "Point", "coordinates": [19.1227021, 47.4310449]}}, {"type": "Feature", "properties": {"code": "KÖu-2", "reg": "xx-kesz"}, "geometry": {"type": "Point", "coordinates": [19.1008758, 47.4308937]}}, {"type": "Feature", "properties": {"code": "KÖu-4", "reg": "xx-kesz"}, "geometry": {"type": "Point", "coordinates": [19.1157604, 47.4308442]}}, {"type": "Feature", "properties": {"code": "KÖu-4", "reg": "xx-kesz"}, "geometry": {"type": "Point", "coordinates": [19.1150145, 47.4306771]}}, {"type": "Feature", "properties": {"code": "Lke-1/K1", "reg": "xx-kesz"}, "geometry": {"type": "Point", "coordinates": [19.1233003, 47.430615]}}, {"type": "Feature", "properties": {"code": "KÖu-4", "reg": "xx-kesz"}, "geometry": {"type": "Point", "coordinates": [19.1093102, 47.4305009]}}, {"type": "Feature", "properties": {"code": "Lk-1/K2", "reg": "xx-kesz"}, "geometry": {"type": "Point", "coordinates": [19.1071916, 47.4303551]}}, {"type": "Feature", "properties": {"code": "Lke-1/K1", "reg": "xx-kesz"}, "geometry": {"type": "Point", "coordinates": [19.1117588, 47.4301013]}}, {"type": "Feature", "properties": {"code": "Lke-1/K1", "reg": "xx-kesz"}, "geometry": {"type": "Point", "coordinates": [19.1151654, 47.4296205]}}, {"type": "Feature", "properties": {"code": "Lke-1/K1", "reg": "xx-kesz"}, "geometry": {"type": "Point", "coordinates": [19.1202989, 47.4296052]}}, {"type": "Feature", "properties": {"code": "Vi-2/L-K1", "reg": "xx-kesz"}, "geometry": {"type": "Point", "coordinates": [19.1079123, 47.4295587]}}, {"type": "Feature", "properties": {"code": "KÖu-2", "reg": "xx-kesz"}, "geometry": {"type": "Point", "coordinates": [19.1021574, 47.4292783]}}, {"type": "Feature", "properties": {"code": "Lke-1/K1", "reg": "xx-kesz"}, "geometry": {"type": "Point", "coordinates": [19.1125916, 47.4288367]}}, {"type": "Feature", "properties": {"code": "KÖu-3", "reg": "xx-kesz"}, "geometry": {"type": "Point", "coordinates": [19.1243999, 47.4285229]}}, {"type": "Feature", "properties": {"code": "Lk-1/K2", "reg": "xx-kesz"}, "geometry": {"type": "Point", "coordinates": [19.1095922, 47.4280323]}}, {"type": "Feature", "properties": {"code": "Lke-1/K2", "reg": "xx-kesz"}, "geometry": {"type": "Point", "coordinates": [19.1186772, 47.4276408]}}, {"type": "Feature", "properties": {"code": "KÖu-4", "reg": "xx-kesz"}, "geometry": {"type": "Point", "coordinates": [19.1201242, 47.4275153]}}, {"type": "Feature", "properties": {"code": "Lke-1/K1", "reg": "xx-kesz"}, "geometry": {"type": "Point", "coordinates": [19.1143956, 47.4269979]}}, {"type": "Feature", "properties": {"code": "Lke-1/K1", "reg": "xx-kesz"}, "geometry": {"type": "Point", "coordinates": [19.1231706, 47.4270001]}}, {"type": "Feature", "properties": {"code": "Lke-1/K1", "reg": "xx-kesz"}, "geometry": {"type": "Point", "coordinates": [19.1237155, 47.4258299]}}, {"type": "Feature", "properties": {"code": "Lk-1/K2", "reg": "xx-kesz"}, "geometry": {"type": "Point", "coordinates": [19.1085154, 47.4248828]}}, {"type": "Feature", "properties": {"code": "Lke-1/K1", "reg": "xx-kesz"}, "geometry": {"type": "Point", "coordinates": [19.1131859, 47.4246927]}}, {"type": "Feature", "properties": {"code": "Lke-1/K1", "reg": "xx-kesz"}, "geometry": {"type": "Point", "coordinates": [19.1137665, 47.424157]}}, {"type": "Feature", "properties": {"code": "KÖu-4", "reg": "xx-kesz"}, "geometry": {"type": "Point", "coordinates": [19.1167165, 47.423655]}}, {"type": "Feature", "properties": {"code": "Lke-1/K1", "reg": "xx-kesz"}, "geometry": {"type": "Point", "coordinates": [19.114334, 47.423655]}}, {"type": "Feature", "properties": {"code": "Lke-1/K2", "reg": "xx-kesz"}, "geometry": {"type": "Point", "coordinates": [19.1193092, 47.4232327]}}, {"type": "Feature", "properties": {"code": "Lke-1/K2", "reg": "xx-kesz"}, "geometry": {"type": "Point", "coordinates": [19.118377, 47.4231844]}}, {"type": "Feature", "properties": {"code": "Lk-1/K2", "reg": "xx-kesz"}, "geometry": {"type": "Point", "coordinates": [19.1058642, 47.4231381]}}, {"type": "Feature", "properties": {"code": "Lke-1/K1", "reg": "xx-kesz"}, "geometry": {"type": "Point", "coordinates": [19.1154973, 47.4226754]}}, {"type": "Feature", "properties": {"code": "KÖu-4", "reg": "xx-kesz"}, "geometry": {"type": "Point", "coordinates": [19.1221111, 47.4219222]}}, {"type": "Feature", "properties": {"code": "Lke-1/K1", "reg": "xx-kesz"}, "geometry": {"type": "Point", "coordinates": [19.1122896, 47.4215626]}}, {"type": "Feature", "properties": {"code": "Lke-1/K1", "reg": "xx-kesz"}, "geometry": {"type": "Point", "coordinates": [19.1220021, 47.4214542]}}, {"type": "Feature", "properties": {"code": "Zkp-Kk-2", "reg": "xx-kesz"}, "geometry": {"type": "Point", "coordinates": [19.1187595, 47.4212433]}}, {"type": "Feature", "properties": {"code": "KÖu-4", "reg": "xx-kesz"}, "geometry": {"type": "Point", "coordinates": [19.1228417, 47.4212019]}}, {"type": "Feature", "properties": {"code": "Lke-1/K1", "reg": "xx-kesz"}, "geometry": {"type": "Point", "coordinates": [19.1204553, 47.420609]}}, {"type": "Feature", "properties": {"code": "Lke-1/K2", "reg": "xx-kesz"}, "geometry": {"type": "Point", "coordinates": [19.118068, 47.4200347]}}, {"type": "Feature", "properties": {"code": "KÖu-4", "reg": "xx-kesz"}, "geometry": {"type": "Point", "coordinates": [19.1183158, 47.4174212]}}, {"type": "Feature", "properties": {"code": "KÖu-3", "reg": "xx-kesz"}, "geometry": {"type": "Point", "coordinates": [19.1167106, 47.4153985]}}, {"type": "Feature", "properties": {"code": "KÖu-3", "reg": "xx-kesz"}, "geometry": {"type": "Point", "coordinates": [19.1189783, 47.4134767]}}, {"type": "Feature", "properties": {"code": "Gksz-1/7", "reg": "xx-kesz"}, "geometry": {"type": "Point", "coordinates": [19.1524304, 47.4270683]}}, {"type": "Feature", "properties": {"code": "Gksz-2/1", "reg": "xx-kesz"}, "geometry": {"type": "Point", "coordinates": [19.1365566, 47.4223146]}}, {"type": "Feature", "properties": {"code": "Gksz-1/1", "reg": "xx-kesz"}, "geometry": {"type": "Point", "coordinates": [19.1442455, 47.4252377]}}, {"type": "Feature", "properties": {"code": "Lke-1/K1", "reg": "xx-kesz"}, "geometry": {"type": "Point", "coordinates": [19.1269756, 47.438871]}}, {"type": "Feature", "properties": {"code": "Zkp-Kk-1", "reg": "xx-kesz"}, "geometry": {"type": "Point", "coordinates": [19.1270199, 47.4329331]}}, {"type": "Feature", "properties": {"code": "Kb-Ez", "reg": "xx-kesz"}, "geometry": {"type": "Point", "coordinates": [19.1460428, 47.4337435]}}, {"type": "Feature", "properties": {"code": "Ek-4", "reg": "xx-kesz"}, "geometry": {"type": "Point", "coordinates": [19.1396061, 47.428389]}}, {"type": "Feature", "properties": {"code": "Gksz-1/7", "reg": "xx-kesz"}, "geometry": {"type": "Point", "coordinates": [19.1524986, 47.4282933]}}, {"type": "Feature", "properties": {"code": "Ek-1", "reg": "xx-kesz"}, "geometry": {"type": "Point", "coordinates": [19.135677, 47.421834]}}, {"type": "Feature", "properties": {"code": "Lk-T/4", "reg": "xx-kesz"}, "geometry": {"type": "Point", "coordinates": [19.1331349, 47.4367304]}}, {"type": "Feature", "properties": {"code": "Zkp-Kk-1", "reg": "xx-kesz"}, "geometry": {"type": "Point", "coordinates": [19.137658, 47.4355605]}}, {"type": "Feature", "properties": {"code": "Kt-Zk-2", "reg": "xx-kesz"}, "geometry": {"type": "Point", "coordinates": [19.1295957, 47.4283669]}}, {"type": "Feature", "properties": {"code": "Lke-1/K1", "reg": "xx-kesz"}, "geometry": {"type": "Point", "coordinates": [19.1304609, 47.4297547]}}, {"type": "Feature", "properties": {"code": "Ln-T/SZ3", "reg": "xx-kesz"}, "geometry": {"type": "Point", "coordinates": [19.1310247, 47.427807]}}, {"type": "Feature", "properties": {"code": "Gksz-1/9", "reg": "xx-kesz"}, "geometry": {"type": "Point", "coordinates": [19.1416096, 47.4283591]}}, {"type": "Feature", "properties": {"code": "Gksz-1/6", "reg": "xx-kesz"}, "geometry": {"type": "Point", "coordinates": [19.1436389, 47.4291043]}}, {"type": "Feature", "properties": {"code": "Gksz-1/8", "reg": "xx-kesz"}, "geometry": {"type": "Point", "coordinates": [19.156103, 47.426079]}}, {"type": "Feature", "properties": {"code": "Ek-1", "reg": "xx-kesz"}, "geometry": {"type": "Point", "coordinates": [19.138879, 47.4197461]}}, {"type": "Feature", "properties": {"code": "Gksz-1/2", "reg": "xx-kesz"}, "geometry": {"type": "Point", "coordinates": [19.1425954, 47.4168257]}}, {"type": "Feature", "properties": {"code": "Lk-T/4", "reg": "xx-kesz"}, "geometry": {"type": "Point", "coordinates": [19.1335875, 47.4379669]}}, {"type": "Feature", "properties": {"code": "Lk-T/4", "reg": "xx-kesz"}, "geometry": {"type": "Point", "coordinates": [19.1325651, 47.4373954]}}, {"type": "Feature", "properties": {"code": "Lke-1/K2", "reg": "xx-kesz"}, "geometry": {"type": "Point", "coordinates": [19.1359341, 47.4375282]}}, {"type": "Feature", "properties": {"code": "Lke-1/AE1", "reg": "xx-kesz"}, "geometry": {"type": "Point", "coordinates": [19.1382133, 47.4358871]}}, {"type": "Feature", "properties": {"code": "Ln-T/SZ3", "reg": "xx-kesz"}, "geometry": {"type": "Point", "coordinates": [19.1257101, 47.4298057]}}, {"type": "Feature", "properties": {"code": "Lke-1/K1", "reg": "xx-kesz"}, "geometry": {"type": "Point", "coordinates": [19.1275335, 47.4280194]}}, {"type": "Feature", "properties": {"code": "Ln-T/SZ3", "reg": "xx-kesz"}, "geometry": {"type": "Point", "coordinates": [19.1290419, 47.4279901]}}, {"type": "Feature", "properties": {"code": "Kt-Kgy", "reg": "xx-kesz"}, "geometry": {"type": "Point", "coordinates": [19.1340009, 47.4273609]}}, {"type": "Feature", "properties": {"code": "Lke-1/K2", "reg": "xx-kesz"}, "geometry": {"type": "Point", "coordinates": [19.129959, 47.4258672]}}, {"type": "Feature", "properties": {"code": "Ek-3", "reg": "xx-kesz"}, "geometry": {"type": "Point", "coordinates": [19.1423371, 47.4177321]}}, {"type": "Feature", "properties": {"code": "Lke-1/K1", "reg": "xx-kesz"}, "geometry": {"type": "Point", "coordinates": [19.1287851, 47.4440824]}}, {"type": "Feature", "properties": {"code": "Lke-1/K1", "reg": "xx-kesz"}, "geometry": {"type": "Point", "coordinates": [19.1270937, 47.4431541]}}, {"type": "Feature", "properties": {"code": "Lke-1/K1", "reg": "xx-kesz"}, "geometry": {"type": "Point", "coordinates": [19.1287154, 47.4395413]}}, {"type": "Feature", "properties": {"code": "Zkp-Kk-1", "reg": "xx-kesz"}, "geometry": {"type": "Point", "coordinates": [19.1346205, 47.438728]}}, {"type": "Feature", "properties": {"code": "Kt-Zk-1", "reg": "xx-kesz"}, "geometry": {"type": "Point", "coordinates": [19.1329605, 47.4325389]}}, {"type": "Feature", "properties": {"code": "Lke-1/K1", "reg": "xx-kesz"}, "geometry": {"type": "Point", "coordinates": [19.1392475, 47.4351564]}}, {"type": "Feature", "properties": {"code": "Ln-T/SZ3", "reg": "xx-kesz"}, "geometry": {"type": "Point", "coordinates": [19.1267335, 47.4301341]}}, {"type": "Feature", "properties": {"code": "Ln-T/SZ3", "reg": "xx-kesz"}, "geometry": {"type": "Point", "coordinates": [19.128311, 47.4285334]}}, {"type": "Feature", "properties": {"code": "Lke-1/K1", "reg": "xx-kesz"}, "geometry": {"type": "Point", "coordinates": [19.1340925, 47.4310487]}}, {"type": "Feature", "properties": {"code": "Lke-1/K2", "reg": "xx-kesz"}, "geometry": {"type": "Point", "coordinates": [19.1310826, 47.4266556]}}, {"type": "Feature", "properties": {"code": "Kb-Ez", "reg": "xx-kesz"}, "geometry": {"type": "Point", "coordinates": [19.1569487, 47.4250895]}}, {"type": "Feature", "properties": {"code": "Lke-1/K1", "reg": "xx-kesz"}, "geometry": {"type": "Point", "coordinates": [19.1246774, 47.4468436]}}, {"type": "Feature", "properties": {"code": "Lke-1/K1", "reg": "xx-kesz"}, "geometry": {"type": "Point", "coordinates": [19.1293213, 47.4399865]}}, {"type": "Feature", "properties": {"code": "Lke-1/K2", "reg": "xx-kesz"}, "geometry": {"type": "Point", "coordinates": [19.1363925, 47.4387796]}}, {"type": "Feature", "properties": {"code": "Lk-T/4", "reg": "xx-kesz"}, "geometry": {"type": "Point", "coordinates": [19.1330523, 47.4376263]}}, {"type": "Feature", "properties": {"code": "Lk-T/4", "reg": "xx-kesz"}, "geometry": {"type": "Point", "coordinates": [19.1319875, 47.4370505]}}, {"type": "Feature", "properties": {"code": "Lk-T/4", "reg": "xx-kesz"}, "geometry": {"type": "Point", "coordinates": [19.1336665, 47.4368562]}}, {"type": "Feature", "properties": {"code": "Lke-1/K1", "reg": "xx-kesz"}, "geometry": {"type": "Point", "coordinates": [19.1357105, 47.4360869]}}, {"type": "Feature", "properties": {"code": "Lke-1/K2", "reg": "xx-kesz"}, "geometry": {"type": "Point", "coordinates": [19.130024, 47.4350283]}}, {"type": "Feature", "properties": {"code": "Lke-1/K1", "reg": "xx-kesz"}, "geometry": {"type": "Point", "coordinates": [19.127534, 47.4337107]}}, {"type": "Feature", "properties": {"code": "Lke-1/K2", "reg": "xx-kesz"}, "geometry": {"type": "Point", "coordinates": [19.125447, 47.432621]}}, {"type": "Feature", "properties": {"code": "Ln-T/SZ3", "reg": "xx-kesz"}, "geometry": {"type": "Point", "coordinates": [19.1252576, 47.4306527]}}, {"type": "Feature", "properties": {"code": "Kb-Ez", "reg": "xx-kesz"}, "geometry": {"type": "Point", "coordinates": [19.1470215, 47.4328988]}}, {"type": "Feature", "properties": {"code": "Lke-1/K2", "reg": "xx-kesz"}, "geometry": {"type": "Point", "coordinates": [19.1303277, 47.4271629]}}, {"type": "Feature", "properties": {"code": "Lke-1/K2", "reg": "xx-kesz"}, "geometry": {"type": "Point", "coordinates": [19.1301588, 47.4264823]}}, {"type": "Feature", "properties": {"code": "Lke-1/K2", "reg": "xx-kesz"}, "geometry": {"type": "Point", "coordinates": [19.1303082, 47.4391536]}}, {"type": "Feature", "properties": {"code": "Lke-1/K1", "reg": "xx-kesz"}, "geometry": {"type": "Point", "coordinates": [19.1281301, 47.4361314]}}, {"type": "Feature", "properties": {"code": "Lke-1/K2", "reg": "xx-kesz"}, "geometry": {"type": "Point", "coordinates": [19.128415, 47.4351211]}}, {"type": "Feature", "properties": {"code": "Lke-1/K2", "reg": "xx-kesz"}, "geometry": {"type": "Point", "coordinates": [19.1354742, 47.4370559]}}, {"type": "Feature", "properties": {"code": "Lke-1/K2", "reg": "xx-kesz"}, "geometry": {"type": "Point", "coordinates": [19.1373223, 47.436651]}}, {"type": "Feature", "properties": {"code": "Lke-1/K2", "reg": "xx-kesz"}, "geometry": {"type": "Point", "coordinates": [19.1424056, 47.4351257]}}, {"type": "Feature", "properties": {"code": "Lke-1/K2", "reg": "xx-kesz"}, "geometry": {"type": "Point", "coordinates": [19.1296518, 47.4342218]}}, {"type": "Feature", "properties": {"code": "Lke-1/K2", "reg": "xx-kesz"}, "geometry": {"type": "Point", "coordinates": [19.1304105, 47.4332642]}}, {"type": "Feature", "properties": {"code": "Lke-1/K1", "reg": "xx-kesz"}, "geometry": {"type": "Point", "coordinates": [19.1363178, 47.4319881]}}, {"type": "Feature", "properties": {"code": "Kt-Zk-2", "reg": "xx-kesz"}, "geometry": {"type": "Point", "coordinates": [19.1259387, 47.4300264]}}, {"type": "Feature", "properties": {"code": "Lke-1/K2", "reg": "xx-kesz"}, "geometry": {"type": "Point", "coordinates": [19.1296378, 47.4299153]}}, {"type": "Feature", "properties": {"code": "Lke-1/K1", "reg": "xx-kesz"}, "geometry": {"type": "Point", "coordinates": [19.1251564, 47.4282779]}}, {"type": "Feature", "properties": {"code": "Mk", "reg": "xx-kesz"}, "geometry": {"type": "Point", "coordinates": [19.1438657, 47.4173866]}}, {"type": "Feature", "properties": {"code": "Vi-2/L-K2", "reg": "xx-kesz"}, "geometry": {"type": "Point", "coordinates": [19.1249563, 47.4448175]}}, {"type": "Feature", "properties": {"code": "Lke-1/K1", "reg": "xx-kesz"}, "geometry": {"type": "Point", "coordinates": [19.1250025, 47.4438114]}}, {"type": "Feature", "properties": {"code": "Lke-1/K1", "reg": "xx-kesz"}, "geometry": {"type": "Point", "coordinates": [19.126554, 47.4401361]}}, {"type": "Feature", "properties": {"code": "Lke-1/K2", "reg": "xx-kesz"}, "geometry": {"type": "Point", "coordinates": [19.1299604, 47.4376693]}}, {"type": "Feature", "properties": {"code": "Lk-T/4", "reg": "xx-kesz"}, "geometry": {"type": "Point", "coordinates": [19.1337637, 47.437304]}}, {"type": "Feature", "properties": {"code": "Lke-1/K2", "reg": "xx-kesz"}, "geometry": {"type": "Point", "coordinates": [19.1388878, 47.437313]}}, {"type": "Feature", "properties": {"code": "Lke-1/K2", "reg": "xx-kesz"}, "geometry": {"type": "Point", "coordinates": [19.1396079, 47.4368924]}}, {"type": "Feature", "properties": {"code": "Lke-1/K1", "reg": "xx-kesz"}, "geometry": {"type": "Point", "coordinates": [19.1352996, 47.4355144]}}, {"type": "Feature", "properties": {"code": "Lke-1/K2", "reg": "xx-kesz"}, "geometry": {"type": "Point", "coordinates": [19.1256074, 47.4330581]}}, {"type": "Feature", "properties": {"code": "Lke-1/K2", "reg": "xx-kesz"}, "geometry": {"type": "Point", "coordinates": [19.1248791, 47.432047]}}, {"type": "Feature", "properties": {"code": "Lke-1/K2", "reg": "xx-kesz"}, "geometry": {"type": "Point", "coordinates": [19.129552, 47.431938]}}, {"type": "Feature", "properties": {"code": "Lke-1/K2", "reg": "xx-kesz"}, "geometry": {"type": "Point", "coordinates": [19.1325547, 47.4339854]}}, {"type": "Feature", "properties": {"code": "Lke-1/K2", "reg": "xx-kesz"}, "geometry": {"type": "Point", "coordinates": [19.134683, 47.4336573]}}, {"type": "Feature", "properties": {"code": "Lke-1/K2", "reg": "xx-kesz"}, "geometry": {"type": "Point", "coordinates": [19.1318423, 47.4335328]}}, {"type": "Feature", "properties": {"code": "Kt-Kgy", "reg": "xx-kesz"}, "geometry": {"type": "Point", "coordinates": [19.1407124, 47.4331718]}}, {"type": "Feature", "properties": {"code": "Ek-1", "reg": "xx-kesz"}, "geometry": {"type": "Point", "coordinates": [19.1455026, 47.4327851]}}, {"type": "Feature", "properties": {"code": "Kt-Fk-1", "reg": "xx-kesz"}, "geometry": {"type": "Point", "coordinates": [19.1283211, 47.4296473]}}, {"type": "Feature", "properties": {"code": "Ln-T/SZ3", "reg": "xx-kesz"}, "geometry": {"type": "Point", "coordinates": [19.1294663, 47.4292659]}}, {"type": "Feature", "properties": {"code": "Ln-T/SZ3", "reg": "xx-kesz"}, "geometry": {"type": "Point", "coordinates": [19.1302464, 47.4288562]}}, {"type": "Feature", "properties": {"code": "Lke-1/K1", "reg": "xx-kesz"}, "geometry": {"type": "Point", "coordinates": [19.1292118, 47.426704]}}, {"type": "Feature", "properties": {"code": "Lke-1/K1", "reg": "xx-kesz"}, "geometry": {"type": "Point", "coordinates": [19.1268432, 47.4426162]}}, {"type": "Feature", "properties": {"code": "Lke-1/K1", "reg": "xx-kesz"}, "geometry": {"type": "Point", "coordinates": [19.1259298, 47.4422806]}}, {"type": "Feature", "properties": {"code": "Lke-1/K1", "reg": "xx-kesz"}, "geometry": {"type": "Point", "coordinates": [19.1289618, 47.4421038]}}, {"type": "Feature", "properties": {"code": "Lke-1/K2", "reg": "xx-kesz"}, "geometry": {"type": "Point", "coordinates": [19.1403632, 47.4364527]}}, {"type": "Feature", "properties": {"code": "Lke-1/K2", "reg": "xx-kesz"}, "geometry": {"type": "Point", "coordinates": [19.1417329, 47.4355761]}}, {"type": "Feature", "properties": {"code": "Lke-1/K1", "reg": "xx-kesz"}, "geometry": {"type": "Point", "coordinates": [19.1386312, 47.4347518]}}, {"type": "Feature", "properties": {"code": "Lke-1/K2", "reg": "xx-kesz"}, "geometry": {"type": "Point", "coordinates": [19.126563, 47.4316969]}}, {"type": "Feature", "properties": {"code": "Ln-T/SZ3", "reg": "xx-kesz"}, "geometry": {"type": "Point", "coordinates": [19.1259153, 47.4306053]}}, {"type": "Feature", "properties": {"code": "Lke-1/K2", "reg": "xx-kesz"}, "geometry": {"type": "Point", "coordinates": [19.1291364, 47.4334354]}}, {"type": "Feature", "properties": {"code": "Lke-1/SZ2", "reg": "xx-kesz"}, "geometry": {"type": "Point", "coordinates": [19.1387638, 47.4315048]}}, {"type": "Feature", "properties": {"code": "Gksz-1/4", "reg": "xx-kesz"}, "geometry": {"type": "Point", "coordinates": [19.1508803, 47.4306051]}}, {"type": "Feature", "properties": {"code": "Lke-1/K2", "reg": "xx-kesz"}, "geometry": {"type": "Point", "coordinates": [19.1262137, 47.430928]}}, {"type": "Feature", "properties": {"code": "Ln-T/SZ3", "reg": "xx-kesz"}, "geometry": {"type": "Point", "coordinates": [19.1271587, 47.4299664]}}, {"type": "Feature", "properties": {"code": "Ln-T/SZ1", "reg": "xx-kesz"}, "geometry": {"type": "Point", "coordinates": [19.1285558, 47.4291982]}}, {"type": "Feature", "properties": {"code": "Lke-1/K1", "reg": "xx-kesz"}, "geometry": {"type": "Point", "coordinates": [19.132424, 47.429449]}}, {"type": "Feature", "properties": {"code": "Ek-1", "reg": "xx-kesz"}, "geometry": {"type": "Point", "coordinates": [19.1368796, 47.4280269]}}, {"type": "Feature", "properties": {"code": "Ek-1", "reg": "xx-kesz"}, "geometry": {"type": "Point", "coordinates": [19.1362115, 47.4260936]}}, {"type": "Feature", "properties": {"code": "Lke-1/K1", "reg": "xx-kesz"}, "geometry": {"type": "Point", "coordinates": [19.1246247, 47.4463224]}}, {"type": "Feature", "properties": {"code": "Lke-1/K2", "reg": "xx-kesz"}, "geometry": {"type": "Point", "coordinates": [19.1321549, 47.440138]}}, {"type": "Feature", "properties": {"code": "Lke-1/K1", "reg": "xx-kesz"}, "geometry": {"type": "Point", "coordinates": [19.1295464, 47.4370487]}}, {"type": "Feature", "properties": {"code": "Lke-1/K1", "reg": "xx-kesz"}, "geometry": {"type": "Point", "coordinates": [19.1289874, 47.434683]}}, {"type": "Feature", "properties": {"code": "Lke-1/K1", "reg": "xx-kesz"}, "geometry": {"type": "Point", "coordinates": [19.1274333, 47.42735]}}, {"type": "Feature", "properties": {"code": "Lke-1/K1", "reg": "xx-kesz"}, "geometry": {"type": "Point", "coordinates": [19.1283593, 47.4270094]}}, {"type": "Feature", "properties": {"code": "Ln-T/SZ3", "reg": "xx-kesz"}, "geometry": {"type": "Point", "coordinates": [19.1313882, 47.4284268]}}, {"type": "Feature", "properties": {"code": "Kt-Zk-3", "reg": "xx-kesz"}, "geometry": {"type": "Point", "coordinates": [19.1318235, 47.4281683]}}, {"type": "Feature", "properties": {"code": "Lke-1/K1", "reg": "xx-kesz"}, "geometry": {"type": "Point", "coordinates": [19.1359709, 47.4308084]}}, {"type": "Feature", "properties": {"code": "Zkp-Kk-1", "reg": "xx-kesz"}, "geometry": {"type": "Point", "coordinates": [19.1256919, 47.4431694]}}, {"type": "Feature", "properties": {"code": "Lke-1/K1", "reg": "xx-kesz"}, "geometry": {"type": "Point", "coordinates": [19.1294641, 47.4348603]}}, {"type": "Feature", "properties": {"code": "Lke-1/K2", "reg": "xx-kesz"}, "geometry": {"type": "Point", "coordinates": [19.136015, 47.4392444]}}, {"type": "Feature", "properties": {"code": "Lke-1/K2", "reg": "xx-kesz"}, "geometry": {"type": "Point", "coordinates": [19.1360397, 47.4346097]}}, {"type": "Feature", "properties": {"code": "Lke-1/K2", "reg": "xx-kesz"}, "geometry": {"type": "Point", "coordinates": [19.1252002, 47.4342468]}}, {"type": "Feature", "properties": {"code": "Lke-1/K2", "reg": "xx-kesz"}, "geometry": {"type": "Point", "coordinates": [19.1349247, 47.4322877]}}, {"type": "Feature", "properties": {"code": "Lke-1/K2", "reg": "xx-kesz"}, "geometry": {"type": "Point", "coordinates": [19.1323829, 47.4319796]}}, {"type": "Feature", "properties": {"code": "Ek-1", "reg": "xx-kesz"}, "geometry": {"type": "Point", "coordinates": [19.1424843, 47.430665]}}, {"type": "Feature", "properties": {"code": "Ln-T/SZ3", "reg": "xx-kesz"}, "geometry": {"type": "Point", "coordinates": [19.1252541, 47.4300479]}}, {"type": "Feature", "properties": {"code": "Ln-T/SZ3", "reg": "xx-kesz"}, "geometry": {"type": "Point", "coordinates": [19.1261125, 47.4295542]}}, {"type": "Feature", "properties": {"code": "Lke-1/AE2", "reg": "xx-kesz"}, "geometry": {"type": "Point", "coordinates": [19.1250115, 47.4275848]}}, {"type": "Feature", "properties": {"code": "Ek-1", "reg": "xx-kesz"}, "geometry": {"type": "Point", "coordinates": [19.140904, 47.4211115]}}, {"type": "Feature", "properties": {"code": "Vf", "reg": "xx-kesz"}, "geometry": {"type": "Point", "coordinates": [19.1466315, 47.4186256]}}, {"type": "Feature", "properties": {"code": "Vi-2/L-K2", "reg": "xx-kesz"}, "geometry": {"type": "Point", "coordinates": [19.1265192, 47.4456019]}}, {"type": "Feature", "properties": {"code": "Lke-1/K1", "reg": "xx-kesz"}, "geometry": {"type": "Point", "coordinates": [19.127736, 47.4410036]}}, {"type": "Feature", "properties": {"code": "Lke-1/K1", "reg": "xx-kesz"}, "geometry": {"type": "Point", "coordinates": [19.1261628, 47.4385325]}}, {"type": "Feature", "properties": {"code": "Lke-1/K1", "reg": "xx-kesz"}, "geometry": {"type": "Point", "coordinates": [19.125102, 47.436696]}}, {"type": "Feature", "properties": {"code": "Lke-1/K1", "reg": "xx-kesz"}, "geometry": {"type": "Point", "coordinates": [19.1266891, 47.4353052]}}, {"type": "Feature", "properties": {"code": "Lke-1/K2", "reg": "xx-kesz"}, "geometry": {"type": "Point", "coordinates": [19.1286118, 47.4318496]}}, {"type": "Feature", "properties": {"code": "Lke-1/K1", "reg": "xx-kesz"}, "geometry": {"type": "Point", "coordinates": [19.135239, 47.4313448]}}, {"type": "Feature", "properties": {"code": "Lke-1/K2", "reg": "xx-kesz"}, "geometry": {"type": "Point", "coordinates": [19.1410721, 47.4338668]}}, {"type": "Feature", "properties": {"code": "Ln-T/SZ3", "reg": "xx-kesz"}, "geometry": {"type": "Point", "coordinates": [19.1263041, 47.4303278]}}, {"type": "Feature", "properties": {"code": "Ln-T/SZ3", "reg": "xx-kesz"}, "geometry": {"type": "Point", "coordinates": [19.1264703, 47.4293044]}}, {"type": "Feature", "properties": {"code": "Lke-1/K2", "reg": "xx-kesz"}, "geometry": {"type": "Point", "coordinates": [19.1254588, 47.4292573]}}, {"type": "Feature", "properties": {"code": "Lke-1/K1", "reg": "xx-kesz"}, "geometry": {"type": "Point", "coordinates": [19.1259843, 47.4277438]}}, {"type": "Feature", "properties": {"code": "Ln-T/SZ3", "reg": "xx-kesz"}, "geometry": {"type": "Point", "coordinates": [19.1317321, 47.4290452]}}, {"type": "Feature", "properties": {"code": "Ln-T/SZ3", "reg": "xx-kesz"}, "geometry": {"type": "Point", "coordinates": [19.1302686, 47.4279911]}}, {"type": "Feature", "properties": {"code": "Ln-T/SZ3", "reg": "xx-kesz"}, "geometry": {"type": "Point", "coordinates": [19.1296118, 47.4274745]}}, {"type": "Feature", "properties": {"code": "Ek-1", "reg": "xx-kesz"}, "geometry": {"type": "Point", "coordinates": [19.138432, 47.4253229]}}, {"type": "Feature", "properties": {"code": "Vf", "reg": "xx-kesz"}, "geometry": {"type": "Point", "coordinates": [19.148474, 47.4231563]}}, {"type": "Feature", "properties": {"code": "Lke-1/K1", "reg": "xx-kesz"}, "geometry": {"type": "Point", "coordinates": [19.1302471, 47.4428241]}}, {"type": "Feature", "properties": {"code": "Lke-1/K1", "reg": "xx-kesz"}, "geometry": {"type": "Point", "coordinates": [19.1253785, 47.4418855]}}, {"type": "Feature", "properties": {"code": "Lke-1/K1", "reg": "xx-kesz"}, "geometry": {"type": "Point", "coordinates": [19.1244695, 47.4385826]}}, {"type": "Feature", "properties": {"code": "Lke-1/K2", "reg": "xx-kesz"}, "geometry": {"type": "Point", "coordinates": [19.1308859, 47.4379967]}}, {"type": "Feature", "properties": {"code": "Lke-1/K2", "reg": "xx-kesz"}, "geometry": {"type": "Point", "coordinates": [19.1317877, 47.4375459]}}, {"type": "Feature", "properties": {"code": "Ln-T/SZ3", "reg": "xx-kesz"}, "geometry": {"type": "Point", "coordinates": [19.1248747, 47.4303999]}}, {"type": "Feature", "properties": {"code": "Lke-1/SZ5", "reg": "xx-kesz"}, "geometry": {"type": "Point", "coordinates": [19.1415868, 47.4320447]}}, {"type": "Feature", "properties": {"code": "Ln-T/SZ3", "reg": "xx-kesz"}, "geometry": {"type": "Point", "coordinates": [19.1299079, 47.4290754]}}, {"type": "Feature", "properties": {"code": "Lke-1/K1", "reg": "xx-kesz"}, "geometry": {"type": "Point", "coordinates": [19.1254926, 47.4251985]}}, {"type": "Feature", "properties": {"code": "Vi-2/AE6", "reg": "xx-kesz"}, "geometry": {"type": "Point", "coordinates": [19.1259225, 47.443373]}}, {"type": "Feature", "properties": {"code": "Lke-1/K1", "reg": "xx-kesz"}, "geometry": {"type": "Point", "coordinates": [19.1267994, 47.4409254]}}, {"type": "Feature", "properties": {"code": "Lke-1/K2", "reg": "xx-kesz"}, "geometry": {"type": "Point", "coordinates": [19.133959, 47.4401791]}}, {"type": "Feature", "properties": {"code": "Lke-1/K2", "reg": "xx-kesz"}, "geometry": {"type": "Point", "coordinates": [19.132991, 47.4392459]}}, {"type": "Feature", "properties": {"code": "Lke-1/K1", "reg": "xx-kesz"}, "geometry": {"type": "Point", "coordinates": [19.1284581, 47.4378151]}}, {"type": "Feature", "properties": {"code": "Lke-1/K1", "reg": "xx-kesz"}, "geometry": {"type": "Point", "coordinates": [19.1249368, 47.4355647]}}, {"type": "Feature", "properties": {"code": "Lke-1/K2", "reg": "xx-kesz"}, "geometry": {"type": "Point", "coordinates": [19.1307946, 47.4323151]}}, {"type": "Feature", "properties": {"code": "Lke-1/K1", "reg": "xx-kesz"}, "geometry": {"type": "Point", "coordinates": [19.1312603, 47.4308141]}}, {"type": "Feature", "properties": {"code": "Ln-T/SZ3", "reg": "xx-kesz"}, "geometry": {"type": "Point", "coordinates": [19.1316128, 47.4287428]}}, {"type": "Feature", "properties": {"code": "Lke-1/K1", "reg": "xx-kesz"}, "geometry": {"type": "Point", "coordinates": [19.1263138, 47.4447169]}}, {"type": "Feature", "properties": {"code": "Lke-1/K1", "reg": "xx-kesz"}, "geometry": {"type": "Point", "coordinates": [19.1284534, 47.4414395]}}, {"type": "Feature", "properties": {"code": "Lke-1/K1", "reg": "xx-kesz"}, "geometry": {"type": "Point", "coordinates": [19.1280763, 47.4391236]}}, {"type": "Feature", "properties": {"code": "Lke-1/K2", "reg": "xx-kesz"}, "geometry": {"type": "Point", "coordinates": [19.1331326, 47.4408379]}}, {"type": "Feature", "properties": {"code": "Lke-1/K1", "reg": "xx-kesz"}, "geometry": {"type": "Point", "coordinates": [19.1277223, 47.4373519]}}, {"type": "Feature", "properties": {"code": "Kt-Zk-2", "reg": "xx-kesz"}, "geometry": {"type": "Point", "coordinates": [19.1332093, 47.4371447]}}, {"type": "Feature", "properties": {"code": "Lke-1/K1", "reg": "xx-kesz"}, "geometry": {"type": "Point", "coordinates": [19.1377283, 47.4312841]}}, {"type": "Feature", "properties": {"code": "Ln-T/KSZ", "reg": "xx-kesz"}, "geometry": {"type": "Point", "coordinates": [19.1276527, 47.4292414]}}, {"type": "Feature", "properties": {"code": "Lke-1/K1", "reg": "xx-kesz"}, "geometry": {"type": "Point", "coordinates": [19.1320082, 47.4416628]}}, {"type": "Feature", "properties": {"code": "Lke-1/K1", "reg": "xx-kesz"}, "geometry": {"type": "Point", "coordinates": [19.1249301, 47.4375442]}}, {"type": "Feature", "properties": {"code": "Lke-1/K2", "reg": "xx-kesz"}, "geometry": {"type": "Point", "coordinates": [19.1317653, 47.4314098]}}, {"type": "Feature", "properties": {"code": "Lke-1/SZ2", "reg": "xx-kesz"}, "geometry": {"type": "Point", "coordinates": [19.1397152, 47.4316121]}}, {"type": "Feature", "properties": {"code": "Lke-1/SZ5", "reg": "xx-kesz"}, "geometry": {"type": "Point", "coordinates": [19.1434001, 47.433242]}}, {"type": "Feature", "properties": {"code": "Lke-1/K2", "reg": "xx-kesz"}, "geometry": {"type": "Point", "coordinates": [19.1256462, 47.4284578]}}, {"type": "Feature", "properties": {"code": "Lke-1/K1", "reg": "xx-kesz"}, "geometry": {"type": "Point", "coordinates": [19.1260456, 47.4247264]}}, {"type": "Feature", "properties": {"code": "Vi-2/L-K2", "reg": "xx-kesz"}, "geometry": {"type": "Point", "coordinates": [19.125706, 47.4452036]}}, {"type": "Feature", "properties": {"code": "Lke-1/K1", "reg": "xx-kesz"}, "geometry": {"type": "Point", "coordinates": [19.1247266, 47.4414691]}}, {"type": "Feature", "properties": {"code": "Lke-1/SZ2", "reg": "xx-kesz"}, "geometry": {"type": "Point", "coordinates": [19.1318739, 47.4391132]}}, {"type": "Feature", "properties": {"code": "Lke-1/K1", "reg": "xx-kesz"}, "geometry": {"type": "Point", "coordinates": [19.1287759, 47.4365094]}}, {"type": "Feature", "properties": {"code": "Lke-1/K2", "reg": "xx-kesz"}, "geometry": {"type": "Point", "coordinates": [19.1397186, 47.4340099]}}, {"type": "Feature", "properties": {"code": "Gksz-1/3", "reg": "xx-kesz"}, "geometry": {"type": "Point", "coordinates": [19.1542198, 47.4269088]}}, {"type": "Feature", "properties": {"code": "Lke-1/K2", "reg": "xx-kesz"}, "geometry": {"type": "Point", "coordinates": [19.1286464, 47.426099]}}, {"type": "Feature", "properties": {"code": "Lke-1/K2", "reg": "xx-kesz"}, "geometry": {"type": "Point", "coordinates": [19.131161, 47.438674]}}, {"type": "Feature", "properties": {"code": "Lke-1/K2", "reg": "xx-kesz"}, "geometry": {"type": "Point", "coordinates": [19.1312778, 47.4346864]}}, {"type": "Feature", "properties": {"code": "Lke-1/KSZ1", "reg": "xx-kesz"}, "geometry": {"type": "Point", "coordinates": [19.1443513, 47.4340596]}}, {"type": "Feature", "properties": {"code": "Lke-1/K2", "reg": "xx-kesz"}, "geometry": {"type": "Point", "coordinates": [19.1300035, 47.4307913]}}, {"type": "Feature", "properties": {"code": "Lke-1/K2", "reg": "xx-kesz"}, "geometry": {"type": "Point", "coordinates": [19.1252726, 47.4383036]}}, {"type": "Feature", "properties": {"code": "Lke-1/K2", "reg": "xx-kesz"}, "geometry": {"type": "Point", "coordinates": [19.1245477, 47.4338024]}}, {"type": "Feature", "properties": {"code": "Ln-T/SZ3", "reg": "xx-kesz"}, "geometry": {"type": "Point", "coordinates": [19.1294186, 47.4279109]}}, {"type": "Feature", "properties": {"code": "Lke-1/K1", "reg": "xx-kesz"}, "geometry": {"type": "Point", "coordinates": [19.1279899, 47.4435825]}}, {"type": "Feature", "properties": {"code": "Lke-1/K2", "reg": "xx-kesz"}, "geometry": {"type": "Point", "coordinates": [19.1311484, 47.4429803]}}, {"type": "Feature", "properties": {"code": "Lke-1/K2", "reg": "xx-kesz"}, "geometry": {"type": "Point", "coordinates": [19.1325452, 47.4387467]}}, {"type": "Feature", "properties": {"code": "Lke-1/K1", "reg": "xx-kesz"}, "geometry": {"type": "Point", "coordinates": [19.1260682, 47.4376116]}}, {"type": "Feature", "properties": {"code": "Lke-1/K2", "reg": "xx-kesz"}, "geometry": {"type": "Point", "coordinates": [19.1410214, 47.4360056]}}, {"type": "Feature", "properties": {"code": "Lke-1/K1", "reg": "xx-kesz"}, "geometry": {"type": "Point", "coordinates": [19.1281148, 47.4342337]}}, {"type": "Feature", "properties": {"code": "Lke-1/K2", "reg": "xx-kesz"}, "geometry": {"type": "Point", "coordinates": [19.1351193, 47.4329494]}}, {"type": "Feature", "properties": {"code": "Lke-1/KSZ1", "reg": "xx-kesz"}, "geometry": {"type": "Point", "coordinates": [19.1243792, 47.4227674]}}, {"type": "Feature", "properties": {"code": "Lke-1/K2", "reg": "xx-kesz"}, "geometry": {"type": "Point", "coordinates": [19.1244378, 47.4368001]}}, {"type": "Feature", "properties": {"code": "Lk-T/AE", "reg": "xx-kesz"}, "geometry": {"type": "Point", "coordinates": [19.1326583, 47.4359771]}}, {"type": "Feature", "properties": {"code": "Lke-1/K2", "reg": "xx-kesz"}, "geometry": {"type": "Point", "coordinates": [19.1429438, 47.4347269]}}, {"type": "Feature", "properties": {"code": "Lke-1/K1", "reg": "xx-kesz"}, "geometry": {"type": "Point", "coordinates": [19.1368967, 47.4310248]}}, {"type": "Feature", "properties": {"code": "Lke-1/SZ2", "reg": "xx-kesz"}, "geometry": {"type": "Point", "coordinates": [19.1263801, 47.436486]}}, {"type": "Feature", "properties": {"code": "Lke-1/K2", "reg": "xx-kesz"}, "geometry": {"type": "Point", "coordinates": [19.1302959, 47.4355045]}}, {"type": "Feature", "properties": {"code": "Lk-1/SZ4", "reg": "xx-kesz"}, "geometry": {"type": "Point", "coordinates": [19.134539, 47.4350687]}}, {"type": "Feature", "properties": {"code": "Lke-1/K2", "reg": "xx-kesz"}, "geometry": {"type": "Point", "coordinates": [19.1336479, 47.439617]}}, {"type": "Feature", "properties": {"code": "Lke-1/K2", "reg": "xx-kesz"}, "geometry": {"type": "Point", "coordinates": [19.1365998, 47.4362514]}}, {"type": "Feature", "properties": {"code": "Lke-1/K2", "reg": "xx-kesz"}, "geometry": {"type": "Point", "coordinates": [19.1261855, 47.4282219]}}, {"type": "Feature", "properties": {"code": "Ln-T/SZ3", "reg": "xx-kesz"}, "geometry": {"type": "Point", "coordinates": [19.1305737, 47.4285473]}}, {"type": "Feature", "properties": {"code": "Vf", "reg": "xx-kesz"}, "geometry": {"type": "Point", "coordinates": [19.1487384, 47.4238389]}}, {"type": "Feature", "properties": {"code": "Vi-2/L-K2", "reg": "xx-kesz"}, "geometry": {"type": "Point", "coordinates": [19.1254915, 47.4456281]}}, {"type": "Feature", "properties": {"code": "Lke-1/SZ2", "reg": "xx-kesz"}, "geometry": {"type": "Point", "coordinates": [19.1388379, 47.4326175]}}, {"type": "Feature", "properties": {"code": "Lk-T/KSZ", "reg": "xx-kesz"}, "geometry": {"type": "Point", "coordinates": [19.1338025, 47.4352034]}}, {"type": "Feature", "properties": {"code": "Lke-1/K2", "reg": "xx-kesz"}, "geometry": {"type": "Point", "coordinates": [19.1344206, 47.4316416]}}, {"type": "Feature", "properties": {"code": "Lke-1/SZ3", "reg": "xx-kesz"}, "geometry": {"type": "Point", "coordinates": [19.1377517, 47.4292146]}}, {"type": "Feature", "properties": {"code": "Lke-1/KSZ2", "reg": "xx-kesz"}, "geometry": {"type": "Point", "coordinates": [19.125711, 47.4360726]}}, {"type": "Feature", "properties": {"code": "Lke-1/K2", "reg": "xx-kesz"}, "geometry": {"type": "Point", "coordinates": [19.1279154, 47.4314379]}}, {"type": "Feature", "properties": {"code": "Lke-1/AE3", "reg": "xx-kesz"}, "geometry": {"type": "Point", "coordinates": [19.1330225, 47.4328188]}}, {"type": "Feature", "properties": {"code": "Lke-1/K1", "reg": "xx-kesz"}, "geometry": {"type": "Point", "coordinates": [19.127497, 47.4243367]}}, {"type": "Feature", "properties": {"code": "Lke-1/SZ1", "reg": "xx-kesz"}, "geometry": {"type": "Point", "coordinates": [19.1254933, 47.4234478]}}, {"type": "Feature", "properties": {"code": "Lke-1/K2", "reg": "xx-kesz"}, "geometry": {"type": "Point", "coordinates": [19.1375983, 47.4380594]}}, {"type": "Feature", "properties": {"code": "Ln-T/SZ3", "reg": "xx-kesz"}, "geometry": {"type": "Point", "coordinates": [19.1286876, 47.4282473]}}, {"type": "Feature", "properties": {"code": "Lke-1/K2", "reg": "xx-kesz"}, "geometry": {"type": "Point", "coordinates": [19.1369185, 47.4383454]}}, {"type": "Feature", "properties": {"code": "Lke-1/K2", "reg": "xx-kesz"}, "geometry": {"type": "Point", "coordinates": [19.1435615, 47.434253]}}, {"type": "Feature", "properties": {"code": "Lke-1/K2", "reg": "xx-kesz"}, "geometry": {"type": "Point", "coordinates": [19.1283277, 47.4306138]}}, {"type": "Feature", "properties": {"code": "Vf", "reg": "xx-kesz"}, "geometry": {"type": "Point", "coordinates": [19.1451295, 47.4343491]}}, {"type": "Feature", "properties": {"code": "Lke-1/SZ2", "reg": "xx-kesz"}, "geometry": {"type": "Point", "coordinates": [19.139722, 47.4323233]}}, {"type": "Feature", "properties": {"code": "Ln-T/SZ3", "reg": "xx-kesz"}, "geometry": {"type": "Point", "coordinates": [19.12554, 47.4308842]}}, {"type": "Feature", "properties": {"code": "Lke-1/Z", "reg": "xx-kesz"}, "geometry": {"type": "Point", "coordinates": [19.138582, 47.4306143]}}, {"type": "Feature", "properties": {"code": "Lke-1/SZ2", "reg": "xx-kesz"}, "geometry": {"type": "Point", "coordinates": [19.1285366, 47.4250961]}}, {"type": "Feature", "properties": {"code": "Lke-1/K2", "reg": "xx-kesz"}, "geometry": {"type": "Point", "coordinates": [19.1329428, 47.4346533]}}, {"type": "Feature", "properties": {"code": "Lk-T/KSZ", "reg": "xx-kesz"}, "geometry": {"type": "Point", "coordinates": [19.1315244, 47.4366415]}}, {"type": "Feature", "properties": {"code": "Ln-T/KSZ2", "reg": "xx-kesz"}, "geometry": {"type": "Point", "coordinates": [19.126949, 47.4288338]}}, {"type": "Feature", "properties": {"code": "Vf", "reg": "xx-kesz"}, "geometry": {"type": "Point", "coordinates": [19.1481577, 47.4199882]}}, {"type": "Feature", "properties": {"code": "Lke-1/K2", "reg": "xx-kesz"}, "geometry": {"type": "Point", "coordinates": [19.1324956, 47.4420417]}}, {"type": "Feature", "properties": {"code": "Lke-1/SZ1", "reg": "xx-kesz"}, "geometry": {"type": "Point", "coordinates": [19.1424496, 47.4324792]}}, {"type": "Feature", "properties": {"code": "Lke-1/K1", "reg": "xx-kesz"}, "geometry": {"type": "Point", "coordinates": [19.1318996, 47.4298218]}}, {"type": "Feature", "properties": {"code": "Ln-T/SZ3", "reg": "xx-kesz"}, "geometry": {"type": "Point", "coordinates": [19.1267814, 47.429181]}}, {"type": "Feature", "properties": {"code": "Lke-1/K1", "reg": "xx-kesz"}, "geometry": {"type": "Point", "coordinates": [19.1313383, 47.4412416]}}, {"type": "Feature", "properties": {"code": "Lke-1/SZ2", "reg": "xx-kesz"}, "geometry": {"type": "Point", "coordinates": [19.1404523, 47.4334614]}}, {"type": "Feature", "properties": {"code": "Ln-T/KSZ", "reg": "xx-kesz"}, "geometry": {"type": "Point", "coordinates": [19.1277241, 47.4288837]}}, {"type": "Feature", "properties": {"code": "Lke-1/Z", "reg": "xx-kesz"}, "geometry": {"type": "Point", "coordinates": [19.1370383, 47.4299556]}}, {"type": "Feature", "properties": {"code": "Lke-1/SZ2", "reg": "xx-kesz"}, "geometry": {"type": "Point", "coordinates": [19.1411746, 47.4329471]}}, {"type": "Feature", "properties": {"code": "Kt-Zk-3", "reg": "xx-kesz"}, "geometry": {"type": "Point", "coordinates": [19.1342901, 47.4369332]}}, {"type": "Feature", "properties": {"code": "Lke-1/K2", "reg": "xx-kesz"}, "geometry": {"type": "Point", "coordinates": [19.1310129, 47.435992]}}, {"type": "Feature", "properties": {"code": "Lk-T/4", "reg": "xx-kesz"}, "geometry": {"type": "Point", "coordinates": [19.1334978, 47.43611]}}, {"type": "Feature", "properties": {"code": "Vf", "reg": "xx-kesz"}, "geometry": {"type": "Point", "coordinates": [19.1410008, 47.4265719]}}, {"type": "Feature", "properties": {"code": "Lke-1/SZ2", "reg": "xx-kesz"}, "geometry": {"type": "Point", "coordinates": [19.1407713, 47.4323557]}}, {"type": "Feature", "properties": {"code": "Lk-1/Z", "reg": "xx-kesz"}, "geometry": {"type": "Point", "coordinates": [19.1351702, 47.434648]}}, {"type": "Feature", "properties": {"code": "Ln-T/KSZ", "reg": "xx-kesz"}, "geometry": {"type": "Point", "coordinates": [19.1272695, 47.4291275]}}, {"type": "Feature", "properties": {"code": "Lke-1/SZ1", "reg": "xx-kesz"}, "geometry": {"type": "Point", "coordinates": [19.1262023, 47.4240638]}}, {"type": "Feature", "properties": {"code": "Lke-1/K1", "reg": "xx-kesz"}, "geometry": {"type": "Point", "coordinates": [19.1306192, 47.4408191]}}, {"type": "Feature", "properties": {"code": "Vf", "reg": "xx-kesz"}, "geometry": {"type": "Point", "coordinates": [19.1492477, 47.430152]}}, {"type": "Feature", "properties": {"code": "Lke-1/K2", "reg": "xx-kesz"}, "geometry": {"type": "Point", "coordinates": [19.1319451, 47.4308376]}}, {"type": "Feature", "properties": {"code": "Vf", "reg": "xx-kesz"}, "geometry": {"type": "Point", "coordinates": [19.1497713, 47.4264293]}}, {"type": "Feature", "properties": {"code": "Vf", "reg": "xx-kesz"}, "geometry": {"type": "Point", "coordinates": [19.1514499, 47.4297588]}}, {"type": "Feature", "properties": {"code": "Vf", "reg": "xx-kesz"}, "geometry": {"type": "Point", "coordinates": [19.1454061, 47.4332005]}}, {"type": "Feature", "properties": {"code": "Lke-1/K1", "reg": "xx-kesz"}, "geometry": {"type": "Point", "coordinates": [19.1246959, 47.4456891]}}, {"type": "Feature", "properties": {"code": "Lke-1/K1", "reg": "xx-kesz"}, "geometry": {"type": "Point", "coordinates": [19.1271454, 47.4451789]}}, {"type": "Feature", "properties": {"code": "Lke-1/K1", "reg": "xx-kesz"}, "geometry": {"type": "Point", "coordinates": [19.1256532, 47.4443143]}}, {"type": "Feature", "properties": {"code": "KÖu-2", "reg": "xx-kesz"}, "geometry": {"type": "Point", "coordinates": [19.1309024, 47.4433502]}}, {"type": "Feature", "properties": {"code": "Lke-1/K1", "reg": "xx-kesz"}, "geometry": {"type": "Point", "coordinates": [19.1297275, 47.4422435]}}, {"type": "Feature", "properties": {"code": "Lke-1/K2", "reg": "xx-kesz"}, "geometry": {"type": "Point", "coordinates": [19.1350305, 47.4404714]}}, {"type": "Feature", "properties": {"code": "KÖu-2", "reg": "xx-kesz"}, "geometry": {"type": "Point", "coordinates": [19.1357734, 47.4403511]}}, {"type": "Feature", "properties": {"code": "Lke-1/K1", "reg": "xx-kesz"}, "geometry": {"type": "Point", "coordinates": [19.1299698, 47.4402961]}}, {"type": "Feature", "properties": {"code": "Lke-1/K1", "reg": "xx-kesz"}, "geometry": {"type": "Point", "coordinates": [19.1245138, 47.4396962]}}, {"type": "Feature", "properties": {"code": "Lke-1/K1", "reg": "xx-kesz"}, "geometry": {"type": "Point", "coordinates": [19.125006, 47.4393614]}}, {"type": "Feature", "properties": {"code": "KÖu-4", "reg": "xx-kesz"}, "geometry": {"type": "Point", "coordinates": [19.136054, 47.4390036]}}, {"type": "Feature", "properties": {"code": "KÖu-2", "reg": "xx-kesz"}, "geometry": {"type": "Point", "coordinates": [19.1397509, 47.4381154]}}, {"type": "Feature", "properties": {"code": "KÖu-4", "reg": "xx-kesz"}, "geometry": {"type": "Point", "coordinates": [19.1348619, 47.4376962]}}, {"type": "Feature", "properties": {"code": "Lke-1/K2", "reg": "xx-kesz"}, "geometry": {"type": "Point", "coordinates": [19.1382366, 47.4377005]}}, {"type": "Feature", "properties": {"code": "Lk-T/4", "reg": "xx-kesz"}, "geometry": {"type": "Point", "coordinates": [19.1335895, 47.4364715]}}, {"type": "Feature", "properties": {"code": "Lke-1/K1", "reg": "xx-kesz"}, "geometry": {"type": "Point", "coordinates": [19.1274553, 47.4357168]}}, {"type": "Feature", "properties": {"code": "KÖu-2", "reg": "xx-kesz"}, "geometry": {"type": "Point", "coordinates": [19.1449952, 47.4351729]}}, {"type": "Feature", "properties": {"code": "Lke-1/K1", "reg": "xx-kesz"}, "geometry": {"type": "Point", "coordinates": [19.1260217, 47.4347867]}}, {"type": "Feature", "properties": {"code": "Lke-1/K2", "reg": "xx-kesz"}, "geometry": {"type": "Point", "coordinates": [19.1366496, 47.4340785]}}, {"type": "Feature", "properties": {"code": "KÖu-1", "reg": "xx-kesz"}, "geometry": {"type": "Point", "coordinates": [19.1464792, 47.434101]}}, {"type": "Feature", "properties": {"code": "KÖu-4", "reg": "xx-kesz"}, "geometry": {"type": "Point", "coordinates": [19.1338431, 47.4337402]}}, {"type": "Feature", "properties": {"code": "Lke-1/K2", "reg": "xx-kesz"}, "geometry": {"type": "Point", "coordinates": [19.1371584, 47.4335887]}}, {"type": "Feature", "properties": {"code": "KÖu-3", "reg": "xx-kesz"}, "geometry": {"type": "Point", "coordinates": [19.1471159, 47.4336248]}}, {"type": "Feature", "properties": {"code": "Lke-1/K2", "reg": "xx-kesz"}, "geometry": {"type": "Point", "coordinates": [19.1263454, 47.4334458]}}, {"type": "Feature", "properties": {"code": "KÖu-3", "reg": "xx-kesz"}, "geometry": {"type": "Point", "coordinates": [19.1461143, 47.4333125]}}, {"type": "Feature", "properties": {"code": "Lke-1/K2", "reg": "xx-kesz"}, "geometry": {"type": "Point", "coordinates": [19.1380896, 47.4331515]}}, {"type": "Feature", "properties": {"code": "Lke-1/K2", "reg": "xx-kesz"}, "geometry": {"type": "Point", "coordinates": [19.1385676, 47.4328086]}}, {"type": "Feature", "properties": {"code": "Lke-1/K1", "reg": "xx-kesz"}, "geometry": {"type": "Point", "coordinates": [19.1262316, 47.4323492]}}, {"type": "Feature", "properties": {"code": "KÖu-1", "reg": "xx-kesz"}, "geometry": {"type": "Point", "coordinates": [19.1490419, 47.4315349]}}, {"type": "Feature", "properties": {"code": "Lke-1/SZ1", "reg": "xx-kesz"}, "geometry": {"type": "Point", "coordinates": [19.140152, 47.4311715]}}, {"type": "Feature", "properties": {"code": "Lke-1/K2", "reg": "xx-kesz"}, "geometry": {"type": "Point", "coordinates": [19.1276045, 47.4308962]}}, {"type": "Feature", "properties": {"code": "KÖu-4", "reg": "xx-kesz"}, "geometry": {"type": "Point", "coordinates": [19.1329836, 47.430531]}}, {"type": "Feature", "properties": {"code": "Lke-1/K2", "reg": "xx-kesz"}, "geometry": {"type": "Point", "coordinates": [19.1290555, 47.430269]}}, {"type": "Feature", "properties": {"code": "KÖu-3", "reg": "xx-kesz"}, "geometry": {"type": "Point", "coordinates": [19.1529281, 47.4297014]}}, {"type": "Feature", "properties": {"code": "Lke-1/K2", "reg": "xx-kesz"}, "geometry": {"type": "Point", "coordinates": [19.1244462, 47.4294582]}}, {"type": "Feature", "properties": {"code": "Ln-T/SZ1", "reg": "xx-kesz"}, "geometry": {"type": "Point", "coordinates": [19.1280048, 47.4294695]}}, {"type": "Feature", "properties": {"code": "Ln-T/KSZ", "reg": "xx-kesz"}, "geometry": {"type": "Point", "coordinates": [19.1273969, 47.4286358]}}, {"type": "Feature", "properties": {"code": "KÖk", "reg": "xx-kesz"}, "geometry": {"type": "Point", "coordinates": [19.1554385, 47.4279601]}}, {"type": "Feature", "properties": {"code": "KÖu-3", "reg": "xx-kesz"}, "geometry": {"type": "Point", "coordinates": [19.155685, 47.4274021]}}, {"type": "Feature", "properties": {"code": "KÖu-4", "reg": "xx-kesz"}, "geometry": {"type": "Point", "coordinates": [19.13193, 47.4269944]}}, {"type": "Feature", "properties": {"code": "Ek-1", "reg": "xx-kesz"}, "geometry": {"type": "Point", "coordinates": [19.1317927, 47.4262612]}}, {"type": "Feature", "properties": {"code": "KÖu-3", "reg": "xx-kesz"}, "geometry": {"type": "Point", "coordinates": [19.1551402, 47.4261112]}}, {"type": "Feature", "properties": {"code": "KÖu-1", "reg": "xx-kesz"}, "geometry": {"type": "Point", "coordinates": [19.1525396, 47.4259191]}}, {"type": "Feature", "properties": {"code": "KÖu-3", "reg": "xx-kesz"}, "geometry": {"type": "Point", "coordinates": [19.1575371, 47.4257399]}}, {"type": "Feature", "properties": {"code": "Kb-Ez", "reg": "xx-kesz"}, "geometry": {"type": "Point", "coordinates": [19.1499185, 47.4254783]}}, {"type": "Feature", "properties": {"code": "K-Eü", "reg": "xx-kesz"}, "geometry": {"type": "Point", "coordinates": [19.1336992, 47.4249562]}}, {"type": "Feature", "properties": {"code": "KÖu-3", "reg": "xx-kesz"}, "geometry": {"type": "Point", "coordinates": [19.1532005, 47.4250086]}}, {"type": "Feature", "properties": {"code": "KÖu-3", "reg": "xx-kesz"}, "geometry": {"type": "Point", "coordinates": [19.1493549, 47.4243485]}}, {"type": "Feature", "properties": {"code": "KÖu-4", "reg": "xx-kesz"}, "geometry": {"type": "Point", "coordinates": [19.127094, 47.4237161]}}, {"type": "Feature", "properties": {"code": "KÖu-3", "reg": "xx-kesz"}, "geometry": {"type": "Point", "coordinates": [19.155727, 47.4238808]}}, {"type": "Feature", "properties": {"code": "KÖu-1", "reg": "xx-kesz"}, "geometry": {"type": "Point", "coordinates": [19.1545177, 47.42314]}}, {"type": "Feature", "properties": {"code": "KÖu-1", "reg": "xx-kesz"}, "geometry": {"type": "Point", "coordinates": [19.152296, 47.4228532]}}, {"type": "Feature", "properties": {"code": "KÖu-3", "reg": "xx-kesz"}, "geometry": {"type": "Point", "coordinates": [19.1507466, 47.4208298]}}, {"type": "Feature", "properties": {"code": "KÖu-3", "reg": "xx-kesz"}, "geometry": {"type": "Point", "coordinates": [19.1484585, 47.4195991]}}, {"type": "Feature", "properties": {"code": "KÖu-3", "reg": "xx-kesz"}, "geometry": {"type": "Point", "coordinates": [19.1456454, 47.4177773]}}]}