{"type": "FeatureCollection", "features": [{"type": "Feature", "properties": {"code": "Lke-3/SZ-1", "reg": "ii-kesz", "conf": 0.999}, "geometry": {"type": "Point", "coordinates": [18.9336332, 47.5681719]}}, {"type": "Feature", "properties": {"code": "Lke-2/SZ-10", "reg": "ii-kesz", "conf": 0.997}, "geometry": {"type": "Point", "coordinates": [18.9358992, 47.5665943]}}, {"type": "Feature", "properties": {"code": "Lke-2/SZ-10", "reg": "ii-kesz", "conf": 0.996}, "geometry": {"type": "Point", "coordinates": [18.9358837, 47.5707305]}}, {"type": "Feature", "properties": {"code": "Lke-2/SZ-10", "reg": "ii-kesz", "conf": 0.996}, "geometry": {"type": "Point", "coordinates": [18.9401305, 47.5678068]}}, {"type": "Feature", "properties": {"code": "Lke-3/SZ-1", "reg": "ii-kesz", "conf": 0.995}, "geometry": {"type": "Point", "coordinates": [18.9324138, 47.5684869]}}, {"type": "Feature", "properties": {"code": "Lke-2/SZ-10", "reg": "ii-kesz", "conf": 0.995}, "geometry": {"type": "Point", "coordinates": [18.9373742, 47.5666968]}}, {"type": "Feature", "properties": {"code": "Mk-1", "reg": "ii-kesz", "conf": 0.993}, "geometry": {"type": "Point", "coordinates": [18.9319362, 47.5718206]}}, {"type": "Feature", "properties": {"code": "Lke-2/SZ-10", "reg": "ii-kesz", "conf": 0.993}, "geometry": {"type": "Point", "coordinates": [18.9370544, 47.5713268]}}, {"type": "Feature", "properties": {"code": "Lke-2/SZ-10", "reg": "ii-kesz", "conf": 0.993}, "geometry": {"type": "Point", "coordinates": [18.9391061, 47.5672901]}}, {"type": "Feature", "properties": {"code": "Lke-2/SZ-10", "reg": "ii-kesz", "conf": 0.992}, "geometry": {"type": "Point", "coordinates": [18.9401681, 47.5717508]}}, {"type": "Feature", "properties": {"code": "Lke-3/SZ-3", "reg": "ii-kesz", "conf": 0.989}, "geometry": {"type": "Point", "coordinates": [18.9345041, 47.5696221]}}, {"type": "Feature", "properties": {"code": "Lke-2/SZ-10", "reg": "ii-kesz", "conf": 0.988}, "geometry": {"type": "Point", "coordinates": [18.9381317, 47.5658926]}}, {"type": "Feature", "properties": {"code": "Lke-2/SZ-10", "reg": "ii-kesz", "conf": 0.987}, "geometry": {"type": "Point", "coordinates": [18.9384554, 47.5679593]}}, {"type": "Feature", "properties": {"code": "Lke-2/SZ-11", "reg": "ii-kesz", "conf": 0.987}, "geometry": {"type": "Point", "coordinates": [18.9370137, 47.5674092]}}, {"type": "Feature", "properties": {"code": "Lke-2/SZ-10", "reg": "ii-kesz", "conf": 0.986}, "geometry": {"type": "Point", "coordinates": [18.9397351, 47.5664419]}}, {"type": "Feature", "properties": {"code": "Lke-2/SZ-10", "reg": "ii-kesz", "conf": 0.985}, "geometry": {"type": "Point", "coordinates": [18.9392034, 47.5709037]}}, {"type": "Feature", "properties": {"code": "Vf-P", "reg": "ii-kesz", "conf": 0.983}, "geometry": {"type": "Point", "coordinates": [18.93912, 47.5737315]}}, {"type": "Feature", "properties": {"code": "Lke-3/SZ-3", "reg": "ii-kesz", "conf": 0.983}, "geometry": {"type": "Point", "coordinates": [18.9351907, 47.5660508]}}, {"type": "Feature", "properties": {"code": "Lke-2/SZ-10", "reg": "ii-kesz", "conf": 0.982}, "geometry": {"type": "Point", "coordinates": [18.9387859, 47.5694695]}}, {"type": "Feature", "properties": {"code": "Lke-2/SZ-10", "reg": "ii-kesz", "conf": 0.982}, "geometry": {"type": "Point", "coordinates": [18.9402495, 47.5657913]}}, {"type": "Feature", "properties": {"code": "Mk-1", "reg": "ii-kesz", "conf": 0.979}, "geometry": {"type": "Point", "coordinates": [18.9306135, 47.5710684]}}, {"type": "Feature", "properties": {"code": "Mk-1", "reg": "ii-kesz", "conf": 0.969}, "geometry": {"type": "Point", "coordinates": [18.937812, 47.5737656]}}, {"type": "Feature", "properties": {"code": "Lke-2/SZ-10", "reg": "ii-kesz", "conf": 0.943}, "geometry": {"type": "Point", "coordinates": [18.9375503, 47.5689535]}}, {"type": "Feature", "properties": {"code": "Ek-1", "reg": "ii-kesz", "conf": 0.926}, "geometry": {"type": "Point", "coordinates": [18.93895, 47.572129]}}, {"type": "Feature", "properties": {"code": "Ek-Tv/1", "reg": "ii-kesz", "conf": 0.91}, "geometry": {"type": "Point", "coordinates": [18.9336029, 47.5660803]}}, {"type": "Feature", "properties": {"code": "Ek-Tv/1", "reg": "ii-kesz", "conf": 0.901}, "geometry": {"type": "Point", "coordinates": [18.9400595, 47.5755979]}}, {"type": "Feature", "properties": {"code": "Lke-3/SZ-1", "reg": "ii-kesz", "conf": 0.878}, "geometry": {"type": "Point", "coordinates": [18.9311727, 47.5700959]}}, {"type": "Feature", "properties": {"code": "Vi-2/SZ-15", "reg": "ii-kesz", "conf": 0.995}, "geometry": {"type": "Point", "coordinates": [18.960277, 47.5662867]}}, {"type": "Feature", "properties": {"code": "Vi-2/SZ-36", "reg": "ii-kesz", "conf": 0.994}, "geometry": {"type": "Point", "coordinates": [18.9606274, 47.5655518]}}, {"type": "Feature", "properties": {"code": "Zkp-Kp/2", "reg": "ii-kesz", "conf": 0.993}, "geometry": {"type": "Point", "coordinates": [18.9602106, 47.5676652]}}, {"type": "Feature", "properties": {"code": "Vi-2/SZ-13", "reg": "ii-kesz", "conf": 0.991}, "geometry": {"type": "Point", "coordinates": [18.9613118, 47.5659468]}}, {"type": "Feature", "properties": {"code": "Lke-2/SZ-1", "reg": "ii-kesz", "conf": 0.989}, "geometry": {"type": "Point", "coordinates": [18.9508379, 47.5661969]}}, {"type": "Feature", "properties": {"code": "Zkp-Kp/1", "reg": "ii-kesz", "conf": 0.988}, "geometry": {"type": "Point", "coordinates": [18.9565318, 47.5692807]}}, {"type": "Feature", "properties": {"code": "Lke-2/SZ-10", "reg": "ii-kesz", "conf": 0.988}, "geometry": {"type": "Point", "coordinates": [18.944696, 47.5656601]}}, {"type": "Feature", "properties": {"code": "Vi-2/SZ-7", "reg": "ii-kesz", "conf": 0.988}, "geometry": {"type": "Point", "coordinates": [18.9612974, 47.5654353]}}, {"type": "Feature", "properties": {"code": "Lke-2/SZ-10", "reg": "ii-kesz", "conf": 0.987}, "geometry": {"type": "Point", "coordinates": [18.9448385, 47.5682741]}}, {"type": "Feature", "properties": {"code": "Lke-3/SZ-4", "reg": "ii-kesz", "conf": 0.987}, "geometry": {"type": "Point", "coordinates": [18.9605257, 47.5689706]}}, {"type": "Feature", "properties": {"code": "Lke-2/SZ-10", "reg": "ii-kesz", "conf": 0.987}, "geometry": {"type": "Point", "coordinates": [18.949508, 47.5654562]}}, {"type": "Feature", "properties": {"code": "Lke-2/SZ-10", "reg": "ii-kesz", "conf": 0.986}, "geometry": {"type": "Point", "coordinates": [18.942431, 47.5693205]}}, {"type": "Feature", "properties": {"code": "Lke-2/SZ-10", "reg": "ii-kesz", "conf": 0.986}, "geometry": {"type": "Point", "coordinates": [18.9444682, 47.5667071]}}, {"type": "Feature", "properties": {"code": "Lke-2/SZ-10", "reg": "ii-kesz", "conf": 0.984}, "geometry": {"type": "Point", "coordinates": [18.9418592, 47.5702904]}}, {"type": "Feature", "properties": {"code": "Lke-2/SZ-10", "reg": "ii-kesz", "conf": 0.982}, "geometry": {"type": "Point", "coordinates": [18.9469285, 47.5715742]}}, {"type": "Feature", "properties": {"code": "Kb-T-1", "reg": "ii-kesz", "conf": 0.982}, "geometry": {"type": "Point", "coordinates": [18.9526595, 47.5715773]}}, {"type": "Feature", "properties": {"code": "Lke-2/SZ-10", "reg": "ii-kesz", "conf": 0.982}, "geometry": {"type": "Point", "coordinates": [18.946178, 47.5673105]}}, {"type": "Feature", "properties": {"code": "Lke-2/SZ-10", "reg": "ii-kesz", "conf": 0.982}, "geometry": {"type": "Point", "coordinates": [18.9510395, 47.5677225]}}, {"type": "Feature", "properties": {"code": "K-Rek/SZ-3", "reg": "ii-kesz", "conf": 0.982}, "geometry": {"type": "Point", "coordinates": [18.951315, 47.5653452]}}, {"type": "Feature", "properties": {"code": "Lke-2/SZ-10", "reg": "ii-kesz", "conf": 0.981}, "geometry": {"type": "Point", "coordinates": [18.9462939, 47.5655191]}}, {"type": "Feature", "properties": {"code": "Lke-2/SZ-10", "reg": "ii-kesz", "conf": 0.981}, "geometry": {"type": "Point", "coordinates": [18.9476416, 47.5656985]}}, {"type": "Feature", "properties": {"code": "Lke-2/SZ-10", "reg": "ii-kesz", "conf": 0.981}, "geometry": {"type": "Point", "coordinates": [18.9534644, 47.5653491]}}, {"type": "Feature", "properties": {"code": "Lke-3/SZ-3", "reg": "ii-kesz", "conf": 0.98}, "geometry": {"type": "Point", "coordinates": [18.9554091, 47.5738721]}}, {"type": "Feature", "properties": {"code": "Lke-3/SZ-3", "reg": "ii-kesz", "conf": 0.98}, "geometry": {"type": "Point", "coordinates": [18.9531925, 47.5727407]}}, {"type": "Feature", "properties": {"code": "Lke-3/SZ-3", "reg": "ii-kesz", "conf": 0.98}, "geometry": {"type": "Point", "coordinates": [18.9558745, 47.5730329]}}, {"type": "Feature", "properties": {"code": "Lke-2/SZ-10", "reg": "ii-kesz", "conf": 0.98}, "geometry": {"type": "Point", "coordinates": [18.9528058, 47.5667329]}}, {"type": "Feature", "properties": {"code": "Lke-2/SZ-10", "reg": "ii-kesz", "conf": 0.98}, "geometry": {"type": "Point", "coordinates": [18.9426905, 47.5653856]}}, {"type": "Feature", "properties": {"code": "Lke-2/SZ-10", "reg": "ii-kesz", "conf": 0.979}, "geometry": {"type": "Point", "coordinates": [18.9436216, 47.5685966]}}, {"type": "Feature", "properties": {"code": "Lke-2/SZ-8", "reg": "ii-kesz", "conf": 0.979}, "geometry": {"type": "Point", "coordinates": [18.9535707, 47.5684194]}}, {"type": "Feature", "properties": {"code": "Lke-3/SZ-4", "reg": "ii-kesz", "conf": 0.979}, "geometry": {"type": "Point", "coordinates": [18.9585272, 47.5675068]}}, {"type": "Feature", "properties": {"code": "Lke-3/SZ-4", "reg": "ii-kesz", "conf": 0.979}, "geometry": {"type": "Point", "coordinates": [18.9578197, 47.5668239]}}, {"type": "Feature", "properties": {"code": "Lke-3/SZ-3", "reg": "ii-kesz", "conf": 0.978}, "geometry": {"type": "Point", "coordinates": [18.9592934, 47.5683894]}}, {"type": "Feature", "properties": {"code": "Lke-2/SZ-10", "reg": "ii-kesz", "conf": 0.978}, "geometry": {"type": "Point", "coordinates": [18.9611578, 47.5672588]}}, {"type": "Feature", "properties": {"code": "Lke-2/SZ-10", "reg": "ii-kesz", "conf": 0.977}, "geometry": {"type": "Point", "coordinates": [18.9436393, 47.5660332]}}, {"type": "Feature", "properties": {"code": "Lke-2/Z-2", "reg": "ii-kesz", "conf": 0.977}, "geometry": {"type": "Point", "coordinates": [18.956646, 47.5655132]}}, {"type": "Feature", "properties": {"code": "Lke-2/SZ-12", "reg": "ii-kesz", "conf": 0.976}, "geometry": {"type": "Point", "coordinates": [18.9607743, 47.5675842]}}, {"type": "Feature", "properties": {"code": "Lke-2/SZ-10", "reg": "ii-kesz", "conf": 0.975}, "geometry": {"type": "Point", "coordinates": [18.9454856, 47.5667113]}}, {"type": "Feature", "properties": {"code": "Lke-2/SZ-10", "reg": "ii-kesz", "conf": 0.975}, "geometry": {"type": "Point", "coordinates": [18.9419988, 47.565884]}}, {"type": "Feature", "properties": {"code": "Lke-2/SZ-1", "reg": "ii-kesz", "conf": 0.975}, "geometry": {"type": "Point", "coordinates": [18.9502228, 47.5657394]}}, {"type": "Feature", "properties": {"code": "Gksz-2/SZ-2", "reg": "ii-kesz", "conf": 0.974}, "geometry": {"type": "Point", "coordinates": [18.9465711, 47.5724536]}}, {"type": "Feature", "properties": {"code": "Lke-3/SZ-2", "reg": "ii-kesz", "conf": 0.974}, "geometry": {"type": "Point", "coordinates": [18.9571054, 47.5724076]}}, {"type": "Feature", "properties": {"code": "Lke-2/Z-1", "reg": "ii-kesz", "conf": 0.974}, "geometry": {"type": "Point", "coordinates": [18.9485076, 47.5716017]}}, {"type": "Feature", "properties": {"code": "Lke-2/SZ-10", "reg": "ii-kesz", "conf": 0.974}, "geometry": {"type": "Point", "coordinates": [18.9429078, 47.5666096]}}, {"type": "Feature", "properties": {"code": "Lke-2/SZ-10", "reg": "ii-kesz", "conf": 0.974}, "geometry": {"type": "Point", "coordinates": [18.950653, 47.5667955]}}, {"type": "Feature", "properties": {"code": "Lke-2/SZ-10", "reg": "ii-kesz", "conf": 0.974}, "geometry": {"type": "Point", "coordinates": [18.9418469, 47.5664482]}}, {"type": "Feature", "properties": {"code": "Mk-2", "reg": "ii-kesz", "conf": 0.973}, "geometry": {"type": "Point", "coordinates": [18.9602135, 47.5751614]}}, {"type": "Feature", "properties": {"code": "Lke-2/SZ-10", "reg": "ii-kesz", "conf": 0.973}, "geometry": {"type": "Point", "coordinates": [18.9493218, 47.566814]}}, {"type": "Feature", "properties": {"code": "Lke-2/Z-2", "reg": "ii-kesz", "conf": 0.973}, "geometry": {"type": "Point", "coordinates": [18.9533551, 47.5671909]}}, {"type": "Feature", "properties": {"code": "Lke-3/SZ-4", "reg": "ii-kesz", "conf": 0.973}, "geometry": {"type": "Point", "coordinates": [18.9595523, 47.5668401]}}, {"type": "Feature", "properties": {"code": "Lke-3/SZ-4", "reg": "ii-kesz", "conf": 0.973}, "geometry": {"type": "Point", "coordinates": [18.9612291, 47.569056]}}, {"type": "Feature", "properties": {"code": "Lke-2/SZ-10", "reg": "ii-kesz", "conf": 0.972}, "geometry": {"type": "Point", "coordinates": [18.9495917, 47.5709717]}}, {"type": "Feature", "properties": {"code": "Lke-2/SZ-10", "reg": "ii-kesz", "conf": 0.972}, "geometry": {"type": "Point", "coordinates": [18.949009, 47.5683139]}}, {"type": "Feature", "properties": {"code": "Lke-2/SZ-10", "reg": "ii-kesz", "conf": 0.972}, "geometry": {"type": "Point", "coordinates": [18.9468268, 47.5666997]}}, {"type": "Feature", "properties": {"code": "Mk-2", "reg": "ii-kesz", "conf": 0.97}, "geometry": {"type": "Point", "coordinates": [18.9557687, 47.5758221]}}, {"type": "Feature", "properties": {"code": "Lke-3/SZ-4", "reg": "ii-kesz", "conf": 0.97}, "geometry": {"type": "Point", "coordinates": [18.9588428, 47.566414]}}, {"type": "Feature", "properties": {"code": "Vf-P", "reg": "ii-kesz", "conf": 0.969}, "geometry": {"type": "Point", "coordinates": [18.9429129, 47.5737961]}}, {"type": "Feature", "properties": {"code": "Gksz-2/SZ-1", "reg": "ii-kesz", "conf": 0.969}, "geometry": {"type": "Point", "coordinates": [18.9462382, 47.5717181]}}, {"type": "Feature", "properties": {"code": "Vf-P", "reg": "ii-kesz", "conf": 0.969}, "geometry": {"type": "Point", "coordinates": [18.9508706, 47.5709177]}}, {"type": "Feature", "properties": {"code": "Lke-3/SZ-4", "reg": "ii-kesz", "conf": 0.969}, "geometry": {"type": "Point", "coordinates": [18.9596765, 47.5682727]}}, {"type": "Feature", "properties": {"code": "Lke-2/O-6", "reg": "ii-kesz", "conf": 0.968}, "geometry": {"type": "Point", "coordinates": [18.9495314, 47.5686297]}}, {"type": "Feature", "properties": {"code": "Lke-2/O-4", "reg": "ii-kesz", "conf": 0.968}, "geometry": {"type": "Point", "coordinates": [18.9546162, 47.5676931]}}, {"type": "Feature", "properties": {"code": "Lke-3/SZ-4", "reg": "ii-kesz", "conf": 0.968}, "geometry": {"type": "Point", "coordinates": [18.9612653, 47.5695653]}}, {"type": "Feature", "properties": {"code": "Lke-2/SZ-12", "reg": "ii-kesz", "conf": 0.968}, "geometry": {"type": "Point", "coordinates": [18.9613387, 47.5680514]}}, {"type": "Feature", "properties": {"code": "Lke-3/SZ-3", "reg": "ii-kesz", "conf": 0.967}, "geometry": {"type": "Point", "coordinates": [18.9561403, 47.5713919]}}, {"type": "Feature", "properties": {"code": "Lke-3/SZ-4", "reg": "ii-kesz", "conf": 0.967}, "geometry": {"type": "Point", "coordinates": [18.9599183, 47.5679632]}}, {"type": "Feature", "properties": {"code": "Mk-2", "reg": "ii-kesz", "conf": 0.966}, "geometry": {"type": "Point", "coordinates": [18.9546062, 47.5769074]}}, {"type": "Feature", "properties": {"code": "Lke-3/O-1", "reg": "ii-kesz", "conf": 0.965}, "geometry": {"type": "Point", "coordinates": [18.9553618, 47.5677625]}}, {"type": "Feature", "properties": {"code": "Lke-3/O-1", "reg": "ii-kesz", "conf": 0.965}, "geometry": {"type": "Point", "coordinates": [18.9582538, 47.5654869]}}, {"type": "Feature", "properties": {"code": "Lke-2/O-6", "reg": "ii-kesz", "conf": 0.964}, "geometry": {"type": "Point", "coordinates": [18.9519267, 47.5678482]}}, {"type": "Feature", "properties": {"code": "Lke-2/Z-1", "reg": "ii-kesz", "conf": 0.963}, "geometry": {"type": "Point", "coordinates": [18.9472613, 47.5702532]}}, {"type": "Feature", "properties": {"code": "Lke-2/SZ-10", "reg": "ii-kesz", "conf": 0.963}, "geometry": {"type": "Point", "coordinates": [18.9545654, 47.5657536]}}, {"type": "Feature", "properties": {"code": "Lke-3/O-4", "reg": "ii-kesz", "conf": 0.962}, "geometry": {"type": "Point", "coordinates": [18.9574085, 47.5665747]}}, {"type": "Feature", "properties": {"code": "Lke-2/SZ-10", "reg": "ii-kesz", "conf": 0.961}, "geometry": {"type": "Point", "coordinates": [18.943172, 47.5680927]}}, {"type": "Feature", "properties": {"code": "Lke-2/SZ-8", "reg": "ii-kesz", "conf": 0.961}, "geometry": {"type": "Point", "coordinates": [18.9496724, 47.5659885]}}, {"type": "Feature", "properties": {"code": "Mk-1", "reg": "ii-kesz", "conf": 0.96}, "geometry": {"type": "Point", "coordinates": [18.9438316, 47.573275]}}, {"type": "Feature", "properties": {"code": "Lke-2/Z-2", "reg": "ii-kesz", "conf": 0.958}, "geometry": {"type": "Point", "coordinates": [18.9549589, 47.5665269]}}, {"type": "Feature", "properties": {"code": "Lke-2/SZ-10", "reg": "ii-kesz", "conf": 0.957}, "geometry": {"type": "Point", "coordinates": [18.948288, 47.5665792]}}, {"type": "Feature", "properties": {"code": "Lke-2/Z-1", "reg": "ii-kesz", "conf": 0.953}, "geometry": {"type": "Point", "coordinates": [18.9478491, 47.5708603]}}, {"type": "Feature", "properties": {"code": "Lke-2/O-4", "reg": "ii-kesz", "conf": 0.953}, "geometry": {"type": "Point", "coordinates": [18.9557582, 47.56675]}}, {"type": "Feature", "properties": {"code": "Lke-3/O-4", "reg": "ii-kesz", "conf": 0.953}, "geometry": {"type": "Point", "coordinates": [18.9592452, 47.5658868]}}, {"type": "Feature", "properties": {"code": "Lke-3/EI/SZ-1", "reg": "ii-kesz", "conf": 0.952}, "geometry": {"type": "Point", "coordinates": [18.9593152, 47.5653409]}}, {"type": "Feature", "properties": {"code": "Lke-3/O-2", "reg": "ii-kesz", "conf": 0.95}, "geometry": {"type": "Point", "coordinates": [18.95812, 47.57196]}}, {"type": "Feature", "properties": {"code": "Lke-2/O-4", "reg": "ii-kesz", "conf": 0.948}, "geometry": {"type": "Point", "coordinates": [18.9517145, 47.5696728]}}, {"type": "Feature", "properties": {"code": "Ek-Tv/1", "reg": "ii-kesz", "conf": 0.946}, "geometry": {"type": "Point", "coordinates": [18.9511228, 47.5766352]}}, {"type": "Feature", "properties": {"code": "Lke-3/O-3", "reg": "ii-kesz", "conf": 0.94}, "geometry": {"type": "Point", "coordinates": [18.9553077, 47.5683405]}}, {"type": "Feature", "properties": {"code": "Lke-2/SZ-10", "reg": "ii-kesz", "conf": 0.938}, "geometry": {"type": "Point", "coordinates": [18.9419694, 47.567914]}}, {"type": "Feature", "properties": {"code": "Lke-3/O-3", "reg": "ii-kesz", "conf": 0.937}, "geometry": {"type": "Point", "coordinates": [18.9572234, 47.5672799]}}, {"type": "Feature", "properties": {"code": "Lke-3/O-3", "reg": "ii-kesz", "conf": 0.935}, "geometry": {"type": "Point", "coordinates": [18.9563126, 47.5682116]}}, {"type": "Feature", "properties": {"code": "Lke-2/SZ-10", "reg": "ii-kesz", "conf": 0.933}, "geometry": {"type": "Point", "coordinates": [18.9493808, 47.5699784]}}, {"type": "Feature", "properties": {"code": "Lke-3/O-2", "reg": "ii-kesz", "conf": 0.933}, "geometry": {"type": "Point", "coordinates": [18.957208, 47.570513]}}, {"type": "Feature", "properties": {"code": "Lke-2/O-4", "reg": "ii-kesz", "conf": 0.931}, "geometry": {"type": "Point", "coordinates": [18.9540068, 47.5678922]}}, {"type": "Feature", "properties": {"code": "Ek-Tv/1", "reg": "ii-kesz", "conf": 0.93}, "geometry": {"type": "Point", "coordinates": [18.9598521, 47.5764296]}}, {"type": "Feature", "properties": {"code": "Ek-Tv/1", "reg": "ii-kesz", "conf": 0.927}, "geometry": {"type": "Point", "coordinates": [18.9428319, 47.5758846]}}, {"type": "Feature", "properties": {"code": "Ek-Tv/1", "reg": "ii-kesz", "conf": 0.92}, "geometry": {"type": "Point", "coordinates": [18.9558359, 47.577031]}}, {"type": "Feature", "properties": {"code": "Lke-3/O-2", "reg": "ii-kesz", "conf": 0.918}, "geometry": {"type": "Point", "coordinates": [18.9608157, 47.5700868]}}, {"type": "Feature", "properties": {"code": "Lke-2/SZ-10", "reg": "ii-kesz", "conf": 0.918}, "geometry": {"type": "Point", "coordinates": [18.9482792, 47.5678408]}}, {"type": "Feature", "properties": {"code": "Lke-3/O-2", "reg": "ii-kesz", "conf": 0.916}, "geometry": {"type": "Point", "coordinates": [18.9553242, 47.5711527]}}, {"type": "Feature", "properties": {"code": "Lke-3/O-2", "reg": "ii-kesz", "conf": 0.91}, "geometry": {"type": "Point", "coordinates": [18.9553292, 47.5711527]}}, {"type": "Feature", "properties": {"code": "Ek-Tv/1", "reg": "ii-kesz", "conf": 0.91}, "geometry": {"type": "Point", "coordinates": [18.9514728, 47.5709995]}}, {"type": "Feature", "properties": {"code": "Ek-Tv/1", "reg": "ii-kesz", "conf": 0.897}, "geometry": {"type": "Point", "coordinates": [18.9473915, 47.5742376]}}, {"type": "Feature", "properties": {"code": "Lke-2/AI/O-1", "reg": "ii-kesz", "conf": 0.889}, "geometry": {"type": "Point", "coordinates": [18.9540277, 47.5674977]}}, {"type": "Feature", "properties": {"code": "Ek-Tv/1", "reg": "ii-kesz", "conf": 0.887}, "geometry": {"type": "Point", "coordinates": [18.9601267, 47.5735832]}}, {"type": "Feature", "properties": {"code": "Mk-1", "reg": "ii-kesz", "conf": 0.886}, "geometry": {"type": "Point", "coordinates": [18.9436237, 47.5724387]}}, {"type": "Feature", "properties": {"code": "Ek-6", "reg": "ii-kesz", "conf": 0.884}, "geometry": {"type": "Point", "coordinates": [18.954194, 47.570013]}}, {"type": "Feature", "properties": {"code": "Ek-Tv/1", "reg": "ii-kesz", "conf": 0.878}, "geometry": {"type": "Point", "coordinates": [18.960125, 47.5735832]}}, {"type": "Feature", "properties": {"code": "Lke-3/O-2", "reg": "ii-kesz", "conf": 0.877}, "geometry": {"type": "Point", "coordinates": [18.9592415, 47.5711958]}}, {"type": "Feature", "properties": {"code": "Lke-3/O-2", "reg": "ii-kesz", "conf": 0.874}, "geometry": {"type": "Point", "coordinates": [18.9599769, 47.5692787]}}, {"type": "Feature", "properties": {"code": "Ek-Tv/1", "reg": "ii-kesz", "conf": 0.867}, "geometry": {"type": "Point", "coordinates": [18.9566956, 47.5743364]}}, {"type": "Feature", "properties": {"code": "Vi-2/SZ-36", "reg": "ii-kesz", "conf": 0.996}, "geometry": {"type": "Point", "coordinates": [18.9606321, 47.5655568]}}, {"type": "Feature", "properties": {"code": "Vi-2/SZ-15", "reg": "ii-kesz", "conf": 0.995}, "geometry": {"type": "Point", "coordinates": [18.9602807, 47.5662926]}}, {"type": "Feature", "properties": {"code": "Vi-2/SZ-13", "reg": "ii-kesz", "conf": 0.993}, "geometry": {"type": "Point", "coordinates": [18.9613165, 47.5659526]}}, {"type": "Feature", "properties": {"code": "Zkp-Kp/2", "reg": "ii-kesz", "conf": 0.992}, "geometry": {"type": "Point", "coordinates": [18.9602153, 47.5676706]}}, {"type": "Feature", "properties": {"code": "Vi-2/SZ-7", "reg": "ii-kesz", "conf": 0.988}, "geometry": {"type": "Point", "coordinates": [18.9612984, 47.5654413]}}, {"type": "Feature", "properties": {"code": "Lke-2/SZ-10", "reg": "ii-kesz", "conf": 0.987}, "geometry": {"type": "Point", "coordinates": [18.9669403, 47.5663678]}}, {"type": "Feature", "properties": {"code": "Lke-2/SZ-12", "reg": "ii-kesz", "conf": 0.986}, "geometry": {"type": "Point", "coordinates": [18.9640523, 47.5654298]}}, {"type": "Feature", "properties": {"code": "Zkp-Kp/2", "reg": "ii-kesz", "conf": 0.985}, "geometry": {"type": "Point", "coordinates": [18.9621936, 47.5693155]}}, {"type": "Feature", "properties": {"code": "Lke-2/SZ-12", "reg": "ii-kesz", "conf": 0.984}, "geometry": {"type": "Point", "coordinates": [18.9646637, 47.5662407]}}, {"type": "Feature", "properties": {"code": "Mk-2", "reg": "ii-kesz", "conf": 0.982}, "geometry": {"type": "Point", "coordinates": [18.9635612, 47.5747801]}}, {"type": "Feature", "properties": {"code": "Lke-3/SZ-3", "reg": "ii-kesz", "conf": 0.981}, "geometry": {"type": "Point", "coordinates": [18.9593006, 47.5683948]}}, {"type": "Feature", "properties": {"code": "Lke-2/SZ-12", "reg": "ii-kesz", "conf": 0.981}, "geometry": {"type": "Point", "coordinates": [18.9607803, 47.5675895]}}, {"type": "Feature", "properties": {"code": "Lke-2/SZ-10", "reg": "ii-kesz", "conf": 0.981}, "geometry": {"type": "Point", "coordinates": [18.9611634, 47.5672641]}}, {"type": "Feature", "properties": {"code": "Lke-3/SZ-4", "reg": "ii-kesz", "conf": 0.98}, "geometry": {"type": "Point", "coordinates": [18.9605311, 47.5689731]}}, {"type": "Feature", "properties": {"code": "Lke-2/SZ-10", "reg": "ii-kesz", "conf": 0.98}, "geometry": {"type": "Point", "coordinates": [18.9694244, 47.5663127]}}, {"type": "Feature", "properties": {"code": "Lke-3/SZ-4", "reg": "ii-kesz", "conf": 0.979}, "geometry": {"type": "Point", "coordinates": [18.9612759, 47.5695719]}}, {"type": "Feature", "properties": {"code": "Lke-2/SZ-12", "reg": "ii-kesz", "conf": 0.977}, "geometry": {"type": "Point", "coordinates": [18.9663927, 47.5657863]}}, {"type": "Feature", "properties": {"code": "Lke-2/SZ-12", "reg": "ii-kesz", "conf": 0.975}, "geometry": {"type": "Point", "coordinates": [18.9625379, 47.5689992]}}, {"type": "Feature", "properties": {"code": "Lke-2/Z-1", "reg": "ii-kesz", "conf": 0.975}, "geometry": {"type": "Point", "coordinates": [18.9687499, 47.5662734]}}, {"type": "Feature", "properties": {"code": "Mk-2", "reg": "ii-kesz", "conf": 0.973}, "geometry": {"type": "Point", "coordinates": [18.9602251, 47.575165]}}, {"type": "Feature", "properties": {"code": "Mk-2", "reg": "ii-kesz", "conf": 0.973}, "geometry": {"type": "Point", "coordinates": [18.9782769, 47.571166]}}, {"type": "Feature", "properties": {"code": "Lke-3/SZ-4", "reg": "ii-kesz", "conf": 0.973}, "geometry": {"type": "Point", "coordinates": [18.9595584, 47.566846]}}, {"type": "Feature", "properties": {"code": "Lke-3/SZ-4", "reg": "ii-kesz", "conf": 0.971}, "geometry": {"type": "Point", "coordinates": [18.9612326, 47.5690606]}}, {"type": "Feature", "properties": {"code": "Lke-2/O-4", "reg": "ii-kesz", "conf": 0.968}, "geometry": {"type": "Point", "coordinates": [18.9687356, 47.5653556]}}, {"type": "Feature", "properties": {"code": "Lke-2/SZ-12", "reg": "ii-kesz", "conf": 0.967}, "geometry": {"type": "Point", "coordinates": [18.9613448, 47.5680552]}}, {"type": "Feature", "properties": {"code": "Lke-2/O-4", "reg": "ii-kesz", "conf": 0.967}, "geometry": {"type": "Point", "coordinates": [18.9637058, 47.5680757]}}, {"type": "Feature", "properties": {"code": "Mk-2", "reg": "ii-kesz", "conf": 0.966}, "geometry": {"type": "Point", "coordinates": [18.9736701, 47.5724171]}}, {"type": "Feature", "properties": {"code": "Lke-3/SZ-4", "reg": "ii-kesz", "conf": 0.966}, "geometry": {"type": "Point", "coordinates": [18.9596852, 47.568278]}}, {"type": "Feature", "properties": {"code": "Mk-2", "reg": "ii-kesz", "conf": 0.965}, "geometry": {"type": "Point", "coordinates": [18.9674083, 47.574314]}}, {"type": "Feature", "properties": {"code": "Lke-2/O-1", "reg": "ii-kesz", "conf": 0.964}, "geometry": {"type": "Point", "coordinates": [18.9624037, 47.5664873]}}, {"type": "Feature", "properties": {"code": "Mk-2", "reg": "ii-kesz", "conf": 0.963}, "geometry": {"type": "Point", "coordinates": [18.9695383, 47.574339]}}, {"type": "Feature", "properties": {"code": "Mk-2", "reg": "ii-kesz", "conf": 0.962}, "geometry": {"type": "Point", "coordinates": [18.9621442, 47.575222]}}, {"type": "Feature", "properties": {"code": "Lk-2/SZ-23", "reg": "ii-kesz", "conf": 0.962}, "geometry": {"type": "Point", "coordinates": [18.9644861, 47.5668528]}}, {"type": "Feature", "properties": {"code": "Lke-2/SZ-10", "reg": "ii-kesz", "conf": 0.958}, "geometry": {"type": "Point", "coordinates": [18.9625908, 47.5683893]}}, {"type": "Feature", "properties": {"code": "Lke-3/O-4", "reg": "ii-kesz", "conf": 0.956}, "geometry": {"type": "Point", "coordinates": [18.9592523, 47.5658932]}}, {"type": "Feature", "properties": {"code": "Lke-2/SZ-10", "reg": "ii-kesz", "conf": 0.954}, "geometry": {"type": "Point", "coordinates": [18.9678175, 47.5661102]}}, {"type": "Feature", "properties": {"code": "Lke-2/O-1", "reg": "ii-kesz", "conf": 0.952}, "geometry": {"type": "Point", "coordinates": [18.9637265, 47.5675724]}}, {"type": "Feature", "properties": {"code": "Lke-3/SZ-4", "reg": "ii-kesz", "conf": 0.948}, "geometry": {"type": "Point", "coordinates": [18.9599216, 47.5679697]}}, {"type": "Feature", "properties": {"code": "Lk-2/SZ-23", "reg": "ii-kesz", "conf": 0.944}, "geometry": {"type": "Point", "coordinates": [18.9650825, 47.5674687]}}, {"type": "Feature", "properties": {"code": "Lke-2/O-5", "reg": "ii-kesz", "conf": 0.942}, "geometry": {"type": "Point", "coordinates": [18.9646774, 47.5678594]}}, {"type": "Feature", "properties": {"code": "Lk-2/SZ-23", "reg": "ii-kesz", "conf": 0.941}, "geometry": {"type": "Point", "coordinates": [18.9655549, 47.5672534]}}, {"type": "Feature", "properties": {"code": "Lke-2/O-1", "reg": "ii-kesz", "conf": 0.94}, "geometry": {"type": "Point", "coordinates": [18.9660879, 47.5653757]}}, {"type": "Feature", "properties": {"code": "Lke-3/O-5", "reg": "ii-kesz", "conf": 0.94}, "geometry": {"type": "Point", "coordinates": [18.970906, 47.5653526]}}, {"type": "Feature", "properties": {"code": "Lke-3/O-2", "reg": "ii-kesz", "conf": 0.916}, "geometry": {"type": "Point", "coordinates": [18.9592457, 47.571199]}}, {"type": "Feature", "properties": {"code": "Lke-2/O-3", "reg": "ii-kesz", "conf": 0.916}, "geometry": {"type": "Point", "coordinates": [18.9706066, 47.566288]}}, {"type": "Feature", "properties": {"code": "Ek-Tv/1", "reg": "ii-kesz", "conf": 0.914}, "geometry": {"type": "Point", "coordinates": [18.9784641, 47.5729374]}}, {"type": "Feature", "properties": {"code": "Lke-3/O-2", "reg": "ii-kesz", "conf": 0.899}, "geometry": {"type": "Point", "coordinates": [18.9608201, 47.5700911]}}, {"type": "Feature", "properties": {"code": "Ek-Tv/1", "reg": "ii-kesz", "conf": 0.892}, "geometry": {"type": "Point", "coordinates": [18.9705917, 47.5749918]}}, {"type": "Feature", "properties": {"code": "Ek-Tv/1", "reg": "ii-kesz", "conf": 0.885}, "geometry": {"type": "Point", "coordinates": [18.9601372, 47.573584]}}, {"type": "Feature", "properties": {"code": "Ek-Tv/1", "reg": "ii-kesz", "conf": 0.884}, "geometry": {"type": "Point", "coordinates": [18.9598613, 47.5764328]}}, {"type": "Feature", "properties": {"code": "Ek-Tv/1", "reg": "ii-kesz", "conf": 0.877}, "geometry": {"type": "Point", "coordinates": [18.9639533, 47.5756688]}}, {"type": "Feature", "properties": {"code": "Ek-1", "reg": "ii-kesz", "conf": 0.849}, "geometry": {"type": "Point", "coordinates": [18.9691495, 47.5717456]}}, {"type": "Feature", "properties": {"code": "Ek-Tv/1", "reg": "ii-kesz", "conf": 0.816}, "geometry": {"type": "Point", "coordinates": [18.9748009, 47.5732258]}}, {"type": "Feature", "properties": {"code": "Mk-2", "reg": "ii-kesz", "conf": 0.967}, "geometry": {"type": "Point", "coordinates": [18.9862124, 47.5665362]}}, {"type": "Feature", "properties": {"code": "Mk-2", "reg": "ii-kesz", "conf": 0.964}, "geometry": {"type": "Point", "coordinates": [18.9853638, 47.5659651]}}, {"type": "Feature", "properties": {"code": "Mk-2", "reg": "ii-kesz", "conf": 0.955}, "geometry": {"type": "Point", "coordinates": [18.9782806, 47.5711474]}}, {"type": "Feature", "properties": {"code": "Mk-2", "reg": "ii-kesz", "conf": 0.952}, "geometry": {"type": "Point", "coordinates": [18.9790105, 47.5718257]}}, {"type": "Feature", "properties": {"code": "Tk-1", "reg": "ii-kesz", "conf": 0.95}, "geometry": {"type": "Point", "coordinates": [18.9841228, 47.5653515]}}, {"type": "Feature", "properties": {"code": "Mk-2", "reg": "ii-kesz", "conf": 0.949}, "geometry": {"type": "Point", "coordinates": [18.9815001, 47.5675367]}}, {"type": "Feature", "properties": {"code": "Tk-1", "reg": "ii-kesz", "conf": 0.937}, "geometry": {"type": "Point", "coordinates": [18.9893535, 47.5653826]}}, {"type": "Feature", "properties": {"code": "Mk-2", "reg": "ii-kesz", "conf": 0.927}, "geometry": {"type": "Point", "coordinates": [18.9830912, 47.5686762]}}, {"type": "Feature", "properties": {"code": "Ek-Tv/1", "reg": "ii-kesz", "conf": 0.914}, "geometry": {"type": "Point", "coordinates": [18.9885093, 47.5665518]}}, {"type": "Feature", "properties": {"code": "Ek-Tv/1", "reg": "ii-kesz", "conf": 0.908}, "geometry": {"type": "Point", "coordinates": [18.981643, 47.5711001]}}, {"type": "Feature", "properties": {"code": "Ek-Tv/1", "reg": "ii-kesz", "conf": 0.876}, "geometry": {"type": "Point", "coordinates": [18.9784533, 47.5729214]}}, {"type": "Feature", "properties": {"code": "Ek-Tv/1", "reg": "ii-kesz", "conf": 0.874}, "geometry": {"type": "Point", "coordinates": [18.9885042, 47.5665529]}}, {"type": "Feature", "properties": {"code": "Tk-1", "reg": "ii-kesz", "conf": 0.872}, "geometry": {"type": "Point", "coordinates": [18.9826325, 47.5656639]}}, {"type": "Feature", "properties": {"code": "Ek-Tv/1", "reg": "ii-kesz", "conf": 0.861}, "geometry": {"type": "Point", "coordinates": [18.9816413, 47.5711001]}}, {"type": "Feature", "properties": {"code": "Vi-2/SZ-6", "reg": "ii-kesz", "conf": 0.997}, "geometry": {"type": "Point", "coordinates": [18.9474903, 47.5608682]}}, {"type": "Feature", "properties": {"code": "Vi-2/SZ-6", "reg": "ii-kesz", "conf": 0.995}, "geometry": {"type": "Point", "coordinates": [18.9443851, 47.5606775]}}, {"type": "Feature", "properties": {"code": "Vi-2/SZ-25", "reg": "ii-kesz", "conf": 0.993}, "geometry": {"type": "Point", "coordinates": [18.9477649, 47.5643994]}}, {"type": "Feature", "properties": {"code": "K-Rek/SZ-2", "reg": "ii-kesz", "conf": 0.992}, "geometry": {"type": "Point", "coordinates": [18.9508139, 47.5641294]}}, {"type": "Feature", "properties": {"code": "Lke-2/SZ-10", "reg": "ii-kesz", "conf": 0.988}, "geometry": {"type": "Point", "coordinates": [18.9502084, 47.553696]}}, {"type": "Feature", "properties": {"code": "Lke-2/SZ-1", "reg": "ii-kesz", "conf": 0.987}, "geometry": {"type": "Point", "coordinates": [18.950811, 47.5662098]}}, {"type": "Feature", "properties": {"code": "Lke-2/SZ-10", "reg": "ii-kesz", "conf": 0.987}, "geometry": {"type": "Point", "coordinates": [18.9409764, 47.5623772]}}, {"type": "Feature", "properties": {"code": "Lke-2/SZ-10", "reg": "ii-kesz", "conf": 0.987}, "geometry": {"type": "Point", "coordinates": [18.9453882, 47.5594978]}}, {"type": "Feature", "properties": {"code": "Lke-2/SZ-10", "reg": "ii-kesz", "conf": 0.986}, "geometry": {"type": "Point", "coordinates": [18.94469, 47.5656719]}}, {"type": "Feature", "properties": {"code": "Lke-2/SZ-10", "reg": "ii-kesz", "conf": 0.986}, "geometry": {"type": "Point", "coordinates": [18.9395229, 47.5604336]}}, {"type": "Feature", "properties": {"code": "Lke-2/SZ-10", "reg": "ii-kesz", "conf": 0.985}, "geometry": {"type": "Point", "coordinates": [18.9383909, 47.5636524]}}, {"type": "Feature", "properties": {"code": "Lke-2/SZ-10", "reg": "ii-kesz", "conf": 0.985}, "geometry": {"type": "Point", "coordinates": [18.9465811, 47.5576438]}}, {"type": "Feature", "properties": {"code": "Lke-2/SZ-10", "reg": "ii-kesz", "conf": 0.985}, "geometry": {"type": "Point", "coordinates": [18.9500103, 47.5603096]}}, {"type": "Feature", "properties": {"code": "Lke-2/SZ-10", "reg": "ii-kesz", "conf": 0.985}, "geometry": {"type": "Point", "coordinates": [18.9512272, 47.5537759]}}, {"type": "Feature", "properties": {"code": "Vi-2/SZ-25", "reg": "ii-kesz", "conf": 0.984}, "geometry": {"type": "Point", "coordinates": [18.9492772, 47.5648433]}}, {"type": "Feature", "properties": {"code": "Lke-2/SZ-1", "reg": "ii-kesz", "conf": 0.984}, "geometry": {"type": "Point", "coordinates": [18.950205, 47.565753]}}, {"type": "Feature", "properties": {"code": "Lke-2/SZ-10", "reg": "ii-kesz", "conf": 0.984}, "geometry": {"type": "Point", "coordinates": [18.9485522, 47.5604567]}}, {"type": "Feature", "properties": {"code": "Lke-2/SZ-10", "reg": "ii-kesz", "conf": 0.984}, "geometry": {"type": "Point", "coordinates": [18.9493189, 47.559703]}}, {"type": "Feature", "properties": {"code": "Lke-2/SZ-10", "reg": "ii-kesz", "conf": 0.984}, "geometry": {"type": "Point", "coordinates": [18.9493356, 47.5590298]}}, {"type": "Feature", "properties": {"code": "Lke-2/SZ-10", "reg": "ii-kesz", "conf": 0.984}, "geometry": {"type": "Point", "coordinates": [18.9469242, 47.5568749]}}, {"type": "Feature", "properties": {"code": "Lke-2/SZ-10", "reg": "ii-kesz", "conf": 0.983}, "geometry": {"type": "Point", "coordinates": [18.9402541, 47.5657988]}}, {"type": "Feature", "properties": {"code": "Lke-2/SZ-10", "reg": "ii-kesz", "conf": 0.983}, "geometry": {"type": "Point", "coordinates": [18.9462827, 47.565533]}}, {"type": "Feature", "properties": {"code": "Lke-2/SZ-10", "reg": "ii-kesz", "conf": 0.983}, "geometry": {"type": "Point", "coordinates": [18.9393364, 47.5626338]}}, {"type": "Feature", "properties": {"code": "Lke-2/SZ-10", "reg": "ii-kesz", "conf": 0.983}, "geometry": {"type": "Point", "coordinates": [18.9434518, 47.5607314]}}, {"type": "Feature", "properties": {"code": "Lke-2/SZ-10", "reg": "ii-kesz", "conf": 0.983}, "geometry": {"type": "Point", "coordinates": [18.9481298, 47.5628589]}}, {"type": "Feature", "properties": {"code": "Lke-2/SZ-10", "reg": "ii-kesz", "conf": 0.982}, "geometry": {"type": "Point", "coordinates": [18.9399436, 47.561808]}}, {"type": "Feature", "properties": {"code": "Lke-2/SZ-10", "reg": "ii-kesz", "conf": 0.982}, "geometry": {"type": "Point", "coordinates": [18.9434621, 47.5621328]}}, {"type": "Feature", "properties": {"code": "Zkp-Kp/1", "reg": "ii-kesz", "conf": 0.982}, "geometry": {"type": "Point", "coordinates": [18.9460717, 47.5613617]}}, {"type": "Feature", "properties": {"code": "Lke-2/SZ-10", "reg": "ii-kesz", "conf": 0.982}, "geometry": {"type": "Point", "coordinates": [18.9444652, 47.5549554]}}, {"type": "Feature", "properties": {"code": "Lke-2/SZ-10", "reg": "ii-kesz", "conf": 0.982}, "geometry": {"type": "Point", "coordinates": [18.9479381, 47.5553785]}}, {"type": "Feature", "properties": {"code": "Lke-3/SZ-3", "reg": "ii-kesz", "conf": 0.981}, "geometry": {"type": "Point", "coordinates": [18.9352025, 47.5660599]}}, {"type": "Feature", "properties": {"code": "Lke-2/SZ-10", "reg": "ii-kesz", "conf": 0.981}, "geometry": {"type": "Point", "coordinates": [18.9484456, 47.5615082]}}, {"type": "Feature", "properties": {"code": "Lke-2/SZ-10", "reg": "ii-kesz", "conf": 0.981}, "geometry": {"type": "Point", "coordinates": [18.9404454, 47.5599888]}}, {"type": "Feature", "properties": {"code": "Lke-3/SZ-3", "reg": "ii-kesz", "conf": 0.981}, "geometry": {"type": "Point", "coordinates": [18.9382093, 47.5576397]}}, {"type": "Feature", "properties": {"code": "Lke-2/SZ-10", "reg": "ii-kesz", "conf": 0.981}, "geometry": {"type": "Point", "coordinates": [18.9494096, 47.5544862]}}, {"type": "Feature", "properties": {"code": "Lke-2/SZ-10", "reg": "ii-kesz", "conf": 0.98}, "geometry": {"type": "Point", "coordinates": [18.9402446, 47.5632749]}}, {"type": "Feature", "properties": {"code": "Lke-2/SZ-10", "reg": "ii-kesz", "conf": 0.98}, "geometry": {"type": "Point", "coordinates": [18.9425829, 47.5605682]}}, {"type": "Feature", "properties": {"code": "Lke-2/SZ-10", "reg": "ii-kesz", "conf": 0.98}, "geometry": {"type": "Point", "coordinates": [18.9476965, 47.5596579]}}, {"type": "Feature", "properties": {"code": "Lke-2/SZ-10", "reg": "ii-kesz", "conf": 0.98}, "geometry": {"type": "Point", "coordinates": [18.95116, 47.5605108]}}, {"type": "Feature", "properties": {"code": "Lke-2/SZ-10", "reg": "ii-kesz", "conf": 0.979}, "geometry": {"type": "Point", "coordinates": [18.9377298, 47.5645102]}}, {"type": "Feature", "properties": {"code": "Lke-2/SZ-10", "reg": "ii-kesz", "conf": 0.979}, "geometry": {"type": "Point", "coordinates": [18.9436383, 47.5660446]}}, {"type": "Feature", "properties": {"code": "Lke-2/SZ-10", "reg": "ii-kesz", "conf": 0.979}, "geometry": {"type": "Point", "coordinates": [18.9476258, 47.5657081]}}, {"type": "Feature", "properties": {"code": "Lke-2/SZ-10", "reg": "ii-kesz", "conf": 0.979}, "geometry": {"type": "Point", "coordinates": [18.9492992, 47.5632785]}}, {"type": "Feature", "properties": {"code": "Lke-2/SZ-10", "reg": "ii-kesz", "conf": 0.979}, "geometry": {"type": "Point", "coordinates": [18.9496308, 47.5616077]}}, {"type": "Feature", "properties": {"code": "Lke-2/SZ-10", "reg": "ii-kesz", "conf": 0.979}, "geometry": {"type": "Point", "coordinates": [18.9415501, 47.5577106]}}, {"type": "Feature", "properties": {"code": "Lke-3/SZ-3", "reg": "ii-kesz", "conf": 0.979}, "geometry": {"type": "Point", "coordinates": [18.9428655, 47.5559791]}}, {"type": "Feature", "properties": {"code": "Lke-2/SZ-10", "reg": "ii-kesz", "conf": 0.978}, "geometry": {"type": "Point", "coordinates": [18.9381403, 47.5658983]}}, {"type": "Feature", "properties": {"code": "Lke-2/SZ-10", "reg": "ii-kesz", "conf": 0.978}, "geometry": {"type": "Point", "coordinates": [18.9420009, 47.5658954]}}, {"type": "Feature", "properties": {"code": "Lke-2/SZ-10", "reg": "ii-kesz", "conf": 0.978}, "geometry": {"type": "Point", "coordinates": [18.9453282, 47.5645329]}}, {"type": "Feature", "properties": {"code": "Lke-2/SZ-10", "reg": "ii-kesz", "conf": 0.978}, "geometry": {"type": "Point", "coordinates": [18.9468164, 47.5667097]}}, {"type": "Feature", "properties": {"code": "Lke-2/SZ-10", "reg": "ii-kesz", "conf": 0.978}, "geometry": {"type": "Point", "coordinates": [18.9494859, 47.5654723]}}, {"type": "Feature", "properties": {"code": "Lke-2/SZ-10", "reg": "ii-kesz", "conf": 0.978}, "geometry": {"type": "Point", "coordinates": [18.9403537, 47.561126]}}, {"type": "Feature", "properties": {"code": "Lke-2/SZ-10", "reg": "ii-kesz", "conf": 0.978}, "geometry": {"type": "Point", "coordinates": [18.9426665, 47.563019]}}, {"type": "Feature", "properties": {"code": "Lke-2/SZ-10", "reg": "ii-kesz", "conf": 0.978}, "geometry": {"type": "Point", "coordinates": [18.9463665, 47.5633864]}}, {"type": "Feature", "properties": {"code": "Lke-2/SZ-10", "reg": "ii-kesz", "conf": 0.978}, "geometry": {"type": "Point", "coordinates": [18.9468093, 47.5586374]}}, {"type": "Feature", "properties": {"code": "Lke-3/SZ-3", "reg": "ii-kesz", "conf": 0.978}, "geometry": {"type": "Point", "coordinates": [18.9402094, 47.5572177]}}, {"type": "Feature", "properties": {"code": "Lke-2/SZ-10", "reg": "ii-kesz", "conf": 0.978}, "geometry": {"type": "Point", "coordinates": [18.9452711, 47.5539572]}}, {"type": "Feature", "properties": {"code": "Lke-2/SZ-10", "reg": "ii-kesz", "conf": 0.977}, "geometry": {"type": "Point", "coordinates": [18.9438985, 47.5639839]}}, {"type": "Feature", "properties": {"code": "K-Rek/SZ-3", "reg": "ii-kesz", "conf": 0.977}, "geometry": {"type": "Point", "coordinates": [18.951287, 47.5653587]}}, {"type": "Feature", "properties": {"code": "Lke-2/SZ-10", "reg": "ii-kesz", "conf": 0.977}, "geometry": {"type": "Point", "coordinates": [18.9482953, 47.5542655]}}, {"type": "Feature", "properties": {"code": "Lke-2/SZ-10", "reg": "ii-kesz", "conf": 0.976}, "geometry": {"type": "Point", "coordinates": [18.9359041, 47.5666058]}}, {"type": "Feature", "properties": {"code": "Lke-2/SZ-10", "reg": "ii-kesz", "conf": 0.976}, "geometry": {"type": "Point", "coordinates": [18.9418635, 47.5664588]}}, {"type": "Feature", "properties": {"code": "Lke-2/SZ-10", "reg": "ii-kesz", "conf": 0.976}, "geometry": {"type": "Point", "coordinates": [18.9504364, 47.5630008]}}, {"type": "Feature", "properties": {"code": "Lke-2/SZ-10", "reg": "ii-kesz", "conf": 0.975}, "geometry": {"type": "Point", "coordinates": [18.9429801, 47.5649031]}}, {"type": "Feature", "properties": {"code": "Vf-P/Lke", "reg": "ii-kesz", "conf": 0.975}, "geometry": {"type": "Point", "coordinates": [18.9478307, 47.5545245]}}, {"type": "Feature", "properties": {"code": "Lke-2/SZ-10", "reg": "ii-kesz", "conf": 0.974}, "geometry": {"type": "Point", "coordinates": [18.9369997, 47.5654376]}}, {"type": "Feature", "properties": {"code": "Lke-2/SZ-10", "reg": "ii-kesz", "conf": 0.974}, "geometry": {"type": "Point", "coordinates": [18.9454696, 47.5667232]}}, {"type": "Feature", "properties": {"code": "Lke-2/SZ-10", "reg": "ii-kesz", "conf": 0.974}, "geometry": {"type": "Point", "coordinates": [18.9493013, 47.5668255]}}, {"type": "Feature", "properties": {"code": "Lke-3/SZ-3", "reg": "ii-kesz", "conf": 0.974}, "geometry": {"type": "Point", "coordinates": [18.9388398, 47.5614056]}}, {"type": "Feature", "properties": {"code": "Lke-3/SZ-3", "reg": "ii-kesz", "conf": 0.974}, "geometry": {"type": "Point", "coordinates": [18.9377733, 47.5608341]}}, {"type": "Feature", "properties": {"code": "Lke-2/SZ-10", "reg": "ii-kesz", "conf": 0.973}, "geometry": {"type": "Point", "coordinates": [18.9444573, 47.5667164]}}, {"type": "Feature", "properties": {"code": "Lke-3/SZ-3", "reg": "ii-kesz", "conf": 0.973}, "geometry": {"type": "Point", "coordinates": [18.9381103, 47.5627789]}}, {"type": "Feature", "properties": {"code": "Lke-2/SZ-10", "reg": "ii-kesz", "conf": 0.973}, "geometry": {"type": "Point", "coordinates": [18.9430274, 47.5580254]}}, {"type": "Feature", "properties": {"code": "Lke-2/SZ-10", "reg": "ii-kesz", "conf": 0.972}, "geometry": {"type": "Point", "coordinates": [18.9405309, 47.5585669]}}, {"type": "Feature", "properties": {"code": "Lke-3/SZ-3", "reg": "ii-kesz", "conf": 0.972}, "geometry": {"type": "Point", "coordinates": [18.939878, 47.5558171]}}, {"type": "Feature", "properties": {"code": "Lke-3/SZ-3", "reg": "ii-kesz", "conf": 0.972}, "geometry": {"type": "Point", "coordinates": [18.9408868, 47.554319]}}, {"type": "Feature", "properties": {"code": "Lke-3/SZ-3", "reg": "ii-kesz", "conf": 0.971}, "geometry": {"type": "Point", "coordinates": [18.9391043, 47.5566599]}}, {"type": "Feature", "properties": {"code": "Lke-2/SZ-10", "reg": "ii-kesz", "conf": 0.97}, "geometry": {"type": "Point", "coordinates": [18.9373802, 47.5667057]}}, {"type": "Feature", "properties": {"code": "Lke-2/SZ-10", "reg": "ii-kesz", "conf": 0.97}, "geometry": {"type": "Point", "coordinates": [18.9499866, 47.5581297]}}, {"type": "Feature", "properties": {"code": "Lke-2/SZ-10", "reg": "ii-kesz", "conf": 0.97}, "geometry": {"type": "Point", "coordinates": [18.9445139, 47.5557305]}}, {"type": "Feature", "properties": {"code": "Lke-2/SZ-10", "reg": "ii-kesz", "conf": 0.969}, "geometry": {"type": "Point", "coordinates": [18.9506247, 47.5668074]}}, {"type": "Feature", "properties": {"code": "Lke-2/SZ-10", "reg": "ii-kesz", "conf": 0.969}, "geometry": {"type": "Point", "coordinates": [18.9450278, 47.5627769]}}, {"type": "Feature", "properties": {"code": "Lke-3/SZ-3", "reg": "ii-kesz", "conf": 0.969}, "geometry": {"type": "Point", "coordinates": [18.9374781, 47.5597925]}}, {"type": "Feature", "properties": {"code": "Lke-2/SZ-10", "reg": "ii-kesz", "conf": 0.969}, "geometry": {"type": "Point", "coordinates": [18.9513204, 47.5594422]}}, {"type": "Feature", "properties": {"code": "Lke-3/SZ-3", "reg": "ii-kesz", "conf": 0.969}, "geometry": {"type": "Point", "coordinates": [18.9410383, 47.5564882]}}, {"type": "Feature", "properties": {"code": "Lke-3/SZ-3", "reg": "ii-kesz", "conf": 0.969}, "geometry": {"type": "Point", "coordinates": [18.9436473, 47.5537749]}}, {"type": "Feature", "properties": {"code": "Lke-2/AI/SZ-10", "reg": "ii-kesz", "conf": 0.968}, "geometry": {"type": "Point", "coordinates": [18.9474113, 47.5600988]}}, {"type": "Feature", "properties": {"code": "Lke-2/SZ-10", "reg": "ii-kesz", "conf": 0.968}, "geometry": {"type": "Point", "coordinates": [18.9496697, 47.5569897]}}, {"type": "Feature", "properties": {"code": "Lke-2/SZ-10", "reg": "ii-kesz", "conf": 0.966}, "geometry": {"type": "Point", "coordinates": [18.9418944, 47.5638984]}}, {"type": "Feature", "properties": {"code": "Lke-2/SZ-10", "reg": "ii-kesz", "conf": 0.966}, "geometry": {"type": "Point", "coordinates": [18.9415243, 47.5602493]}}, {"type": "Feature", "properties": {"code": "Lke-3/SZ-3", "reg": "ii-kesz", "conf": 0.965}, "geometry": {"type": "Point", "coordinates": [18.9394194, 47.5578673]}}, {"type": "Feature", "properties": {"code": "Lke-2/SZ-10", "reg": "ii-kesz", "conf": 0.965}, "geometry": {"type": "Point", "coordinates": [18.9469973, 47.5542539]}}, {"type": "Feature", "properties": {"code": "Lke-2/SZ-8", "reg": "ii-kesz", "conf": 0.964}, "geometry": {"type": "Point", "coordinates": [18.9496445, 47.5660039]}}, {"type": "Feature", "properties": {"code": "Lke-2/SZ-10", "reg": "ii-kesz", "conf": 0.962}, "geometry": {"type": "Point", "coordinates": [18.9429022, 47.5666188]}}, {"type": "Feature", "properties": {"code": "Lke-2/SZ-10", "reg": "ii-kesz", "conf": 0.962}, "geometry": {"type": "Point", "coordinates": [18.9426948, 47.5653989]}}, {"type": "Feature", "properties": {"code": "Lke-3/SZ-3", "reg": "ii-kesz", "conf": 0.962}, "geometry": {"type": "Point", "coordinates": [18.9384182, 47.5619539]}}, {"type": "Feature", "properties": {"code": "Lke-2/SZ-10", "reg": "ii-kesz", "conf": 0.962}, "geometry": {"type": "Point", "coordinates": [18.9444262, 47.5565797]}}, {"type": "Feature", "properties": {"code": "K-Rek/SZ-1", "reg": "ii-kesz", "conf": 0.96}, "geometry": {"type": "Point", "coordinates": [18.9513476, 47.5630886]}}, {"type": "Feature", "properties": {"code": "Lke-2/SZ-10", "reg": "ii-kesz", "conf": 0.959}, "geometry": {"type": "Point", "coordinates": [18.9397365, 47.5664475]}}, {"type": "Feature", "properties": {"code": "Lke-2/SZ-10", "reg": "ii-kesz", "conf": 0.959}, "geometry": {"type": "Point", "coordinates": [18.9392978, 47.5596172]}}, {"type": "Feature", "properties": {"code": "Lke-2/SZ-10", "reg": "ii-kesz", "conf": 0.958}, "geometry": {"type": "Point", "coordinates": [18.9482711, 47.5665912]}}, {"type": "Feature", "properties": {"code": "Lke-2/SZ-10", "reg": "ii-kesz", "conf": 0.952}, "geometry": {"type": "Point", "coordinates": [18.9507485, 47.561818]}}, {"type": "Feature", "properties": {"code": "Lke-2/SZ-10", "reg": "ii-kesz", "conf": 0.95}, "geometry": {"type": "Point", "coordinates": [18.9417199, 47.5614886]}}, {"type": "Feature", "properties": {"code": "Lke-2/SZ-10", "reg": "ii-kesz", "conf": 0.948}, "geometry": {"type": "Point", "coordinates": [18.9395265, 47.56408]}}, {"type": "Feature", "properties": {"code": "Lke-2/SZ-10", "reg": "ii-kesz", "conf": 0.945}, "geometry": {"type": "Point", "coordinates": [18.9422573, 47.5595197]}}, {"type": "Feature", "properties": {"code": "Lke-2/SZ-11", "reg": "ii-kesz", "conf": 0.942}, "geometry": {"type": "Point", "coordinates": [18.9465316, 47.5594795]}}, {"type": "Feature", "properties": {"code": "Lke-2/EI/SZ-8", "reg": "ii-kesz", "conf": 0.941}, "geometry": {"type": "Point", "coordinates": [18.9464465, 47.5599538]}}, {"type": "Feature", "properties": {"code": "Vf-P/Lke", "reg": "ii-kesz", "conf": 0.936}, "geometry": {"type": "Point", "coordinates": [18.9453685, 47.5566595]}}, {"type": "Feature", "properties": {"code": "Vf-P/Lke", "reg": "ii-kesz", "conf": 0.931}, "geometry": {"type": "Point", "coordinates": [18.9447109, 47.5571024]}}, {"type": "Feature", "properties": {"code": "Ek-Tv/1", "reg": "ii-kesz", "conf": 0.93}, "geometry": {"type": "Point", "coordinates": [18.9374998, 47.5545927]}}, {"type": "Feature", "properties": {"code": "Lke-2/SZ-10", "reg": "ii-kesz", "conf": 0.929}, "geometry": {"type": "Point", "coordinates": [18.9438271, 47.5590789]}}, {"type": "Feature", "properties": {"code": "Lke-3/SZ-3", "reg": "ii-kesz", "conf": 0.925}, "geometry": {"type": "Point", "coordinates": [18.9432209, 47.5549518]}}, {"type": "Feature", "properties": {"code": "Ek-Tv/1", "reg": "ii-kesz", "conf": 0.92}, "geometry": {"type": "Point", "coordinates": [18.9336219, 47.5660914]}}, {"type": "Feature", "properties": {"code": "Lke-2/SZ-10", "reg": "ii-kesz", "conf": 0.916}, "geometry": {"type": "Point", "coordinates": [18.9503071, 47.5591919]}}, {"type": "Feature", "properties": {"code": "Vf-P/Lke", "reg": "ii-kesz", "conf": 0.91}, "geometry": {"type": "Point", "coordinates": [18.9464827, 47.5557748]}}, {"type": "Feature", "properties": {"code": "Ek-Tv/1", "reg": "ii-kesz", "conf": 0.869}, "geometry": {"type": "Point", "coordinates": [18.9348715, 47.5644375]}}, {"type": "Feature", "properties": {"code": "Vi-2/SZ-13", "reg": "ii-kesz", "conf": 0.997}, "geometry": {"type": "Point", "coordinates": [18.9613106, 47.5659763]}}, {"type": "Feature", "properties": {"code": "Vi-2/SZ-15", "reg": "ii-kesz", "conf": 0.994}, "geometry": {"type": "Point", "coordinates": [18.9602796, 47.566311]}}, {"type": "Feature", "properties": {"code": "Vi-2/SZ-36", "reg": "ii-kesz", "conf": 0.994}, "geometry": {"type": "Point", "coordinates": [18.9606292, 47.5655786]}}, {"type": "Feature", "properties": {"code": "Vi-2/SZ-18", "reg": "ii-kesz", "conf": 0.994}, "geometry": {"type": "Point", "coordinates": [18.9588341, 47.5610866]}}, {"type": "Feature", "properties": {"code": "Vi-2/SZ-32", "reg": "ii-kesz", "conf": 0.992}, "geometry": {"type": "Point", "coordinates": [18.9685134, 47.5575067]}}, {"type": "Feature", "properties": {"code": "Vi-2/SZ-25", "reg": "ii-kesz", "conf": 0.991}, "geometry": {"type": "Point", "coordinates": [18.9493263, 47.5648543]}}, {"type": "Feature", "properties": {"code": "Lke-2/SZ-10", "reg": "ii-kesz", "conf": 0.991}, "geometry": {"type": "Point", "coordinates": [18.9583966, 47.5631788]}}, {"type": "Feature", "properties": {"code": "Lke-2/SZ-10", "reg": "ii-kesz", "conf": 0.989}, "geometry": {"type": "Point", "coordinates": [18.9593491, 47.5544611]}}, {"type": "Feature", "properties": {"code": "Vi-2/SZ-27", "reg": "ii-kesz", "conf": 0.988}, "geometry": {"type": "Point", "coordinates": [18.9612718, 47.5625993]}}, {"type": "Feature", "properties": {"code": "Lke-2/SZ-10", "reg": "ii-kesz", "conf": 0.988}, "geometry": {"type": "Point", "coordinates": [18.9569988, 47.5552735]}}, {"type": "Feature", "properties": {"code": "Lke-2/SZ-12", "reg": "ii-kesz", "conf": 0.987}, "geometry": {"type": "Point", "coordinates": [18.9640427, 47.5654527]}}, {"type": "Feature", "properties": {"code": "Lke-2/SZ-10", "reg": "ii-kesz", "conf": 0.987}, "geometry": {"type": "Point", "coordinates": [18.9534424, 47.5598374]}}, {"type": "Feature", "properties": {"code": "Lke-2/SZ-10", "reg": "ii-kesz", "conf": 0.987}, "geometry": {"type": "Point", "coordinates": [18.9544983, 47.5563684]}}, {"type": "Feature", "properties": {"code": "Lke-2/SZ-1", "reg": "ii-kesz", "conf": 0.986}, "geometry": {"type": "Point", "coordinates": [18.95086, 47.5662221]}}, {"type": "Feature", "properties": {"code": "Vi-2/SZ-31", "reg": "ii-kesz", "conf": 0.986}, "geometry": {"type": "Point", "coordinates": [18.9609305, 47.5645268]}}, {"type": "Feature", "properties": {"code": "Lke-2/SZ-11", "reg": "ii-kesz", "conf": 0.986}, "geometry": {"type": "Point", "coordinates": [18.9533772, 47.5618406]}}, {"type": "Feature", "properties": {"code": "Lke-2/SZ-10", "reg": "ii-kesz", "conf": 0.986}, "geometry": {"type": "Point", "coordinates": [18.949377, 47.559031]}}, {"type": "Feature", "properties": {"code": "Lke-2/SZ-10", "reg": "ii-kesz", "conf": 0.986}, "geometry": {"type": "Point", "coordinates": [18.9544202, 47.5556289]}}, {"type": "Feature", "properties": {"code": "Lke-2/SZ-10", "reg": "ii-kesz", "conf": 0.986}, "geometry": {"type": "Point", "coordinates": [18.9668937, 47.5562338]}}, {"type": "Feature", "properties": {"code": "K-Rek/SZ-2", "reg": "ii-kesz", "conf": 0.985}, "geometry": {"type": "Point", "coordinates": [18.9508597, 47.5641387]}}, {"type": "Feature", "properties": {"code": "Lke-2/SZ-12", "reg": "ii-kesz", "conf": 0.985}, "geometry": {"type": "Point", "coordinates": [18.9646511, 47.566259]}}, {"type": "Feature", "properties": {"code": "Lke-2/SZ-8", "reg": "ii-kesz", "conf": 0.985}, "geometry": {"type": "Point", "coordinates": [18.9596011, 47.5628053]}}, {"type": "Feature", "properties": {"code": "Lke-2/SZ-10", "reg": "ii-kesz", "conf": 0.985}, "geometry": {"type": "Point", "coordinates": [18.9556166, 47.5585156]}}, {"type": "Feature", "properties": {"code": "Lke-2/SZ-10", "reg": "ii-kesz", "conf": 0.985}, "geometry": {"type": "Point", "coordinates": [18.961084, 47.5597808]}}, {"type": "Feature", "properties": {"code": "Lke-2/SZ-10", "reg": "ii-kesz", "conf": 0.985}, "geometry": {"type": "Point", "coordinates": [18.9680679, 47.5558854]}}, {"type": "Feature", "properties": {"code": "Lke-2/SZ-10", "reg": "ii-kesz", "conf": 0.985}, "geometry": {"type": "Point", "coordinates": [18.9580455, 47.5534895]}}, {"type": "Feature", "properties": {"code": "K-Rek/SZ-3", "reg": "ii-kesz", "conf": 0.984}, "geometry": {"type": "Point", "coordinates": [18.9528786, 47.5642271]}}, {"type": "Feature", "properties": {"code": "Lke-2/SZ-10", "reg": "ii-kesz", "conf": 0.984}, "geometry": {"type": "Point", "coordinates": [18.9669242, 47.5663888]}}, {"type": "Feature", "properties": {"code": "Lke-2/SZ-10", "reg": "ii-kesz", "conf": 0.984}, "geometry": {"type": "Point", "coordinates": [18.9678035, 47.5661307]}}, {"type": "Feature", "properties": {"code": "K-Rek/SZ-1", "reg": "ii-kesz", "conf": 0.984}, "geometry": {"type": "Point", "coordinates": [18.9523533, 47.5630454]}}, {"type": "Feature", "properties": {"code": "Lke-2/SZ-10", "reg": "ii-kesz", "conf": 0.984}, "geometry": {"type": "Point", "coordinates": [18.9590331, 47.5585877]}}, {"type": "Feature", "properties": {"code": "Lke-2/SZ-10", "reg": "ii-kesz", "conf": 0.984}, "geometry": {"type": "Point", "coordinates": [18.9616049, 47.5571173]}}, {"type": "Feature", "properties": {"code": "Lke-2/SZ-10", "reg": "ii-kesz", "conf": 0.984}, "geometry": {"type": "Point", "coordinates": [18.9630589, 47.5543412]}}, {"type": "Feature", "properties": {"code": "Lke-2/SZ-10", "reg": "ii-kesz", "conf": 0.984}, "geometry": {"type": "Point", "coordinates": [18.950247, 47.5536902]}}, {"type": "Feature", "properties": {"code": "K-Rek/SZ-1", "reg": "ii-kesz", "conf": 0.983}, "geometry": {"type": "Point", "coordinates": [18.951395, 47.5630974]}}, {"type": "Feature", "properties": {"code": "Lke-2/SZ-10", "reg": "ii-kesz", "conf": 0.983}, "geometry": {"type": "Point", "coordinates": [18.954635, 47.5607174]}}, {"type": "Feature", "properties": {"code": "Lke-2/SZ-10", "reg": "ii-kesz", "conf": 0.983}, "geometry": {"type": "Point", "coordinates": [18.9562557, 47.5578875]}}, {"type": "Feature", "properties": {"code": "Lke-2/SZ-10", "reg": "ii-kesz", "conf": 0.983}, "geometry": {"type": "Point", "coordinates": [18.9631973, 47.5575385]}}, {"type": "Feature", "properties": {"code": "Lke-2/SZ-10", "reg": "ii-kesz", "conf": 0.983}, "geometry": {"type": "Point", "coordinates": [18.9621964, 47.5557131]}}, {"type": "Feature", "properties": {"code": "Lke-2/SZ-10", "reg": "ii-kesz", "conf": 0.983}, "geometry": {"type": "Point", "coordinates": [18.9658435, 47.5569623]}}, {"type": "Feature", "properties": {"code": "Lke-2/SZ-10", "reg": "ii-kesz", "conf": 0.983}, "geometry": {"type": "Point", "coordinates": [18.9612487, 47.5543113]}}, {"type": "Feature", "properties": {"code": "Lke-2/SZ-10", "reg": "ii-kesz", "conf": 0.983}, "geometry": {"type": "Point", "coordinates": [18.9643558, 47.554136]}}, {"type": "Feature", "properties": {"code": "Lke-2/SZ-10", "reg": "ii-kesz", "conf": 0.983}, "geometry": {"type": "Point", "coordinates": [18.9658259, 47.5540489]}}, {"type": "Feature", "properties": {"code": "K-Rek/SZ-3", "reg": "ii-kesz", "conf": 0.982}, "geometry": {"type": "Point", "coordinates": [18.9513344, 47.5653685]}}, {"type": "Feature", "properties": {"code": "Lke-2/SZ-10", "reg": "ii-kesz", "conf": 0.982}, "geometry": {"type": "Point", "coordinates": [18.9500554, 47.5603147]}}, {"type": "Feature", "properties": {"code": "Lke-2/SZ-10", "reg": "ii-kesz", "conf": 0.982}, "geometry": {"type": "Point", "coordinates": [18.9513651, 47.5594445]}}, {"type": "Feature", "properties": {"code": "Lke-2/SZ-10", "reg": "ii-kesz", "conf": 0.982}, "geometry": {"type": "Point", "coordinates": [18.9602564, 47.559233]}}, {"type": "Feature", "properties": {"code": "Lke-2/SZ-10", "reg": "ii-kesz", "conf": 0.982}, "geometry": {"type": "Point", "coordinates": [18.9535083, 47.553989]}}, {"type": "Feature", "properties": {"code": "Lke-2/SZ-10", "reg": "ii-kesz", "conf": 0.982}, "geometry": {"type": "Point", "coordinates": [18.9565109, 47.5538239]}}, {"type": "Feature", "properties": {"code": "Lke-2/SZ-10", "reg": "ii-kesz", "conf": 0.981}, "geometry": {"type": "Point", "coordinates": [18.953478, 47.5653745]}}, {"type": "Feature", "properties": {"code": "Lke-2/SZ-10", "reg": "ii-kesz", "conf": 0.981}, "geometry": {"type": "Point", "coordinates": [18.9540555, 47.5586038]}}, {"type": "Feature", "properties": {"code": "Lke-2/SZ-10", "reg": "ii-kesz", "conf": 0.981}, "geometry": {"type": "Point", "coordinates": [18.9631433, 47.5598623]}}, {"type": "Feature", "properties": {"code": "Lke-2/SZ-10", "reg": "ii-kesz", "conf": 0.981}, "geometry": {"type": "Point", "coordinates": [18.9608184, 47.55609]}}, {"type": "Feature", "properties": {"code": "Lke-2/SZ-10", "reg": "ii-kesz", "conf": 0.981}, "geometry": {"type": "Point", "coordinates": [18.9680593, 47.5548174]}}, {"type": "Feature", "properties": {"code": "Lke-2/SZ-10", "reg": "ii-kesz", "conf": 0.981}, "geometry": {"type": "Point", "coordinates": [18.9494477, 47.5544819]}}, {"type": "Feature", "properties": {"code": "Lke-2/SZ-10", "reg": "ii-kesz", "conf": 0.981}, "geometry": {"type": "Point", "coordinates": [18.951264, 47.5537711]}}, {"type": "Feature", "properties": {"code": "Lke-2/Te", "reg": "ii-kesz", "conf": 0.981}, "geometry": {"type": "Point", "coordinates": [18.9611783, 47.55351]}}, {"type": "Feature", "properties": {"code": "Lke-2/SZ-1", "reg": "ii-kesz", "conf": 0.98}, "geometry": {"type": "Point", "coordinates": [18.9502427, 47.5657661]}}, {"type": "Feature", "properties": {"code": "Lke-2/SZ-10", "reg": "ii-kesz", "conf": 0.98}, "geometry": {"type": "Point", "coordinates": [18.9495342, 47.5654852]}}, {"type": "Feature", "properties": {"code": "Lke-2/SZ-10", "reg": "ii-kesz", "conf": 0.98}, "geometry": {"type": "Point", "coordinates": [18.952686, 47.5601059]}}, {"type": "Feature", "properties": {"code": "Lke-3/SZ-3", "reg": "ii-kesz", "conf": 0.979}, "geometry": {"type": "Point", "coordinates": [18.9651339, 47.5608402]}}, {"type": "Feature", "properties": {"code": "Lke-3/SZ-3", "reg": "ii-kesz", "conf": 0.979}, "geometry": {"type": "Point", "coordinates": [18.9684381, 47.5537748]}}, {"type": "Feature", "properties": {"code": "Lke-2/Z-2", "reg": "ii-kesz", "conf": 0.978}, "geometry": {"type": "Point", "coordinates": [18.9566519, 47.5655404]}}, {"type": "Feature", "properties": {"code": "Zkp-Kk/1", "reg": "ii-kesz", "conf": 0.978}, "geometry": {"type": "Point", "coordinates": [18.960052, 47.5608126]}}, {"type": "Feature", "properties": {"code": "Lke-2/SZ-10", "reg": "ii-kesz", "conf": 0.978}, "geometry": {"type": "Point", "coordinates": [18.9565144, 47.5549137]}}, {"type": "Feature", "properties": {"code": "Lke-2/SZ-11", "reg": "ii-kesz", "conf": 0.978}, "geometry": {"type": "Point", "coordinates": [18.9593606, 47.5535064]}}, {"type": "Feature", "properties": {"code": "Lke-3/SZ-3", "reg": "ii-kesz", "conf": 0.977}, "geometry": {"type": "Point", "coordinates": [18.9667869, 47.563536]}}, {"type": "Feature", "properties": {"code": "Lke-2/Z-1", "reg": "ii-kesz", "conf": 0.977}, "geometry": {"type": "Point", "coordinates": [18.9687345, 47.566295]}}, {"type": "Feature", "properties": {"code": "Lke-2/SZ-8", "reg": "ii-kesz", "conf": 0.977}, "geometry": {"type": "Point", "coordinates": [18.9604027, 47.5627544]}}, {"type": "Feature", "properties": {"code": "Lke-2/SZ-10", "reg": "ii-kesz", "conf": 0.977}, "geometry": {"type": "Point", "coordinates": [18.9623098, 47.5610157]}}, {"type": "Feature", "properties": {"code": "Lke-2/SZ-10", "reg": "ii-kesz", "conf": 0.977}, "geometry": {"type": "Point", "coordinates": [18.9524346, 47.5581402]}}, {"type": "Feature", "properties": {"code": "Lke-2/EI/SZ-6", "reg": "ii-kesz", "conf": 0.977}, "geometry": {"type": "Point", "coordinates": [18.9605226, 47.5602349]}}, {"type": "Feature", "properties": {"code": "Lke-2/SZ-10", "reg": "ii-kesz", "conf": 0.977}, "geometry": {"type": "Point", "coordinates": [18.9547934, 47.5549354]}}, {"type": "Feature", "properties": {"code": "Lke-2/SZ-10", "reg": "ii-kesz", "conf": 0.977}, "geometry": {"type": "Point", "coordinates": [18.9645712, 47.5576185]}}, {"type": "Feature", "properties": {"code": "Lke-2/SZ-11", "reg": "ii-kesz", "conf": 0.977}, "geometry": {"type": "Point", "coordinates": [18.9605108, 47.5534523]}}, {"type": "Feature", "properties": {"code": "Lke-2/SZ-8", "reg": "ii-kesz", "conf": 0.976}, "geometry": {"type": "Point", "coordinates": [18.9602025, 47.563765]}}, {"type": "Feature", "properties": {"code": "Lke-2/SZ-10", "reg": "ii-kesz", "conf": 0.976}, "geometry": {"type": "Point", "coordinates": [18.9538809, 47.5593935]}}, {"type": "Feature", "properties": {"code": "Lke-2/SZ-10", "reg": "ii-kesz", "conf": 0.976}, "geometry": {"type": "Point", "coordinates": [18.9549692, 47.5590783]}}, {"type": "Feature", "properties": {"code": "Lke-2/SZ-10", "reg": "ii-kesz", "conf": 0.976}, "geometry": {"type": "Point", "coordinates": [18.9566649, 47.5590658]}}, {"type": "Feature", "properties": {"code": "Lke-2/SZ-10", "reg": "ii-kesz", "conf": 0.976}, "geometry": {"type": "Point", "coordinates": [18.9637152, 47.5591473]}}, {"type": "Feature", "properties": {"code": "Lke-2/SZ-10", "reg": "ii-kesz", "conf": 0.976}, "geometry": {"type": "Point", "coordinates": [18.9581444, 47.557202]}}, {"type": "Feature", "properties": {"code": "Lke-2/SZ-10", "reg": "ii-kesz", "conf": 0.975}, "geometry": {"type": "Point", "coordinates": [18.9591971, 47.5638594]}}, {"type": "Feature", "properties": {"code": "Lke-3/SZ-3", "reg": "ii-kesz", "conf": 0.975}, "geometry": {"type": "Point", "coordinates": [18.9675945, 47.5617542]}}, {"type": "Feature", "properties": {"code": "Lke-2/SZ-10", "reg": "ii-kesz", "conf": 0.975}, "geometry": {"type": "Point", "coordinates": [18.9493575, 47.5597064]}}, {"type": "Feature", "properties": {"code": "Lke-2/SZ-10", "reg": "ii-kesz", "conf": 0.975}, "geometry": {"type": "Point", "coordinates": [18.959415, 47.5599697]}}, {"type": "Feature", "properties": {"code": "Lke-2/SZ-10", "reg": "ii-kesz", "conf": 0.975}, "geometry": {"type": "Point", "coordinates": [18.9603421, 47.5547388]}}, {"type": "Feature", "properties": {"code": "Lke-2/SZ-10", "reg": "ii-kesz", "conf": 0.974}, "geometry": {"type": "Point", "coordinates": [18.9506756, 47.5668207]}}, {"type": "Feature", "properties": {"code": "Lke-2/SZ-10", "reg": "ii-kesz", "conf": 0.974}, "geometry": {"type": "Point", "coordinates": [18.9528243, 47.5667569]}}, {"type": "Feature", "properties": {"code": "Lke-3/SZ-3", "reg": "ii-kesz", "conf": 0.974}, "geometry": {"type": "Point", "coordinates": [18.9679902, 47.5605845]}}, {"type": "Feature", "properties": {"code": "K-Vke-1/Lke", "reg": "ii-kesz", "conf": 0.974}, "geometry": {"type": "Point", "coordinates": [18.9556589, 47.5549348]}}, {"type": "Feature", "properties": {"code": "Lke-3/SZ-4", "reg": "ii-kesz", "conf": 0.973}, "geometry": {"type": "Point", "coordinates": [18.9578254, 47.5668508]}}, {"type": "Feature", "properties": {"code": "Lke-3/SZ-4", "reg": "ii-kesz", "conf": 0.973}, "geometry": {"type": "Point", "coordinates": [18.9595547, 47.5668657]}}, {"type": "Feature", "properties": {"code": "Lke-2/O-4", "reg": "ii-kesz", "conf": 0.973}, "geometry": {"type": "Point", "coordinates": [18.9612135, 47.5667856]}}, {"type": "Feature", "properties": {"code": "Lke-2/SZ-10", "reg": "ii-kesz", "conf": 0.973}, "geometry": {"type": "Point", "coordinates": [18.9504825, 47.5630075]}}, {"type": "Feature", "properties": {"code": "Lke-2/SZ-10", "reg": "ii-kesz", "conf": 0.973}, "geometry": {"type": "Point", "coordinates": [18.9518845, 47.5588839]}}, {"type": "Feature", "properties": {"code": "Lke-2/SZ-10", "reg": "ii-kesz", "conf": 0.973}, "geometry": {"type": "Point", "coordinates": [18.9667748, 47.5535207]}}, {"type": "Feature", "properties": {"code": "Lke-3/SZ-4", "reg": "ii-kesz", "conf": 0.972}, "geometry": {"type": "Point", "coordinates": [18.958843, 47.5664417]}}, {"type": "Feature", "properties": {"code": "Lke-2/SZ-10", "reg": "ii-kesz", "conf": 0.972}, "geometry": {"type": "Point", "coordinates": [18.956735, 47.5617743]}}, {"type": "Feature", "properties": {"code": "Lke-3/SZ-3", "reg": "ii-kesz", "conf": 0.972}, "geometry": {"type": "Point", "coordinates": [18.9644173, 47.5626712]}}, {"type": "Feature", "properties": {"code": "Lke-2/SZ-10", "reg": "ii-kesz", "conf": 0.972}, "geometry": {"type": "Point", "coordinates": [18.9500266, 47.5581305]}}, {"type": "Feature", "properties": {"code": "Lke-2/SZ-10", "reg": "ii-kesz", "conf": 0.972}, "geometry": {"type": "Point", "coordinates": [18.957863, 47.5595954]}}, {"type": "Feature", "properties": {"code": "Lke-3/SZ-3", "reg": "ii-kesz", "conf": 0.972}, "geometry": {"type": "Point", "coordinates": [18.9678087, 47.5534985]}}, {"type": "Feature", "properties": {"code": "Lke-2/SZ-10", "reg": "ii-kesz", "conf": 0.971}, "geometry": {"type": "Point", "coordinates": [18.9519931, 47.5617973]}}, {"type": "Feature", "properties": {"code": "Lke-2/SZ-10", "reg": "ii-kesz", "conf": 0.971}, "geometry": {"type": "Point", "coordinates": [18.9496746, 47.5616126]}}, {"type": "Feature", "properties": {"code": "K-Vke-2/Lke", "reg": "ii-kesz", "conf": 0.971}, "geometry": {"type": "Point", "coordinates": [18.9559722, 47.5537766]}}, {"type": "Feature", "properties": {"code": "Lke-2/SZ-10", "reg": "ii-kesz", "conf": 0.971}, "geometry": {"type": "Point", "coordinates": [18.9673178, 47.5541048]}}, {"type": "Feature", "properties": {"code": "Lke-2/AI/SZ-9", "reg": "ii-kesz", "conf": 0.97}, "geometry": {"type": "Point", "coordinates": [18.9635087, 47.5667574]}}, {"type": "Feature", "properties": {"code": "Lke-2/SZ-12", "reg": "ii-kesz", "conf": 0.97}, "geometry": {"type": "Point", "coordinates": [18.9663811, 47.5658057]}}, {"type": "Feature", "properties": {"code": "Lke-2/SZ-10", "reg": "ii-kesz", "conf": 0.97}, "geometry": {"type": "Point", "coordinates": [18.9512086, 47.5605147]}}, {"type": "Feature", "properties": {"code": "Lke-2/SZ-10", "reg": "ii-kesz", "conf": 0.97}, "geometry": {"type": "Point", "coordinates": [18.9569064, 47.5573946]}}, {"type": "Feature", "properties": {"code": "Lke-2/SZ-10", "reg": "ii-kesz", "conf": 0.97}, "geometry": {"type": "Point", "coordinates": [18.960372, 47.5584639]}}, {"type": "Feature", "properties": {"code": "Lke-2/O-4", "reg": "ii-kesz", "conf": 0.969}, "geometry": {"type": "Point", "coordinates": [18.9557762, 47.5667761]}}, {"type": "Feature", "properties": {"code": "Lke-2/SZ-8", "reg": "ii-kesz", "conf": 0.969}, "geometry": {"type": "Point", "coordinates": [18.9592219, 47.5630008]}}, {"type": "Feature", "properties": {"code": "Lke-3/O-5", "reg": "ii-kesz", "conf": 0.969}, "geometry": {"type": "Point", "coordinates": [18.9687127, 47.5639551]}}, {"type": "Feature", "properties": {"code": "Lke-2/SZ-10", "reg": "ii-kesz", "conf": 0.969}, "geometry": {"type": "Point", "coordinates": [18.9572318, 47.5560257]}}, {"type": "Feature", "properties": {"code": "Lke-2/SZ-10", "reg": "ii-kesz", "conf": 0.968}, "geometry": {"type": "Point", "coordinates": [18.9545787, 47.5657805]}}, {"type": "Feature", "properties": {"code": "Lke-3/SZ-3", "reg": "ii-kesz", "conf": 0.968}, "geometry": {"type": "Point", "coordinates": [18.96712, 47.5626399]}}, {"type": "Feature", "properties": {"code": "Lke-3/SZ-3", "reg": "ii-kesz", "conf": 0.968}, "geometry": {"type": "Point", "coordinates": [18.966943, 47.5593132]}}, {"type": "Feature", "properties": {"code": "Lke-3/O-1", "reg": "ii-kesz", "conf": 0.967}, "geometry": {"type": "Point", "coordinates": [18.9582601, 47.565514]}}, {"type": "Feature", "properties": {"code": "Lke-2/SZ-10", "reg": "ii-kesz", "conf": 0.966}, "geometry": {"type": "Point", "coordinates": [18.9522722, 47.5609172]}}, {"type": "Feature", "properties": {"code": "Lke-2/SZ-10", "reg": "ii-kesz", "conf": 0.966}, "geometry": {"type": "Point", "coordinates": [18.9611543, 47.5578153]}}, {"type": "Feature", "properties": {"code": "Lk-2/SZ-23", "reg": "ii-kesz", "conf": 0.965}, "geometry": {"type": "Point", "coordinates": [18.9644767, 47.5668725]}}, {"type": "Feature", "properties": {"code": "Lke-3/SZ-3", "reg": "ii-kesz", "conf": 0.965}, "geometry": {"type": "Point", "coordinates": [18.9667551, 47.5611412]}}, {"type": "Feature", "properties": {"code": "Lke-3/SZ-3", "reg": "ii-kesz", "conf": 0.965}, "geometry": {"type": "Point", "coordinates": [18.9667596, 47.5603376]}}, {"type": "Feature", "properties": {"code": "Lke-2/SZ-10", "reg": "ii-kesz", "conf": 0.965}, "geometry": {"type": "Point", "coordinates": [18.95329, 47.5547283]}}, {"type": "Feature", "properties": {"code": "Lke-3/O-4", "reg": "ii-kesz", "conf": 0.964}, "geometry": {"type": "Point", "coordinates": [18.9574098, 47.5665987]}}, {"type": "Feature", "properties": {"code": "Lke-2/EI/SZ-9", "reg": "ii-kesz", "conf": 0.964}, "geometry": {"type": "Point", "coordinates": [18.9549929, 47.5635257]}}, {"type": "Feature", "properties": {"code": "Lke-2/O-1", "reg": "ii-kesz", "conf": 0.964}, "geometry": {"type": "Point", "coordinates": [18.962396, 47.566507]}}, {"type": "Feature", "properties": {"code": "Lke-3/O-4", "reg": "ii-kesz", "conf": 0.964}, "geometry": {"type": "Point", "coordinates": [18.959248, 47.5659142]}}, {"type": "Feature", "properties": {"code": "Lke-2/SZ-10", "reg": "ii-kesz", "conf": 0.964}, "geometry": {"type": "Point", "coordinates": [18.9525645, 47.5591271]}}, {"type": "Feature", "properties": {"code": "Lke-2/O-5", "reg": "ii-kesz", "conf": 0.963}, "geometry": {"type": "Point", "coordinates": [18.9667378, 47.5648902]}}, {"type": "Feature", "properties": {"code": "Lke-2/SZ-10", "reg": "ii-kesz", "conf": 0.963}, "geometry": {"type": "Point", "coordinates": [18.9507924, 47.5618229]}}, {"type": "Feature", "properties": {"code": "Lke-3/SZ-3", "reg": "ii-kesz", "conf": 0.963}, "geometry": {"type": "Point", "coordinates": [18.9672727, 47.5584296]}}, {"type": "Feature", "properties": {"code": "Lke-2/AI/SZ-4", "reg": "ii-kesz", "conf": 0.963}, "geometry": {"type": "Point", "coordinates": [18.9600322, 47.5536569]}}, {"type": "Feature", "properties": {"code": "Lke-2/O-4", "reg": "ii-kesz", "conf": 0.961}, "geometry": {"type": "Point", "coordinates": [18.962113, 47.5642861]}}, {"type": "Feature", "properties": {"code": "Lke-3/SZ-3", "reg": "ii-kesz", "conf": 0.961}, "geometry": {"type": "Point", "coordinates": [18.9649842, 47.5619081]}}, {"type": "Feature", "properties": {"code": "Lke-3/EI/SZ-1", "reg": "ii-kesz", "conf": 0.96}, "geometry": {"type": "Point", "coordinates": [18.9593195, 47.5653705]}}, {"type": "Feature", "properties": {"code": "Lke-2/SZ-10", "reg": "ii-kesz", "conf": 0.959}, "geometry": {"type": "Point", "coordinates": [18.9493503, 47.5668404]}}, {"type": "Feature", "properties": {"code": "Lke-2/O-5", "reg": "ii-kesz", "conf": 0.959}, "geometry": {"type": "Point", "coordinates": [18.9673709, 47.5648677]}}, {"type": "Feature", "properties": {"code": "Lke-2/SZ-10", "reg": "ii-kesz", "conf": 0.959}, "geometry": {"type": "Point", "coordinates": [18.9547282, 47.5534541]}}, {"type": "Feature", "properties": {"code": "Lke-2/SZ-11", "reg": "ii-kesz", "conf": 0.957}, "geometry": {"type": "Point", "coordinates": [18.9560496, 47.5628956]}}, {"type": "Feature", "properties": {"code": "Lke-2/O-2", "reg": "ii-kesz", "conf": 0.956}, "geometry": {"type": "Point", "coordinates": [18.9561914, 47.5649631]}}, {"type": "Feature", "properties": {"code": "Lke-2/O-1", "reg": "ii-kesz", "conf": 0.956}, "geometry": {"type": "Point", "coordinates": [18.9660702, 47.565398]}}, {"type": "Feature", "properties": {"code": "Lke-2/SZ-10", "reg": "ii-kesz", "conf": 0.956}, "geometry": {"type": "Point", "coordinates": [18.9559456, 47.5569315]}}, {"type": "Feature", "properties": {"code": "Lke-2/Z-2", "reg": "ii-kesz", "conf": 0.955}, "geometry": {"type": "Point", "coordinates": [18.9549716, 47.5665535]}}, {"type": "Feature", "properties": {"code": "Lke-2/Z-2", "reg": "ii-kesz", "conf": 0.955}, "geometry": {"type": "Point", "coordinates": [18.9600553, 47.5642778]}}, {"type": "Feature", "properties": {"code": "Lke-2/AI/SZ-8", "reg": "ii-kesz", "conf": 0.955}, "geometry": {"type": "Point", "coordinates": [18.9646664, 47.557045]}}, {"type": "Feature", "properties": {"code": "Lke-2/SZ-8", "reg": "ii-kesz", "conf": 0.951}, "geometry": {"type": "Point", "coordinates": [18.94969, 47.5660164]}}, {"type": "Feature", "properties": {"code": "Lke-2/SZ-11", "reg": "ii-kesz", "conf": 0.95}, "geometry": {"type": "Point", "coordinates": [18.9545381, 47.5624527]}}, {"type": "Feature", "properties": {"code": "Lke-2/SZ-10", "reg": "ii-kesz", "conf": 0.95}, "geometry": {"type": "Point", "coordinates": [18.9589216, 47.5565889]}}, {"type": "Feature", "properties": {"code": "Lke-2/SZ-10", "reg": "ii-kesz", "conf": 0.948}, "geometry": {"type": "Point", "coordinates": [18.9594497, 47.5558647]}}, {"type": "Feature", "properties": {"code": "Lke-3/AI/SZ-1", "reg": "ii-kesz", "conf": 0.947}, "geometry": {"type": "Point", "coordinates": [18.9635199, 47.5625962]}}, {"type": "Feature", "properties": {"code": "Lke-2/SZ-10", "reg": "ii-kesz", "conf": 0.946}, "geometry": {"type": "Point", "coordinates": [18.9560976, 47.5543341]}}, {"type": "Feature", "properties": {"code": "Vi-2/SZ-7", "reg": "ii-kesz", "conf": 0.944}, "geometry": {"type": "Point", "coordinates": [18.9612962, 47.5654611]}}, {"type": "Feature", "properties": {"code": "Lke-2/O-4", "reg": "ii-kesz", "conf": 0.942}, "geometry": {"type": "Point", "coordinates": [18.9687308, 47.5653792]}}, {"type": "Feature", "properties": {"code": "Tk-2", "reg": "ii-kesz", "conf": 0.938}, "geometry": {"type": "Point", "coordinates": [18.9688118, 47.5538391]}}, {"type": "Feature", "properties": {"code": "Lke-2/SZ-10", "reg": "ii-kesz", "conf": 0.937}, "geometry": {"type": "Point", "coordinates": [18.9551797, 47.5601568]}}, {"type": "Feature", "properties": {"code": "Lke-2/O-2", "reg": "ii-kesz", "conf": 0.936}, "geometry": {"type": "Point", "coordinates": [18.9576791, 47.5644376]}}, {"type": "Feature", "properties": {"code": "Lke-2/O-7", "reg": "ii-kesz", "conf": 0.936}, "geometry": {"type": "Point", "coordinates": [18.9642463, 47.5644031]}}, {"type": "Feature", "properties": {"code": "Lke-2/O-1", "reg": "ii-kesz", "conf": 0.935}, "geometry": {"type": "Point", "coordinates": [18.9647496, 47.564542]}}, {"type": "Feature", "properties": {"code": "Lke-2/Z-3", "reg": "ii-kesz", "conf": 0.932}, "geometry": {"type": "Point", "coordinates": [18.9608977, 47.5639372]}}, {"type": "Feature", "properties": {"code": "Lke-2/O-5", "reg": "ii-kesz", "conf": 0.929}, "geometry": {"type": "Point", "coordinates": [18.9667958, 47.5643305]}}, {"type": "Feature", "properties": {"code": "Vi-2/SZ-7", "reg": "ii-kesz", "conf": 0.925}, "geometry": {"type": "Point", "coordinates": [18.9614943, 47.5647653]}}, {"type": "Feature", "properties": {"code": "Zez-2/Vi", "reg": "ii-kesz", "conf": 0.925}, "geometry": {"type": "Point", "coordinates": [18.9617444, 47.5641896]}}, {"type": "Feature", "properties": {"code": "Lke-2/O-5", "reg": "ii-kesz", "conf": 0.925}, "geometry": {"type": "Point", "coordinates": [18.9640453, 47.5636601]}}, {"type": "Feature", "properties": {"code": "Lke-2/O-1", "reg": "ii-kesz", "conf": 0.924}, "geometry": {"type": "Point", "coordinates": [18.9625886, 47.564908]}}, {"type": "Feature", "properties": {"code": "Lke-2/SZ-10", "reg": "ii-kesz", "conf": 0.924}, "geometry": {"type": "Point", "coordinates": [18.95035, 47.5591954]}}, {"type": "Feature", "properties": {"code": "Lke-3/O-1", "reg": "ii-kesz", "conf": 0.92}, "geometry": {"type": "Point", "coordinates": [18.9564378, 47.5668498]}}, {"type": "Feature", "properties": {"code": "Tk-1", "reg": "ii-kesz", "conf": 0.913}, "geometry": {"type": "Point", "coordinates": [18.9687174, 47.5584959]}}, {"type": "Feature", "properties": {"code": "Tk-1", "reg": "ii-kesz", "conf": 0.911}, "geometry": {"type": "Point", "coordinates": [18.9686664, 47.5565189]}}, {"type": "Feature", "properties": {"code": "Lke-2/SZ-10", "reg": "ii-kesz", "conf": 0.895}, "geometry": {"type": "Point", "coordinates": [18.9532845, 47.5572834]}}, {"type": "Feature", "properties": {"code": "Lke-2/O-2", "reg": "ii-kesz", "conf": 0.881}, "geometry": {"type": "Point", "coordinates": [18.9569576, 47.5638006]}}, {"type": "Feature", "properties": {"code": "Vf-P", "reg": "ii-kesz", "conf": 0.881}, "geometry": {"type": "Point", "coordinates": [18.959588, 47.5648235]}}, {"type": "Feature", "properties": {"code": "Ek-1", "reg": "ii-kesz", "conf": 0.877}, "geometry": {"type": "Point", "coordinates": [18.9686757, 47.5627417]}}, {"type": "Feature", "properties": {"code": "Lke-2/SZ-8", "reg": "ii-kesz", "conf": 0.853}, "geometry": {"type": "Point", "coordinates": [18.960878, 47.5635881]}}, {"type": "Feature", "properties": {"code": "Lke-2/SZ-8", "reg": "ii-kesz", "conf": 0.832}, "geometry": {"type": "Point", "coordinates": [18.9608797, 47.5635881]}}, {"type": "Feature", "properties": {"code": "Vi-2/SZ-32", "reg": "ii-kesz", "conf": 0.995}, "geometry": {"type": "Point", "coordinates": [18.968514, 47.5575033]}}, {"type": "Feature", "properties": {"code": "Lke-2/SZ-10", "reg": "ii-kesz", "conf": 0.985}, "geometry": {"type": "Point", "coordinates": [18.9669482, 47.566371]}}, {"type": "Feature", "properties": {"code": "Lke-2/SZ-10", "reg": "ii-kesz", "conf": 0.984}, "geometry": {"type": "Point", "coordinates": [18.9680642, 47.5558845]}}, {"type": "Feature", "properties": {"code": "Lke-2/SZ-10", "reg": "ii-kesz", "conf": 0.983}, "geometry": {"type": "Point", "coordinates": [18.9668913, 47.5562356]}}, {"type": "Feature", "properties": {"code": "Lke-2/SZ-10", "reg": "ii-kesz", "conf": 0.98}, "geometry": {"type": "Point", "coordinates": [18.9667663, 47.5551788]}}, {"type": "Feature", "properties": {"code": "Lke-3/SZ-3", "reg": "ii-kesz", "conf": 0.978}, "geometry": {"type": "Point", "coordinates": [18.967604, 47.5617435]}}, {"type": "Feature", "properties": {"code": "Lke-3/SZ-3", "reg": "ii-kesz", "conf": 0.978}, "geometry": {"type": "Point", "coordinates": [18.9684326, 47.5537798]}}, {"type": "Feature", "properties": {"code": "Lke-3/SZ-3", "reg": "ii-kesz", "conf": 0.977}, "geometry": {"type": "Point", "coordinates": [18.9668001, 47.5635238]}}, {"type": "Feature", "properties": {"code": "Lke-3/O-5", "reg": "ii-kesz", "conf": 0.975}, "geometry": {"type": "Point", "coordinates": [18.9687231, 47.5639403]}}, {"type": "Feature", "properties": {"code": "Lke-3/SZ-3", "reg": "ii-kesz", "conf": 0.975}, "geometry": {"type": "Point", "coordinates": [18.9679983, 47.5605769]}}, {"type": "Feature", "properties": {"code": "Lke-3/SZ-3", "reg": "ii-kesz", "conf": 0.975}, "geometry": {"type": "Point", "coordinates": [18.966947, 47.559309]}}, {"type": "Feature", "properties": {"code": "Lke-2/SZ-10", "reg": "ii-kesz", "conf": 0.974}, "geometry": {"type": "Point", "coordinates": [18.9667736, 47.5535278]}}, {"type": "Feature", "properties": {"code": "Lke-3/SZ-3", "reg": "ii-kesz", "conf": 0.973}, "geometry": {"type": "Point", "coordinates": [18.9671374, 47.562628]}}, {"type": "Feature", "properties": {"code": "Lke-2/SZ-10", "reg": "ii-kesz", "conf": 0.972}, "geometry": {"type": "Point", "coordinates": [18.9680551, 47.5548208]}}, {"type": "Feature", "properties": {"code": "Lke-3/SZ-3", "reg": "ii-kesz", "conf": 0.971}, "geometry": {"type": "Point", "coordinates": [18.9672776, 47.5584268]}}, {"type": "Feature", "properties": {"code": "Lke-3/SZ-3", "reg": "ii-kesz", "conf": 0.971}, "geometry": {"type": "Point", "coordinates": [18.9678005, 47.5535046]}}, {"type": "Feature", "properties": {"code": "Lke-2/SZ-10", "reg": "ii-kesz", "conf": 0.97}, "geometry": {"type": "Point", "coordinates": [18.9673135, 47.5541103]}}, {"type": "Feature", "properties": {"code": "Mk-2", "reg": "ii-kesz", "conf": 0.969}, "geometry": {"type": "Point", "coordinates": [18.9852788, 47.5659474]}}, {"type": "Feature", "properties": {"code": "Lke-3/SZ-3", "reg": "ii-kesz", "conf": 0.968}, "geometry": {"type": "Point", "coordinates": [18.9667667, 47.5611348]}}, {"type": "Feature", "properties": {"code": "Lke-2/Z-1", "reg": "ii-kesz", "conf": 0.967}, "geometry": {"type": "Point", "coordinates": [18.9687514, 47.5662745]}}, {"type": "Feature", "properties": {"code": "Lke-3/SZ-3", "reg": "ii-kesz", "conf": 0.961}, "geometry": {"type": "Point", "coordinates": [18.9667695, 47.5603304]}}, {"type": "Feature", "properties": {"code": "Lke-2/SZ-10", "reg": "ii-kesz", "conf": 0.961}, "geometry": {"type": "Point", "coordinates": [18.9693443, 47.5549712]}}, {"type": "Feature", "properties": {"code": "Lke-2/O-5", "reg": "ii-kesz", "conf": 0.96}, "geometry": {"type": "Point", "coordinates": [18.9673892, 47.5648501]}}, {"type": "Feature", "properties": {"code": "Lke-2/SZ-10", "reg": "ii-kesz", "conf": 0.958}, "geometry": {"type": "Point", "coordinates": [18.9694237, 47.566312]}}, {"type": "Feature", "properties": {"code": "Lke-2/O-4", "reg": "ii-kesz", "conf": 0.957}, "geometry": {"type": "Point", "coordinates": [18.9687324, 47.5653593]}}, {"type": "Feature", "properties": {"code": "Mk-2", "reg": "ii-kesz", "conf": 0.956}, "geometry": {"type": "Point", "coordinates": [18.9861296, 47.5665139]}}, {"type": "Feature", "properties": {"code": "Lke-2/O-5", "reg": "ii-kesz", "conf": 0.953}, "geometry": {"type": "Point", "coordinates": [18.9667539, 47.5648743]}}, {"type": "Feature", "properties": {"code": "Tk-1", "reg": "ii-kesz", "conf": 0.944}, "geometry": {"type": "Point", "coordinates": [18.9840347, 47.5653423]}}, {"type": "Feature", "properties": {"code": "Tk-2", "reg": "ii-kesz", "conf": 0.941}, "geometry": {"type": "Point", "coordinates": [18.9687957, 47.5538437]}}, {"type": "Feature", "properties": {"code": "Lke-2/O-5", "reg": "ii-kesz", "conf": 0.938}, "geometry": {"type": "Point", "coordinates": [18.9668158, 47.5643167]}}, {"type": "Feature", "properties": {"code": "Lke-3/O-5", "reg": "ii-kesz", "conf": 0.934}, "geometry": {"type": "Point", "coordinates": [18.9708971, 47.5653564]}}, {"type": "Feature", "properties": {"code": "Tk-1", "reg": "ii-kesz", "conf": 0.929}, "geometry": {"type": "Point", "coordinates": [18.9851386, 47.5622125]}}, {"type": "Feature", "properties": {"code": "Tk-2", "reg": "ii-kesz", "conf": 0.923}, "geometry": {"type": "Point", "coordinates": [18.9709823, 47.5540453]}}, {"type": "Feature", "properties": {"code": "Tk-1", "reg": "ii-kesz", "conf": 0.919}, "geometry": {"type": "Point", "coordinates": [18.9687213, 47.5584904]}}, {"type": "Feature", "properties": {"code": "Tk-1", "reg": "ii-kesz", "conf": 0.917}, "geometry": {"type": "Point", "coordinates": [18.9850415, 47.5574505]}}, {"type": "Feature", "properties": {"code": "Tk-1", "reg": "ii-kesz", "conf": 0.909}, "geometry": {"type": "Point", "coordinates": [18.9725461, 47.5578837]}}, {"type": "Feature", "properties": {"code": "Tk-1", "reg": "ii-kesz", "conf": 0.908}, "geometry": {"type": "Point", "coordinates": [18.9850093, 47.5543736]}}, {"type": "Feature", "properties": {"code": "Ek-1", "reg": "ii-kesz", "conf": 0.907}, "geometry": {"type": "Point", "coordinates": [18.9686786, 47.5627292]}}, {"type": "Feature", "properties": {"code": "Tk-1", "reg": "ii-kesz", "conf": 0.906}, "geometry": {"type": "Point", "coordinates": [18.9812795, 47.5644119]}}, {"type": "Feature", "properties": {"code": "Tk-1", "reg": "ii-kesz", "conf": 0.896}, "geometry": {"type": "Point", "coordinates": [18.9773766, 47.5610631]}}, {"type": "Feature", "properties": {"code": "Vf-P/Ek", "reg": "ii-kesz", "conf": 0.891}, "geometry": {"type": "Point", "coordinates": [18.9758176, 47.5646443]}}, {"type": "Feature", "properties": {"code": "Ek-1", "reg": "ii-kesz", "conf": 0.883}, "geometry": {"type": "Point", "coordinates": [18.9737773, 47.5621016]}}, {"type": "Feature", "properties": {"code": "Tk-1", "reg": "ii-kesz", "conf": 0.878}, "geometry": {"type": "Point", "coordinates": [18.9686663, 47.5565184]}}, {"type": "Feature", "properties": {"code": "Tk-1", "reg": "ii-kesz", "conf": 0.875}, "geometry": {"type": "Point", "coordinates": [18.974838, 47.5544212]}}, {"type": "Feature", "properties": {"code": "Tk-1", "reg": "ii-kesz", "conf": 0.874}, "geometry": {"type": "Point", "coordinates": [18.9792648, 47.5570226]}}, {"type": "Feature", "properties": {"code": "Tk-1", "reg": "ii-kesz", "conf": 0.872}, "geometry": {"type": "Point", "coordinates": [18.9825526, 47.565658]}}, {"type": "Feature", "properties": {"code": "Tk-1", "reg": "ii-kesz", "conf": 0.87}, "geometry": {"type": "Point", "coordinates": [18.974838, 47.5544212]}}, {"type": "Feature", "properties": {"code": "Tk-1", "reg": "ii-kesz", "conf": 0.868}, "geometry": {"type": "Point", "coordinates": [18.9815559, 47.5628671]}}, {"type": "Feature", "properties": {"code": "Vf-P/Tk", "reg": "ii-kesz", "conf": 0.846}, "geometry": {"type": "Point", "coordinates": [18.9785813, 47.5631342]}}, {"type": "Feature", "properties": {"code": "Vi-2/SZ-14", "reg": "ii-kesz", "conf": 0.992}, "geometry": {"type": "Point", "coordinates": [18.9388096, 47.5475686]}}, {"type": "Feature", "properties": {"code": "Lke-3/SZ-3", "reg": "ii-kesz", "conf": 0.983}, "geometry": {"type": "Point", "coordinates": [18.9381499, 47.5486828]}}, {"type": "Feature", "properties": {"code": "Zkp-Kp/1", "reg": "ii-kesz", "conf": 0.982}, "geometry": {"type": "Point", "coordinates": [18.940033, 47.5471866]}}, {"type": "Feature", "properties": {"code": "Lke-3/SZ-3", "reg": "ii-kesz", "conf": 0.979}, "geometry": {"type": "Point", "coordinates": [18.9426477, 47.5529579]}}, {"type": "Feature", "properties": {"code": "Lke-3/SZ-3", "reg": "ii-kesz", "conf": 0.978}, "geometry": {"type": "Point", "coordinates": [18.934029, 47.5464211]}}, {"type": "Feature", "properties": {"code": "Lke-3/SZ-3", "reg": "ii-kesz", "conf": 0.978}, "geometry": {"type": "Point", "coordinates": [18.9356378, 47.5441447]}}, {"type": "Feature", "properties": {"code": "Lke-3/SZ-3", "reg": "ii-kesz", "conf": 0.977}, "geometry": {"type": "Point", "coordinates": [18.936612, 47.5469039]}}, {"type": "Feature", "properties": {"code": "Lke-3/SZ-3", "reg": "ii-kesz", "conf": 0.977}, "geometry": {"type": "Point", "coordinates": [18.9404166, 47.5478112]}}, {"type": "Feature", "properties": {"code": "Lke-3/SZ-3", "reg": "ii-kesz", "conf": 0.976}, "geometry": {"type": "Point", "coordinates": [18.9426935, 47.5462532]}}, {"type": "Feature", "properties": {"code": "Lke-3/SZ-3", "reg": "ii-kesz", "conf": 0.975}, "geometry": {"type": "Point", "coordinates": [18.9374078, 47.5480388]}}, {"type": "Feature", "properties": {"code": "Lke-3/SZ-3", "reg": "ii-kesz", "conf": 0.974}, "geometry": {"type": "Point", "coordinates": [18.9395095, 47.5491119]}}, {"type": "Feature", "properties": {"code": "Lke-3/SZ-3", "reg": "ii-kesz", "conf": 0.973}, "geometry": {"type": "Point", "coordinates": [18.9436438, 47.5537839]}}, {"type": "Feature", "properties": {"code": "Lke-3/SZ-3", "reg": "ii-kesz", "conf": 0.973}, "geometry": {"type": "Point", "coordinates": [18.9409044, 47.5517304]}}, {"type": "Feature", "properties": {"code": "Lke-3/SZ-3", "reg": "ii-kesz", "conf": 0.973}, "geometry": {"type": "Point", "coordinates": [18.9418519, 47.5500191]}}, {"type": "Feature", "properties": {"code": "Lke-3/SZ-3", "reg": "ii-kesz", "conf": 0.973}, "geometry": {"type": "Point", "coordinates": [18.94078, 47.5494299]}}, {"type": "Feature", "properties": {"code": "Lke-3/SZ-3", "reg": "ii-kesz", "conf": 0.973}, "geometry": {"type": "Point", "coordinates": [18.9418823, 47.5476991]}}, {"type": "Feature", "properties": {"code": "Lke-3/SZ-3", "reg": "ii-kesz", "conf": 0.973}, "geometry": {"type": "Point", "coordinates": [18.9364791, 47.5449649]}}, {"type": "Feature", "properties": {"code": "Lke-3/SZ-3", "reg": "ii-kesz", "conf": 0.972}, "geometry": {"type": "Point", "coordinates": [18.9408773, 47.5543329]}}, {"type": "Feature", "properties": {"code": "Lke-3/SZ-3", "reg": "ii-kesz", "conf": 0.971}, "geometry": {"type": "Point", "coordinates": [18.9438727, 47.5525759]}}, {"type": "Feature", "properties": {"code": "Lke-3/SZ-3", "reg": "ii-kesz", "conf": 0.971}, "geometry": {"type": "Point", "coordinates": [18.9351682, 47.545546]}}, {"type": "Feature", "properties": {"code": "Lke-3/SZ-3", "reg": "ii-kesz", "conf": 0.97}, "geometry": {"type": "Point", "coordinates": [18.9429624, 47.550797]}}, {"type": "Feature", "properties": {"code": "Lke-3/SZ-3", "reg": "ii-kesz", "conf": 0.967}, "geometry": {"type": "Point", "coordinates": [18.9435787, 47.5448541]}}, {"type": "Feature", "properties": {"code": "Lke-3/SZ-3", "reg": "ii-kesz", "conf": 0.966}, "geometry": {"type": "Point", "coordinates": [18.934448, 47.5462084]}}, {"type": "Feature", "properties": {"code": "Lke-3/SZ-3", "reg": "ii-kesz", "conf": 0.959}, "geometry": {"type": "Point", "coordinates": [18.9361172, 47.5476624]}}, {"type": "Feature", "properties": {"code": "Lke-3/SZ-3", "reg": "ii-kesz", "conf": 0.955}, "geometry": {"type": "Point", "coordinates": [18.935222, 47.5471373]}}, {"type": "Feature", "properties": {"code": "Lke-3/SZ-3", "reg": "ii-kesz", "conf": 0.945}, "geometry": {"type": "Point", "coordinates": [18.9409953, 47.5512271]}}, {"type": "Feature", "properties": {"code": "Ek-1", "reg": "ii-kesz", "conf": 0.93}, "geometry": {"type": "Point", "coordinates": [18.9293999, 47.5422844]}}, {"type": "Feature", "properties": {"code": "Ek-Tv/1", "reg": "ii-kesz", "conf": 0.92}, "geometry": {"type": "Point", "coordinates": [18.9366728, 47.5423864]}}, {"type": "Feature", "properties": {"code": "Ek-Tv/1", "reg": "ii-kesz", "conf": 0.917}, "geometry": {"type": "Point", "coordinates": [18.9327334, 47.5429618]}}, {"type": "Feature", "properties": {"code": "Ek-Tv/1", "reg": "ii-kesz", "conf": 0.903}, "geometry": {"type": "Point", "coordinates": [18.9428418, 47.5423157]}}, {"type": "Feature", "properties": {"code": "Ek-Tv/1", "reg": "ii-kesz", "conf": 0.902}, "geometry": {"type": "Point", "coordinates": [18.9428451, 47.5423168]}}, {"type": "Feature", "properties": {"code": "Lke-3/SZ-3", "reg": "ii-kesz", "conf": 0.898}, "geometry": {"type": "Point", "coordinates": [18.943218, 47.5549656]}}, {"type": "Feature", "properties": {"code": "Ek-Tv/1", "reg": "ii-kesz", "conf": 0.897}, "geometry": {"type": "Point", "coordinates": [18.9366745, 47.5423864]}}, {"type": "Feature", "properties": {"code": "Ek-Tv/1", "reg": "ii-kesz", "conf": 0.896}, "geometry": {"type": "Point", "coordinates": [18.9374933, 47.5546097]}}, {"type": "Feature", "properties": {"code": "Ek-Tv/1", "reg": "ii-kesz", "conf": 0.894}, "geometry": {"type": "Point", "coordinates": [18.9386246, 47.5449467]}}, {"type": "Feature", "properties": {"code": "Ek-Tv/1", "reg": "ii-kesz", "conf": 0.884}, "geometry": {"type": "Point", "coordinates": [18.9310741, 47.544998]}}, {"type": "Feature", "properties": {"code": "Vi-2/SZ-12", "reg": "ii-kesz", "conf": 0.991}, "geometry": {"type": "Point", "coordinates": [18.9535563, 47.5480918]}}, {"type": "Feature", "properties": {"code": "Vi-2/SZ-26", "reg": "ii-kesz", "conf": 0.991}, "geometry": {"type": "Point", "coordinates": [18.9612772, 47.5447373]}}, {"type": "Feature", "properties": {"code": "Lke-2/SZ-10", "reg": "ii-kesz", "conf": 0.99}, "geometry": {"type": "Point", "coordinates": [18.9502288, 47.5537112]}}, {"type": "Feature", "properties": {"code": "Vi-2/SZ-L6", "reg": "ii-kesz", "conf": 0.989}, "geometry": {"type": "Point", "coordinates": [18.952788, 47.548768]}}, {"type": "Feature", "properties": {"code": "Lke-2/SZ-10", "reg": "ii-kesz", "conf": 0.988}, "geometry": {"type": "Point", "coordinates": [18.9612932, 47.5466414]}}, {"type": "Feature", "properties": {"code": "Lke-2/SZ-10", "reg": "ii-kesz", "conf": 0.986}, "geometry": {"type": "Point", "coordinates": [18.9612388, 47.5543378]}}, {"type": "Feature", "properties": {"code": "Lke-2/SZ-10", "reg": "ii-kesz", "conf": 0.985}, "geometry": {"type": "Point", "coordinates": [18.9593341, 47.5544871]}}, {"type": "Feature", "properties": {"code": "Lke-2/SZ-10", "reg": "ii-kesz", "conf": 0.985}, "geometry": {"type": "Point", "coordinates": [18.9519657, 47.5509565]}}, {"type": "Feature", "properties": {"code": "Lke-2/SZ-10", "reg": "ii-kesz", "conf": 0.985}, "geometry": {"type": "Point", "coordinates": [18.9542591, 47.5503254]}}, {"type": "Feature", "properties": {"code": "Lke-2/SZ-10", "reg": "ii-kesz", "conf": 0.985}, "geometry": {"type": "Point", "coordinates": [18.9603785, 47.5517203]}}, {"type": "Feature", "properties": {"code": "Lke-2/Te", "reg": "ii-kesz", "conf": 0.985}, "geometry": {"type": "Point", "coordinates": [18.9592882, 47.54718]}}, {"type": "Feature", "properties": {"code": "Lke-2/SZ-10", "reg": "ii-kesz", "conf": 0.984}, "geometry": {"type": "Point", "coordinates": [18.9512465, 47.5537913]}}, {"type": "Feature", "properties": {"code": "Lke-2/SZ-10", "reg": "ii-kesz", "conf": 0.984}, "geometry": {"type": "Point", "coordinates": [18.9593505, 47.5494485]}}, {"type": "Feature", "properties": {"code": "Lke-2/SZ-10", "reg": "ii-kesz", "conf": 0.984}, "geometry": {"type": "Point", "coordinates": [18.9612476, 47.5496567]}}, {"type": "Feature", "properties": {"code": "Lke-3/SZ-3", "reg": "ii-kesz", "conf": 0.984}, "geometry": {"type": "Point", "coordinates": [18.9476925, 47.5469664]}}, {"type": "Feature", "properties": {"code": "Lke-2/SZ-11", "reg": "ii-kesz", "conf": 0.983}, "geometry": {"type": "Point", "coordinates": [18.9593481, 47.5535328]}}, {"type": "Feature", "properties": {"code": "Lke-2/SZ-10", "reg": "ii-kesz", "conf": 0.983}, "geometry": {"type": "Point", "coordinates": [18.949391, 47.5493305]}}, {"type": "Feature", "properties": {"code": "Lke-2/SZ-10", "reg": "ii-kesz", "conf": 0.982}, "geometry": {"type": "Point", "coordinates": [18.9534908, 47.5540124]}}, {"type": "Feature", "properties": {"code": "Lke-2/SZ-10", "reg": "ii-kesz", "conf": 0.982}, "geometry": {"type": "Point", "coordinates": [18.9512924, 47.5476231]}}, {"type": "Feature", "properties": {"code": "Lke-2/SZ-10", "reg": "ii-kesz", "conf": 0.982}, "geometry": {"type": "Point", "coordinates": [18.9583019, 47.5473532]}}, {"type": "Feature", "properties": {"code": "Lke-2/SZ-10", "reg": "ii-kesz", "conf": 0.981}, "geometry": {"type": "Point", "coordinates": [18.9484521, 47.5486421]}}, {"type": "Feature", "properties": {"code": "Lke-3/SZ-3", "reg": "ii-kesz", "conf": 0.981}, "geometry": {"type": "Point", "coordinates": [18.9532992, 47.5455046]}}, {"type": "Feature", "properties": {"code": "Lke-3/SZ-3", "reg": "ii-kesz", "conf": 0.981}, "geometry": {"type": "Point", "coordinates": [18.9510487, 47.5450887]}}, {"type": "Feature", "properties": {"code": "Lke-2/SZ-10", "reg": "ii-kesz", "conf": 0.98}, "geometry": {"type": "Point", "coordinates": [18.9603329, 47.5547654]}}, {"type": "Feature", "properties": {"code": "Lke-2/SZ-10", "reg": "ii-kesz", "conf": 0.98}, "geometry": {"type": "Point", "coordinates": [18.9567788, 47.5494573]}}, {"type": "Feature", "properties": {"code": "Lke-3/SZ-3", "reg": "ii-kesz", "conf": 0.98}, "geometry": {"type": "Point", "coordinates": [18.9569485, 47.5459254]}}, {"type": "Feature", "properties": {"code": "K-Vke-2/Lke", "reg": "ii-kesz", "conf": 0.98}, "geometry": {"type": "Point", "coordinates": [18.9612474, 47.5467673]}}, {"type": "Feature", "properties": {"code": "Lke-3/SZ-3", "reg": "ii-kesz", "conf": 0.979}, "geometry": {"type": "Point", "coordinates": [18.9436545, 47.5537903]}}, {"type": "Feature", "properties": {"code": "Lke-2/SZ-10", "reg": "ii-kesz", "conf": 0.979}, "geometry": {"type": "Point", "coordinates": [18.9493972, 47.5510719]}}, {"type": "Feature", "properties": {"code": "Lke-2/SZ-10", "reg": "ii-kesz", "conf": 0.979}, "geometry": {"type": "Point", "coordinates": [18.9470583, 47.5486865]}}, {"type": "Feature", "properties": {"code": "Lke-2/SZ-11", "reg": "ii-kesz", "conf": 0.979}, "geometry": {"type": "Point", "coordinates": [18.9543588, 47.5494468]}}, {"type": "Feature", "properties": {"code": "Lke-2/SZ-10", "reg": "ii-kesz", "conf": 0.979}, "geometry": {"type": "Point", "coordinates": [18.956385, 47.5484773]}}, {"type": "Feature", "properties": {"code": "Lke-3/SZ-3", "reg": "ii-kesz", "conf": 0.979}, "geometry": {"type": "Point", "coordinates": [18.9452152, 47.543961]}}, {"type": "Feature", "properties": {"code": "Lke-2/SZ-10", "reg": "ii-kesz", "conf": 0.978}, "geometry": {"type": "Point", "coordinates": [18.9586178, 47.5455479]}}, {"type": "Feature", "properties": {"code": "Lke-2/SZ-10", "reg": "ii-kesz", "conf": 0.978}, "geometry": {"type": "Point", "coordinates": [18.9605699, 47.5460105]}}, {"type": "Feature", "properties": {"code": "Lke-2/SZ-11", "reg": "ii-kesz", "conf": 0.977}, "geometry": {"type": "Point", "coordinates": [18.960511, 47.5534744]}}, {"type": "Feature", "properties": {"code": "Lke-2/SZ-10", "reg": "ii-kesz", "conf": 0.977}, "geometry": {"type": "Point", "coordinates": [18.9520079, 47.5517139]}}, {"type": "Feature", "properties": {"code": "Lke-3/SZ-3", "reg": "ii-kesz", "conf": 0.977}, "geometry": {"type": "Point", "coordinates": [18.9549672, 47.5456667]}}, {"type": "Feature", "properties": {"code": "Lke-2/SZ-10", "reg": "ii-kesz", "conf": 0.977}, "geometry": {"type": "Point", "coordinates": [18.9594827, 47.5483568]}}, {"type": "Feature", "properties": {"code": "Lke-2/SZ-10", "reg": "ii-kesz", "conf": 0.976}, "geometry": {"type": "Point", "coordinates": [18.9547779, 47.5549589]}}, {"type": "Feature", "properties": {"code": "Lke-3/SZ-3", "reg": "ii-kesz", "conf": 0.976}, "geometry": {"type": "Point", "coordinates": [18.9448506, 47.5502366]}}, {"type": "Feature", "properties": {"code": "Lke-2/SZ-10", "reg": "ii-kesz", "conf": 0.976}, "geometry": {"type": "Point", "coordinates": [18.9543412, 47.552021]}}, {"type": "Feature", "properties": {"code": "Lke-2/SZ-10", "reg": "ii-kesz", "conf": 0.976}, "geometry": {"type": "Point", "coordinates": [18.9592874, 47.5445359]}}, {"type": "Feature", "properties": {"code": "Lke-2/SZ-10", "reg": "ii-kesz", "conf": 0.975}, "geometry": {"type": "Point", "coordinates": [18.9483097, 47.5542832]}}, {"type": "Feature", "properties": {"code": "Lke-2/SZ-10", "reg": "ii-kesz", "conf": 0.975}, "geometry": {"type": "Point", "coordinates": [18.9569246, 47.5520856]}}, {"type": "Feature", "properties": {"code": "Lke-2/Te", "reg": "ii-kesz", "conf": 0.975}, "geometry": {"type": "Point", "coordinates": [18.9611698, 47.5535347]}}, {"type": "Feature", "properties": {"code": "Lke-2/SZ-10", "reg": "ii-kesz", "conf": 0.975}, "geometry": {"type": "Point", "coordinates": [18.9465133, 47.5504846]}}, {"type": "Feature", "properties": {"code": "Lke-3/SZ-3", "reg": "ii-kesz", "conf": 0.975}, "geometry": {"type": "Point", "coordinates": [18.9439611, 47.5463519]}}, {"type": "Feature", "properties": {"code": "Lke-3/SZ-3", "reg": "ii-kesz", "conf": 0.974}, "geometry": {"type": "Point", "coordinates": [18.9426536, 47.5529632]}}, {"type": "Feature", "properties": {"code": "Lke-2/SZ-10", "reg": "ii-kesz", "conf": 0.974}, "geometry": {"type": "Point", "coordinates": [18.9476111, 47.5524494]}}, {"type": "Feature", "properties": {"code": "Lke-2/SZ-10", "reg": "ii-kesz", "conf": 0.974}, "geometry": {"type": "Point", "coordinates": [18.9518344, 47.5524079]}}, {"type": "Feature", "properties": {"code": "Lke-2/SZ-10", "reg": "ii-kesz", "conf": 0.974}, "geometry": {"type": "Point", "coordinates": [18.9606508, 47.5527745]}}, {"type": "Feature", "properties": {"code": "Vi-2/SZ-12", "reg": "ii-kesz", "conf": 0.974}, "geometry": {"type": "Point", "coordinates": [18.9523719, 47.5486794]}}, {"type": "Feature", "properties": {"code": "Lke-3/SZ-3", "reg": "ii-kesz", "conf": 0.974}, "geometry": {"type": "Point", "coordinates": [18.9448473, 47.5449505]}}, {"type": "Feature", "properties": {"code": "Lke-3/SZ-3", "reg": "ii-kesz", "conf": 0.974}, "geometry": {"type": "Point", "coordinates": [18.946787, 47.5457006]}}, {"type": "Feature", "properties": {"code": "Lke-2/SZ-10", "reg": "ii-kesz", "conf": 0.973}, "geometry": {"type": "Point", "coordinates": [18.9532717, 47.5547512]}}, {"type": "Feature", "properties": {"code": "Lke-2/SZ-10", "reg": "ii-kesz", "conf": 0.973}, "geometry": {"type": "Point", "coordinates": [18.9596396, 47.5505257]}}, {"type": "Feature", "properties": {"code": "Lke-3/SZ-3", "reg": "ii-kesz", "conf": 0.973}, "geometry": {"type": "Point", "coordinates": [18.9509642, 47.5459238]}}, {"type": "Feature", "properties": {"code": "Lke-2/SZ-10", "reg": "ii-kesz", "conf": 0.973}, "geometry": {"type": "Point", "coordinates": [18.9596295, 47.5453027]}}, {"type": "Feature", "properties": {"code": "Lke-2/SZ-10", "reg": "ii-kesz", "conf": 0.972}, "geometry": {"type": "Point", "coordinates": [18.9564985, 47.554939]}}, {"type": "Feature", "properties": {"code": "Lke-2/SZ-10", "reg": "ii-kesz", "conf": 0.972}, "geometry": {"type": "Point", "coordinates": [18.9504482, 47.5513376]}}, {"type": "Feature", "properties": {"code": "Lke-2/SZ-10", "reg": "ii-kesz", "conf": 0.972}, "geometry": {"type": "Point", "coordinates": [18.9504616, 47.549846]}}, {"type": "Feature", "properties": {"code": "Lke-2/SZ-10", "reg": "ii-kesz", "conf": 0.972}, "geometry": {"type": "Point", "coordinates": [18.9573722, 47.5501189]}}, {"type": "Feature", "properties": {"code": "Lke-2/AI/SZ-1", "reg": "ii-kesz", "conf": 0.972}, "geometry": {"type": "Point", "coordinates": [18.9540262, 47.5474713]}}, {"type": "Feature", "properties": {"code": "Lke-3/SZ-3", "reg": "ii-kesz", "conf": 0.972}, "geometry": {"type": "Point", "coordinates": [18.9539512, 47.5463668]}}, {"type": "Feature", "properties": {"code": "Lke-2/SZ-10", "reg": "ii-kesz", "conf": 0.971}, "geometry": {"type": "Point", "coordinates": [18.9452803, 47.5539764]}}, {"type": "Feature", "properties": {"code": "K-Vke-1/Lke", "reg": "ii-kesz", "conf": 0.971}, "geometry": {"type": "Point", "coordinates": [18.9556424, 47.554961]}}, {"type": "Feature", "properties": {"code": "Lke-2/SZ-10", "reg": "ii-kesz", "conf": 0.971}, "geometry": {"type": "Point", "coordinates": [18.9609116, 47.5507184]}}, {"type": "Feature", "properties": {"code": "Vi-2/SZ-L6", "reg": "ii-kesz", "conf": 0.97}, "geometry": {"type": "Point", "coordinates": [18.9528111, 47.549719]}}, {"type": "Feature", "properties": {"code": "Lke-3/SZ-3", "reg": "ii-kesz", "conf": 0.97}, "geometry": {"type": "Point", "coordinates": [18.9418987, 47.547697]}}, {"type": "Feature", "properties": {"code": "Lke-2/SZ-10", "reg": "ii-kesz", "conf": 0.97}, "geometry": {"type": "Point", "coordinates": [18.9561003, 47.5468937]}}, {"type": "Feature", "properties": {"code": "Lke-2/SZ-10", "reg": "ii-kesz", "conf": 0.969}, "geometry": {"type": "Point", "coordinates": [18.9444759, 47.5549746]}}, {"type": "Feature", "properties": {"code": "Lke-3/SZ-3", "reg": "ii-kesz", "conf": 0.969}, "geometry": {"type": "Point", "coordinates": [18.9429787, 47.5508006]}}, {"type": "Feature", "properties": {"code": "Lke-2/AI/SZ-3", "reg": "ii-kesz", "conf": 0.969}, "geometry": {"type": "Point", "coordinates": [18.9533359, 47.5486919]}}, {"type": "Feature", "properties": {"code": "Lke-3/SZ-3", "reg": "ii-kesz", "conf": 0.969}, "geometry": {"type": "Point", "coordinates": [18.9418824, 47.5459361]}}, {"type": "Feature", "properties": {"code": "Lke-3/SZ-3", "reg": "ii-kesz", "conf": 0.968}, "geometry": {"type": "Point", "coordinates": [18.9438881, 47.5525819]}}, {"type": "Feature", "properties": {"code": "Lke-3/SZ-3", "reg": "ii-kesz", "conf": 0.968}, "geometry": {"type": "Point", "coordinates": [18.9418665, 47.5500204]}}, {"type": "Feature", "properties": {"code": "Lke-2/SZ-10", "reg": "ii-kesz", "conf": 0.968}, "geometry": {"type": "Point", "coordinates": [18.9541371, 47.5513701]}}, {"type": "Feature", "properties": {"code": "Lke-3/SZ-3", "reg": "ii-kesz", "conf": 0.968}, "geometry": {"type": "Point", "coordinates": [18.9436072, 47.5448484]}}, {"type": "Feature", "properties": {"code": "Lke-2/SZ-10", "reg": "ii-kesz", "conf": 0.967}, "geometry": {"type": "Point", "coordinates": [18.9494232, 47.5545043]}}, {"type": "Feature", "properties": {"code": "Lke-2/SZ-10", "reg": "ii-kesz", "conf": 0.967}, "geometry": {"type": "Point", "coordinates": [18.9544525, 47.5527486]}}, {"type": "Feature", "properties": {"code": "Lke-2/SZ-1", "reg": "ii-kesz", "conf": 0.966}, "geometry": {"type": "Point", "coordinates": [18.955905, 47.5476004]}}, {"type": "Feature", "properties": {"code": "Lke-3/SZ-3", "reg": "ii-kesz", "conf": 0.965}, "geometry": {"type": "Point", "coordinates": [18.9427209, 47.5462498]}}, {"type": "Feature", "properties": {"code": "Lke-2/SZ-10", "reg": "ii-kesz", "conf": 0.964}, "geometry": {"type": "Point", "coordinates": [18.9488206, 47.5526443]}}, {"type": "Feature", "properties": {"code": "Lke-2/SZ-10", "reg": "ii-kesz", "conf": 0.963}, "geometry": {"type": "Point", "coordinates": [18.9612916, 47.5473425]}}, {"type": "Feature", "properties": {"code": "Vf-P/Lke", "reg": "ii-kesz", "conf": 0.961}, "geometry": {"type": "Point", "coordinates": [18.9478423, 47.5545462]}}, {"type": "Feature", "properties": {"code": "Lke-2/SZ-10", "reg": "ii-kesz", "conf": 0.961}, "geometry": {"type": "Point", "coordinates": [18.9516694, 47.5530791]}}, {"type": "Feature", "properties": {"code": "Lke-2/SZ-10", "reg": "ii-kesz", "conf": 0.96}, "geometry": {"type": "Point", "coordinates": [18.9568814, 47.5510533]}}, {"type": "Feature", "properties": {"code": "Vi-2/SZ-37", "reg": "ii-kesz", "conf": 0.956}, "geometry": {"type": "Point", "coordinates": [18.9519012, 47.5496561]}}, {"type": "Feature", "properties": {"code": "Lke-3/SZ-3", "reg": "ii-kesz", "conf": 0.956}, "geometry": {"type": "Point", "coordinates": [18.9562018, 47.5452349]}}, {"type": "Feature", "properties": {"code": "Lke-3/SZ-3", "reg": "ii-kesz", "conf": 0.955}, "geometry": {"type": "Point", "coordinates": [18.9482882, 47.5450927]}}, {"type": "Feature", "properties": {"code": "Lke-2/AI/SZ-4", "reg": "ii-kesz", "conf": 0.954}, "geometry": {"type": "Point", "coordinates": [18.9600252, 47.5536835]}}, {"type": "Feature", "properties": {"code": "Lke-3/SZ-3", "reg": "ii-kesz", "conf": 0.954}, "geometry": {"type": "Point", "coordinates": [18.9458587, 47.5485592]}}, {"type": "Feature", "properties": {"code": "Lke-2/AI/SZ-3", "reg": "ii-kesz", "conf": 0.953}, "geometry": {"type": "Point", "coordinates": [18.9533187, 47.5495912]}}, {"type": "Feature", "properties": {"code": "Lke-3/SZ-3", "reg": "ii-kesz", "conf": 0.953}, "geometry": {"type": "Point", "coordinates": [18.9496839, 47.5471976]}}, {"type": "Feature", "properties": {"code": "Lke-3/SZ-3", "reg": "ii-kesz", "conf": 0.953}, "geometry": {"type": "Point", "coordinates": [18.9570437, 47.5448051]}}, {"type": "Feature", "properties": {"code": "Lke-2/SZ-10", "reg": "ii-kesz", "conf": 0.952}, "geometry": {"type": "Point", "coordinates": [18.9579656, 47.5447877]}}, {"type": "Feature", "properties": {"code": "Lke-3/SZ-3", "reg": "ii-kesz", "conf": 0.946}, "geometry": {"type": "Point", "coordinates": [18.9458454, 47.5455763]}}, {"type": "Feature", "properties": {"code": "Lke-2/AI/SZ-Sp1", "reg": "ii-kesz", "conf": 0.946}, "geometry": {"type": "Point", "coordinates": [18.9529431, 47.5472468]}}, {"type": "Feature", "properties": {"code": "Lke-2/SZ-10", "reg": "ii-kesz", "conf": 0.944}, "geometry": {"type": "Point", "coordinates": [18.9564976, 47.553846]}}, {"type": "Feature", "properties": {"code": "Lke-2/SZ-10", "reg": "ii-kesz", "conf": 0.943}, "geometry": {"type": "Point", "coordinates": [18.9533092, 47.5478085]}}, {"type": "Feature", "properties": {"code": "Lke-2/SZ-10", "reg": "ii-kesz", "conf": 0.942}, "geometry": {"type": "Point", "coordinates": [18.9458894, 47.5521795]}}, {"type": "Feature", "properties": {"code": "Lke-2/SZ-10", "reg": "ii-kesz", "conf": 0.94}, "geometry": {"type": "Point", "coordinates": [18.9560819, 47.5543588]}}, {"type": "Feature", "properties": {"code": "Lke-2/SZ-10", "reg": "ii-kesz", "conf": 0.937}, "geometry": {"type": "Point", "coordinates": [18.9547104, 47.5534764]}}, {"type": "Feature", "properties": {"code": "Lke-2/SZ-10", "reg": "ii-kesz", "conf": 0.929}, "geometry": {"type": "Point", "coordinates": [18.9523179, 47.5479885]}}, {"type": "Feature", "properties": {"code": "Ek-Tv/1", "reg": "ii-kesz", "conf": 0.929}, "geometry": {"type": "Point", "coordinates": [18.9428764, 47.5423054]}}, {"type": "Feature", "properties": {"code": "Ek-Tv/2", "reg": "ii-kesz", "conf": 0.929}, "geometry": {"type": "Point", "coordinates": [18.9536384, 47.5422879]}}, {"type": "Feature", "properties": {"code": "Ek-Tv/1", "reg": "ii-kesz", "conf": 0.916}, "geometry": {"type": "Point", "coordinates": [18.9600167, 47.542463]}}, {"type": "Feature", "properties": {"code": "Ek-Tv/1", "reg": "ii-kesz", "conf": 0.915}, "geometry": {"type": "Point", "coordinates": [18.9499347, 47.5428386]}}, {"type": "Feature", "properties": {"code": "Ek-Tv/1", "reg": "ii-kesz", "conf": 0.907}, "geometry": {"type": "Point", "coordinates": [18.9564583, 47.5420778]}}, {"type": "Feature", "properties": {"code": "Lke-3/SZ-3", "reg": "ii-kesz", "conf": 0.905}, "geometry": {"type": "Point", "coordinates": [18.9432255, 47.5549744]}}, {"type": "Feature", "properties": {"code": "Ek-Tv/1", "reg": "ii-kesz", "conf": 0.895}, "geometry": {"type": "Point", "coordinates": [18.9497277, 47.5419539]}}, {"type": "Feature", "properties": {"code": "Ek-Tv/1", "reg": "ii-kesz", "conf": 0.888}, "geometry": {"type": "Point", "coordinates": [18.9537959, 47.544214]}}, {"type": "Feature", "properties": {"code": "Ek-Tv/1", "reg": "ii-kesz", "conf": 0.877}, "geometry": {"type": "Point", "coordinates": [18.9460683, 47.5430294]}}, {"type": "Feature", "properties": {"code": "Ek-Tv/1", "reg": "ii-kesz", "conf": 0.876}, "geometry": {"type": "Point", "coordinates": [18.9600167, 47.5424653]}}, {"type": "Feature", "properties": {"code": "Vi-2/SZ-28", "reg": "ii-kesz", "conf": 0.992}, "geometry": {"type": "Point", "coordinates": [18.9633892, 47.5458195]}}, {"type": "Feature", "properties": {"code": "Vi-2/SZ-21", "reg": "ii-kesz", "conf": 0.992}, "geometry": {"type": "Point", "coordinates": [18.9637481, 47.5473187]}}, {"type": "Feature", "properties": {"code": "Vi-2/SZ-28", "reg": "ii-kesz", "conf": 0.992}, "geometry": {"type": "Point", "coordinates": [18.9639757, 47.5453898]}}, {"type": "Feature", "properties": {"code": "Vi-2/SZ-40", "reg": "ii-kesz", "conf": 0.991}, "geometry": {"type": "Point", "coordinates": [18.9653795, 47.5436119]}}, {"type": "Feature", "properties": {"code": "Vi-2/SZ-26", "reg": "ii-kesz", "conf": 0.989}, "geometry": {"type": "Point", "coordinates": [18.9612942, 47.5447352]}}, {"type": "Feature", "properties": {"code": "Lke-2/SZ-10", "reg": "ii-kesz", "conf": 0.988}, "geometry": {"type": "Point", "coordinates": [18.9603953, 47.5517139]}}, {"type": "Feature", "properties": {"code": "Vi-2/SZ-3", "reg": "ii-kesz", "conf": 0.987}, "geometry": {"type": "Point", "coordinates": [18.9638068, 47.5483062]}}, {"type": "Feature", "properties": {"code": "Vi-2/SZ-2", "reg": "ii-kesz", "conf": 0.987}, "geometry": {"type": "Point", "coordinates": [18.9656081, 47.5420217]}}, {"type": "Feature", "properties": {"code": "Lke-2/SZ-10", "reg": "ii-kesz", "conf": 0.986}, "geometry": {"type": "Point", "coordinates": [18.9680624, 47.5548296]}}, {"type": "Feature", "properties": {"code": "Lke-2/SZ-10", "reg": "ii-kesz", "conf": 0.986}, "geometry": {"type": "Point", "coordinates": [18.961309, 47.5466392]}}, {"type": "Feature", "properties": {"code": "Lke-2/SZ-10", "reg": "ii-kesz", "conf": 0.985}, "geometry": {"type": "Point", "coordinates": [18.9612554, 47.5543235]}}, {"type": "Feature", "properties": {"code": "Lke-2/SZ-10", "reg": "ii-kesz", "conf": 0.985}, "geometry": {"type": "Point", "coordinates": [18.9631342, 47.5506088]}}, {"type": "Feature", "properties": {"code": "Lke-2/Te", "reg": "ii-kesz", "conf": 0.985}, "geometry": {"type": "Point", "coordinates": [18.9593084, 47.5471774]}}, {"type": "Feature", "properties": {"code": "Vi-2/P", "reg": "ii-kesz", "conf": 0.985}, "geometry": {"type": "Point", "coordinates": [18.9656393, 47.5415852]}}, {"type": "Feature", "properties": {"code": "Lke-2/SZ-10", "reg": "ii-kesz", "conf": 0.984}, "geometry": {"type": "Point", "coordinates": [18.9596621, 47.5505176]}}, {"type": "Feature", "properties": {"code": "Vi-2/SZ-L5", "reg": "ii-kesz", "conf": 0.984}, "geometry": {"type": "Point", "coordinates": [18.9635234, 47.5460702]}}, {"type": "Feature", "properties": {"code": "Lke-2/SZ-10", "reg": "ii-kesz", "conf": 0.984}, "geometry": {"type": "Point", "coordinates": [18.9593186, 47.5445344]}}, {"type": "Feature", "properties": {"code": "Lke-2/SZ-10", "reg": "ii-kesz", "conf": 0.983}, "geometry": {"type": "Point", "coordinates": [18.9625859, 47.5521026]}}, {"type": "Feature", "properties": {"code": "Lke-2/Te", "reg": "ii-kesz", "conf": 0.982}, "geometry": {"type": "Point", "coordinates": [18.9611862, 47.5535236]}}, {"type": "Feature", "properties": {"code": "Lke-2/SZ-10", "reg": "ii-kesz", "conf": 0.982}, "geometry": {"type": "Point", "coordinates": [18.9668815, 47.5493238]}}, {"type": "Feature", "properties": {"code": "Vi-2/SZ-38", "reg": "ii-kesz", "conf": 0.981}, "geometry": {"type": "Point", "coordinates": [18.9656583, 47.5430824]}}, {"type": "Feature", "properties": {"code": "Lke-2/SZ-10", "reg": "ii-kesz", "conf": 0.98}, "geometry": {"type": "Point", "coordinates": [18.9609325, 47.5507075]}}, {"type": "Feature", "properties": {"code": "Lke-2/SZ-10", "reg": "ii-kesz", "conf": 0.98}, "geometry": {"type": "Point", "coordinates": [18.9629888, 47.5491911]}}, {"type": "Feature", "properties": {"code": "Lke-2/SZ-10", "reg": "ii-kesz", "conf": 0.979}, "geometry": {"type": "Point", "coordinates": [18.9593549, 47.5544751]}}, {"type": "Feature", "properties": {"code": "Lke-3/SZ-3", "reg": "ii-kesz", "conf": 0.979}, "geometry": {"type": "Point", "coordinates": [18.9656948, 47.5519807]}}, {"type": "Feature", "properties": {"code": "Lke-2/SZ-10", "reg": "ii-kesz", "conf": 0.979}, "geometry": {"type": "Point", "coordinates": [18.9613025, 47.5482616]}}, {"type": "Feature", "properties": {"code": "Vi-2/SZ-L5", "reg": "ii-kesz", "conf": 0.979}, "geometry": {"type": "Point", "coordinates": [18.964755, 47.5445289]}}, {"type": "Feature", "properties": {"code": "Lke-2/SZ-11", "reg": "ii-kesz", "conf": 0.978}, "geometry": {"type": "Point", "coordinates": [18.9593668, 47.553522]}}, {"type": "Feature", "properties": {"code": "Lke-3/SZ-3", "reg": "ii-kesz", "conf": 0.978}, "geometry": {"type": "Point", "coordinates": [18.9684448, 47.5537899]}}, {"type": "Feature", "properties": {"code": "K-Vke-2/Lke", "reg": "ii-kesz", "conf": 0.978}, "geometry": {"type": "Point", "coordinates": [18.9612583, 47.546765]}}, {"type": "Feature", "properties": {"code": "Lke-2/SZ-10", "reg": "ii-kesz", "conf": 0.978}, "geometry": {"type": "Point", "coordinates": [18.9596453, 47.5453047]}}, {"type": "Feature", "properties": {"code": "Lke-2/SZ-10", "reg": "ii-kesz", "conf": 0.976}, "geometry": {"type": "Point", "coordinates": [18.9650663, 47.5506197]}}, {"type": "Feature", "properties": {"code": "Lke-3/SZ-3", "reg": "ii-kesz", "conf": 0.975}, "geometry": {"type": "Point", "coordinates": [18.9678109, 47.5535112]}}, {"type": "Feature", "properties": {"code": "Lke-3/SZ-3", "reg": "ii-kesz", "conf": 0.975}, "geometry": {"type": "Point", "coordinates": [18.9693381, 47.5523078]}}, {"type": "Feature", "properties": {"code": "Lke-3/SZ-3", "reg": "ii-kesz", "conf": 0.975}, "geometry": {"type": "Point", "coordinates": [18.9706091, 47.5513066]}}, {"type": "Feature", "properties": {"code": "Lke-2/SZ-10", "reg": "ii-kesz", "conf": 0.975}, "geometry": {"type": "Point", "coordinates": [18.9605831, 47.5460081]}}, {"type": "Feature", "properties": {"code": "Lke-2/SZ-10", "reg": "ii-kesz", "conf": 0.974}, "geometry": {"type": "Point", "coordinates": [18.9667824, 47.5535332]}}, {"type": "Feature", "properties": {"code": "Lke-2/SZ-10", "reg": "ii-kesz", "conf": 0.974}, "geometry": {"type": "Point", "coordinates": [18.9612644, 47.5496506]}}, {"type": "Feature", "properties": {"code": "Lke-2/SZ-8", "reg": "ii-kesz", "conf": 0.974}, "geometry": {"type": "Point", "coordinates": [18.966531, 47.5478212]}}, {"type": "Feature", "properties": {"code": "Lke-2/SZ-8", "reg": "ii-kesz", "conf": 0.974}, "geometry": {"type": "Point", "coordinates": [18.9669354, 47.5467151]}}, {"type": "Feature", "properties": {"code": "Vi-2/SZ-L5", "reg": "ii-kesz", "conf": 0.974}, "geometry": {"type": "Point", "coordinates": [18.9648567, 47.5450176]}}, {"type": "Feature", "properties": {"code": "Lke-2/SZ-10", "reg": "ii-kesz", "conf": 0.973}, "geometry": {"type": "Point", "coordinates": [18.9603507, 47.554754]}}, {"type": "Feature", "properties": {"code": "Lke-3/SZ-3", "reg": "ii-kesz", "conf": 0.972}, "geometry": {"type": "Point", "coordinates": [18.9672971, 47.5520062]}}, {"type": "Feature", "properties": {"code": "Vi-2/SZ-L4", "reg": "ii-kesz", "conf": 0.972}, "geometry": {"type": "Point", "coordinates": [18.9636959, 47.546488]}}, {"type": "Feature", "properties": {"code": "Lke-2/SZ-10", "reg": "ii-kesz", "conf": 0.971}, "geometry": {"type": "Point", "coordinates": [18.9630612, 47.5543548]}}, {"type": "Feature", "properties": {"code": "Lke-2/SZ-10", "reg": "ii-kesz", "conf": 0.971}, "geometry": {"type": "Point", "coordinates": [18.964361, 47.55415]}}, {"type": "Feature", "properties": {"code": "Lke-2/SZ-10", "reg": "ii-kesz", "conf": 0.971}, "geometry": {"type": "Point", "coordinates": [18.9693547, 47.5549829]}}, {"type": "Feature", "properties": {"code": "Lke-3/SZ-3", "reg": "ii-kesz", "conf": 0.97}, "geometry": {"type": "Point", "coordinates": [18.969021, 47.5509265]}}, {"type": "Feature", "properties": {"code": "Lke-2/SZ-11", "reg": "ii-kesz", "conf": 0.969}, "geometry": {"type": "Point", "coordinates": [18.9605215, 47.5534624]}}, {"type": "Feature", "properties": {"code": "Lke-2/SZ-10", "reg": "ii-kesz", "conf": 0.969}, "geometry": {"type": "Point", "coordinates": [18.964686, 47.5514626]}}, {"type": "Feature", "properties": {"code": "Lke-3/SZ-3", "reg": "ii-kesz", "conf": 0.967}, "geometry": {"type": "Point", "coordinates": [18.9696927, 47.5491181]}}, {"type": "Feature", "properties": {"code": "Lke-2/SZ-8", "reg": "ii-kesz", "conf": 0.967}, "geometry": {"type": "Point", "coordinates": [18.9653332, 47.5457938]}}, {"type": "Feature", "properties": {"code": "Vi-2/Z-2", "reg": "ii-kesz", "conf": 0.967}, "geometry": {"type": "Point", "coordinates": [18.9632472, 47.5452782]}}, {"type": "Feature", "properties": {"code": "Lke-3/SZ-3", "reg": "ii-kesz", "conf": 0.966}, "geometry": {"type": "Point", "coordinates": [18.9679471, 47.5500811]}}, {"type": "Feature", "properties": {"code": "Lke-2/SZ-8", "reg": "ii-kesz", "conf": 0.966}, "geometry": {"type": "Point", "coordinates": [18.9665264, 47.5484665]}}, {"type": "Feature", "properties": {"code": "Lke-3/SZ-3", "reg": "ii-kesz", "conf": 0.965}, "geometry": {"type": "Point", "coordinates": [18.966354, 47.5513955]}}, {"type": "Feature", "properties": {"code": "Lke-3/EI/SZ-4", "reg": "ii-kesz", "conf": 0.962}, "geometry": {"type": "Point", "coordinates": [18.9716938, 47.5508911]}}, {"type": "Feature", "properties": {"code": "Lke-2/SZ-8", "reg": "ii-kesz", "conf": 0.962}, "geometry": {"type": "Point", "coordinates": [18.9665389, 47.5480912]}}, {"type": "Feature", "properties": {"code": "Lke-2/SZ-10", "reg": "ii-kesz", "conf": 0.956}, "geometry": {"type": "Point", "coordinates": [18.9606676, 47.5527634]}}, {"type": "Feature", "properties": {"code": "Lke-3/SZ-3", "reg": "ii-kesz", "conf": 0.956}, "geometry": {"type": "Point", "coordinates": [18.966769, 47.5526636]}}, {"type": "Feature", "properties": {"code": "Lke-3/SZ-3", "reg": "ii-kesz", "conf": 0.956}, "geometry": {"type": "Point", "coordinates": [18.9706605, 47.5499737]}}, {"type": "Feature", "properties": {"code": "Lke-2/SZ-10", "reg": "ii-kesz", "conf": 0.956}, "geometry": {"type": "Point", "coordinates": [18.961311, 47.5473405]}}, {"type": "Feature", "properties": {"code": "Lke-2/AI/SZ-4", "reg": "ii-kesz", "conf": 0.953}, "geometry": {"type": "Point", "coordinates": [18.9600448, 47.5536702]}}, {"type": "Feature", "properties": {"code": "Tk-2", "reg": "ii-kesz", "conf": 0.952}, "geometry": {"type": "Point", "coordinates": [18.9709975, 47.5540587]}}, {"type": "Feature", "properties": {"code": "Vi-2/SZ-L4", "reg": "ii-kesz", "conf": 0.951}, "geometry": {"type": "Point", "coordinates": [18.9630295, 47.5481808]}}, {"type": "Feature", "properties": {"code": "Lke-2/SZ-10", "reg": "ii-kesz", "conf": 0.945}, "geometry": {"type": "Point", "coordinates": [18.9673216, 47.5541184]}}, {"type": "Feature", "properties": {"code": "Lke-2/SZ-10", "reg": "ii-kesz", "conf": 0.939}, "geometry": {"type": "Point", "coordinates": [18.9595048, 47.5483527]}}, {"type": "Feature", "properties": {"code": "Vi-2/Z-1", "reg": "ii-kesz", "conf": 0.933}, "geometry": {"type": "Point", "coordinates": [18.9629286, 47.5446728]}}, {"type": "Feature", "properties": {"code": "Ek-Tv/1", "reg": "ii-kesz", "conf": 0.928}, "geometry": {"type": "Point", "coordinates": [18.9779656, 47.5470717]}}, {"type": "Feature", "properties": {"code": "Lke-2/SZ-8", "reg": "ii-kesz", "conf": 0.926}, "geometry": {"type": "Point", "coordinates": [18.9657195, 47.5462358]}}, {"type": "Feature", "properties": {"code": "Vi-2/Z-3", "reg": "ii-kesz", "conf": 0.924}, "geometry": {"type": "Point", "coordinates": [18.9638645, 47.5446025]}}, {"type": "Feature", "properties": {"code": "Tk-2", "reg": "ii-kesz", "conf": 0.922}, "geometry": {"type": "Point", "coordinates": [18.9688066, 47.5538543]}}, {"type": "Feature", "properties": {"code": "Ek-Tv/1", "reg": "ii-kesz", "conf": 0.916}, "geometry": {"type": "Point", "coordinates": [18.9780522, 47.5423784]}}, {"type": "Feature", "properties": {"code": "Tk-1", "reg": "ii-kesz", "conf": 0.915}, "geometry": {"type": "Point", "coordinates": [18.9778238, 47.5542319]}}, {"type": "Feature", "properties": {"code": "Ek-Tv/1", "reg": "ii-kesz", "conf": 0.915}, "geometry": {"type": "Point", "coordinates": [18.9676795, 47.5422775]}}, {"type": "Feature", "properties": {"code": "Ek-Tv/1", "reg": "ii-kesz", "conf": 0.907}, "geometry": {"type": "Point", "coordinates": [18.9600279, 47.5424663]}}, {"type": "Feature", "properties": {"code": "Ek-Tv/1", "reg": "ii-kesz", "conf": 0.902}, "geometry": {"type": "Point", "coordinates": [18.9600312, 47.5424652]}}, {"type": "Feature", "properties": {"code": "Ek-Tv/1", "reg": "ii-kesz", "conf": 0.883}, "geometry": {"type": "Point", "coordinates": [18.9620063, 47.5437553]}}, {"type": "Feature", "properties": {"code": "Ek-Tv/1", "reg": "ii-kesz", "conf": 0.883}, "geometry": {"type": "Point", "coordinates": [18.962628, 47.5417364]}}, {"type": "Feature", "properties": {"code": "Tk-2", "reg": "ii-kesz", "conf": 0.882}, "geometry": {"type": "Point", "coordinates": [18.9774043, 47.5509969]}}, {"type": "Feature", "properties": {"code": "Tk-1", "reg": "ii-kesz", "conf": 0.878}, "geometry": {"type": "Point", "coordinates": [18.9778272, 47.5542319]}}, {"type": "Feature", "properties": {"code": "Ek-Tv/1", "reg": "ii-kesz", "conf": 0.875}, "geometry": {"type": "Point", "coordinates": [18.9780547, 47.5423789]}}, {"type": "Feature", "properties": {"code": "Tk-1", "reg": "ii-kesz", "conf": 0.872}, "geometry": {"type": "Point", "coordinates": [18.9748561, 47.5544398]}}, {"type": "Feature", "properties": {"code": "Ek-Tv/1", "reg": "ii-kesz", "conf": 0.872}, "geometry": {"type": "Point", "coordinates": [18.9725576, 47.5454685]}}, {"type": "Feature", "properties": {"code": "Ek-Tv/1", "reg": "ii-kesz", "conf": 0.847}, "geometry": {"type": "Point", "coordinates": [18.9725492, 47.5454684]}}, {"type": "Feature", "properties": {"code": "Lke-3/SZ-12", "reg": "ii-kesz", "conf": 0.982}, "geometry": {"type": "Point", "coordinates": [19.0016444, 47.5427225]}}, {"type": "Feature", "properties": {"code": "Lke-3/SZ-12", "reg": "ii-kesz", "conf": 0.982}, "geometry": {"type": "Point", "coordinates": [19.0026388, 47.5421946]}}, {"type": "Feature", "properties": {"code": "Lke-3/SZ-5", "reg": "ii-kesz", "conf": 0.98}, "geometry": {"type": "Point", "coordinates": [18.9989842, 47.5428862]}}, {"type": "Feature", "properties": {"code": "Lke-3/SZ-5", "reg": "ii-kesz", "conf": 0.979}, "geometry": {"type": "Point", "coordinates": [19.000462, 47.5440837]}}, {"type": "Feature", "properties": {"code": "Lke-3/SZ-5", "reg": "ii-kesz", "conf": 0.977}, "geometry": {"type": "Point", "coordinates": [18.9996909, 47.5437988]}}, {"type": "Feature", "properties": {"code": "Lke-3/SZ-5", "reg": "ii-kesz", "conf": 0.977}, "geometry": {"type": "Point", "coordinates": [18.9998598, 47.5431278]}}, {"type": "Feature", "properties": {"code": "Lke-3/SZ-12", "reg": "ii-kesz", "conf": 0.977}, "geometry": {"type": "Point", "coordinates": [19.0031614, 47.5428382]}}, {"type": "Feature", "properties": {"code": "Lke-3/SZ-12", "reg": "ii-kesz", "conf": 0.976}, "geometry": {"type": "Point", "coordinates": [19.0056705, 47.5421195]}}, {"type": "Feature", "properties": {"code": "Lke-3/SZ-5", "reg": "ii-kesz", "conf": 0.972}, "geometry": {"type": "Point", "coordinates": [18.9988627, 47.5434887]}}, {"type": "Feature", "properties": {"code": "Lke-3/SZ-12", "reg": "ii-kesz", "conf": 0.971}, "geometry": {"type": "Point", "coordinates": [19.0000573, 47.5419874]}}, {"type": "Feature", "properties": {"code": "Lke-3/SZ-7", "reg": "ii-kesz", "conf": 0.95}, "geometry": {"type": "Point", "coordinates": [18.9991352, 47.5444235]}}, {"type": "Feature", "properties": {"code": "Ek-Tv/1", "reg": "ii-kesz", "conf": 0.929}, "geometry": {"type": "Point", "coordinates": [19.0078994, 47.5426104]}}, {"type": "Feature", "properties": {"code": "Ek-Tv/1", "reg": "ii-kesz", "conf": 0.928}, "geometry": {"type": "Point", "coordinates": [19.0010444, 47.5515661]}}, {"type": "Feature", "properties": {"code": "Ek-Tv/1", "reg": "ii-kesz", "conf": 0.915}, "geometry": {"type": "Point", "coordinates": [18.9990635, 47.548514]}}, {"type": "Feature", "properties": {"code": "Ek-Tv/1", "reg": "ii-kesz", "conf": 0.893}, "geometry": {"type": "Point", "coordinates": [18.9971284, 47.5443996]}}, {"type": "Feature", "properties": {"code": "Ek-Tv/1", "reg": "ii-kesz", "conf": 0.891}, "geometry": {"type": "Point", "coordinates": [18.9951248, 47.5453558]}}, {"type": "Feature", "properties": {"code": "Ek-Tv/1", "reg": "ii-kesz", "conf": 0.889}, "geometry": {"type": "Point", "coordinates": [19.0039636, 47.5457443]}}, {"type": "Feature", "properties": {"code": "Ek-Tv/1", "reg": "ii-kesz", "conf": 0.887}, "geometry": {"type": "Point", "coordinates": [18.9990652, 47.5485152]}}, {"type": "Feature", "properties": {"code": "Ek-Tv/1", "reg": "ii-kesz", "conf": 0.885}, "geometry": {"type": "Point", "coordinates": [19.0039636, 47.5457454]}}, {"type": "Feature", "properties": {"code": "Ek-Tv/1", "reg": "ii-kesz", "conf": 0.881}, "geometry": {"type": "Point", "coordinates": [18.9944737, 47.5543663]}}, {"type": "Feature", "properties": {"code": "Ek-Tv/9", "reg": "ii-kesz", "conf": 0.869}, "geometry": {"type": "Point", "coordinates": [18.9961569, 47.5512768]}}, {"type": "Feature", "properties": {"code": "Ek-Tv/1", "reg": "ii-kesz", "conf": 0.858}, "geometry": {"type": "Point", "coordinates": [19.0079028, 47.5426081]}}, {"type": "Feature", "properties": {"code": "Kb-Hon-1", "reg": "ii-kesz", "conf": 0.993}, "geometry": {"type": "Point", "coordinates": [18.9403616, 47.5306693]}}, {"type": "Feature", "properties": {"code": "Kb-Rek-1/1", "reg": "ii-kesz", "conf": 0.984}, "geometry": {"type": "Point", "coordinates": [18.9390515, 47.5401103]}}, {"type": "Feature", "properties": {"code": "K-Rek/SZ-4", "reg": "ii-kesz", "conf": 0.984}, "geometry": {"type": "Point", "coordinates": [18.9393421, 47.5321849]}}, {"type": "Feature", "properties": {"code": "Lke-3/SZ-7", "reg": "ii-kesz", "conf": 0.98}, "geometry": {"type": "Point", "coordinates": [18.9410798, 47.5322307]}}, {"type": "Feature", "properties": {"code": "Lke-3/SZ-7", "reg": "ii-kesz", "conf": 0.975}, "geometry": {"type": "Point", "coordinates": [18.9428542, 47.5330561]}}, {"type": "Feature", "properties": {"code": "Vf-P", "reg": "ii-kesz", "conf": 0.973}, "geometry": {"type": "Point", "coordinates": [18.9502296, 47.5398604]}}, {"type": "Feature", "properties": {"code": "Lke-3/SZ-7", "reg": "ii-kesz", "conf": 0.97}, "geometry": {"type": "Point", "coordinates": [18.9450671, 47.5327128]}}, {"type": "Feature", "properties": {"code": "Lke-3/SZ-7", "reg": "ii-kesz", "conf": 0.969}, "geometry": {"type": "Point", "coordinates": [18.9457072, 47.5308434]}}, {"type": "Feature", "properties": {"code": "Ek-Tv/1", "reg": "ii-kesz", "conf": 0.924}, "geometry": {"type": "Point", "coordinates": [18.9501493, 47.5387933]}}, {"type": "Feature", "properties": {"code": "Mk-1", "reg": "ii-kesz", "conf": 0.922}, "geometry": {"type": "Point", "coordinates": [18.943924, 47.5388554]}}, {"type": "Feature", "properties": {"code": "Ek-1", "reg": "ii-kesz", "conf": 0.914}, "geometry": {"type": "Point", "coordinates": [18.9475244, 47.5351715]}}, {"type": "Feature", "properties": {"code": "Ek-Tv/1", "reg": "ii-kesz", "conf": 0.911}, "geometry": {"type": "Point", "coordinates": [18.9428839, 47.5423192]}}, {"type": "Feature", "properties": {"code": "Ek-Tv/1", "reg": "ii-kesz", "conf": 0.906}, "geometry": {"type": "Point", "coordinates": [18.9385207, 47.53431]}}, {"type": "Feature", "properties": {"code": "Ek-Tv/1", "reg": "ii-kesz", "conf": 0.905}, "geometry": {"type": "Point", "coordinates": [18.9367358, 47.5423893]}}, {"type": "Feature", "properties": {"code": "Ek-Tv/1", "reg": "ii-kesz", "conf": 0.905}, "geometry": {"type": "Point", "coordinates": [18.9501899, 47.5304319]}}, {"type": "Feature", "properties": {"code": "Ek-Tv/1", "reg": "ii-kesz", "conf": 0.902}, "geometry": {"type": "Point", "coordinates": [18.950263, 47.5337463]}}, {"type": "Feature", "properties": {"code": "Ek-Tv/1", "reg": "ii-kesz", "conf": 0.901}, "geometry": {"type": "Point", "coordinates": [18.9446345, 47.5303342]}}, {"type": "Feature", "properties": {"code": "Ek-Tv/1", "reg": "ii-kesz", "conf": 0.9}, "geometry": {"type": "Point", "coordinates": [18.94992, 47.5428427]}}, {"type": "Feature", "properties": {"code": "Ek-Tv/1", "reg": "ii-kesz", "conf": 0.898}, "geometry": {"type": "Point", "coordinates": [18.9501865, 47.5304319]}}, {"type": "Feature", "properties": {"code": "Ek-Tv/1", "reg": "ii-kesz", "conf": 0.895}, "geometry": {"type": "Point", "coordinates": [18.9460652, 47.543034]}}, {"type": "Feature", "properties": {"code": "Ek-Tv/1", "reg": "ii-kesz", "conf": 0.891}, "geometry": {"type": "Point", "coordinates": [18.9499133, 47.5428461]}}, {"type": "Feature", "properties": {"code": "Ek-Tv/1", "reg": "ii-kesz", "conf": 0.889}, "geometry": {"type": "Point", "coordinates": [18.9497137, 47.5419616]}}, {"type": "Feature", "properties": {"code": "Lke-3/SZ-7", "reg": "ii-kesz", "conf": 0.887}, "geometry": {"type": "Point", "coordinates": [18.9413067, 47.5310803]}}, {"type": "Feature", "properties": {"code": "Ek-Tv/1", "reg": "ii-kesz", "conf": 0.882}, "geometry": {"type": "Point", "coordinates": [18.9367391, 47.5423859]}}, {"type": "Feature", "properties": {"code": "Ek-Tv/1", "reg": "ii-kesz", "conf": 0.881}, "geometry": {"type": "Point", "coordinates": [18.9328003, 47.5429618]}}, {"type": "Feature", "properties": {"code": "Ek-Tv/1", "reg": "ii-kesz", "conf": 0.879}, "geometry": {"type": "Point", "coordinates": [18.9502663, 47.5337463]}}, {"type": "Feature", "properties": {"code": "Ek-Tv/1", "reg": "ii-kesz", "conf": 0.873}, "geometry": {"type": "Point", "coordinates": [18.9501849, 47.5304319]}}, {"type": "Feature", "properties": {"code": "Ek-Tv/1", "reg": "ii-kesz", "conf": 0.871}, "geometry": {"type": "Point", "coordinates": [18.9502613, 47.5337474]}}, {"type": "Feature", "properties": {"code": "Ek-Tv/1", "reg": "ii-kesz", "conf": 0.864}, "geometry": {"type": "Point", "coordinates": [18.9501849, 47.5304319]}}, {"type": "Feature", "properties": {"code": "Vf-P", "reg": "ii-kesz", "conf": 0.856}, "geometry": {"type": "Point", "coordinates": [18.9401388, 47.5355679]}}, {"type": "Feature", "properties": {"code": "Vi-2/SZ-19", "reg": "ii-kesz", "conf": 0.993}, "geometry": {"type": "Point", "coordinates": [18.9667899, 47.5377174]}}, {"type": "Feature", "properties": {"code": "Vi-2/SZ-2", "reg": "ii-kesz", "conf": 0.989}, "geometry": {"type": "Point", "coordinates": [18.965615, 47.5420403]}}, {"type": "Feature", "properties": {"code": "Vf-P", "reg": "ii-kesz", "conf": 0.988}, "geometry": {"type": "Point", "coordinates": [18.9676246, 47.5402804]}}, {"type": "Feature", "properties": {"code": "Vi-2/SZ-30", "reg": "ii-kesz", "conf": 0.987}, "geometry": {"type": "Point", "coordinates": [18.9672185, 47.5373309]}}, {"type": "Feature", "properties": {"code": "Vi-2/P", "reg": "ii-kesz", "conf": 0.985}, "geometry": {"type": "Point", "coordinates": [18.965643, 47.5416007]}}, {"type": "Feature", "properties": {"code": "Vf-P", "reg": "ii-kesz", "conf": 0.984}, "geometry": {"type": "Point", "coordinates": [18.9502747, 47.5398689]}}, {"type": "Feature", "properties": {"code": "Vi-2/SZ-38", "reg": "ii-kesz", "conf": 0.984}, "geometry": {"type": "Point", "coordinates": [18.9656582, 47.5431016]}}, {"type": "Feature", "properties": {"code": "Lke-2/SZ-7", "reg": "ii-kesz", "conf": 0.984}, "geometry": {"type": "Point", "coordinates": [18.9670847, 47.5399868]}}, {"type": "Feature", "properties": {"code": "Lke-2/SZ-13", "reg": "ii-kesz", "conf": 0.984}, "geometry": {"type": "Point", "coordinates": [18.9683839, 47.5388719]}}, {"type": "Feature", "properties": {"code": "Lke-2/SZ-2", "reg": "ii-kesz", "conf": 0.984}, "geometry": {"type": "Point", "coordinates": [18.9682551, 47.5376937]}}, {"type": "Feature", "properties": {"code": "Lke-2/SZ-13", "reg": "ii-kesz", "conf": 0.984}, "geometry": {"type": "Point", "coordinates": [18.9687826, 47.5375133]}}, {"type": "Feature", "properties": {"code": "Lke-2/EI/SZ-3", "reg": "ii-kesz", "conf": 0.977}, "geometry": {"type": "Point", "coordinates": [18.9686977, 47.538594]}}, {"type": "Feature", "properties": {"code": "Ek-Tv/1", "reg": "ii-kesz", "conf": 0.952}, "geometry": {"type": "Point", "coordinates": [18.9564755, 47.5420997]}}, {"type": "Feature", "properties": {"code": "Ek-Tv/1", "reg": "ii-kesz", "conf": 0.949}, "geometry": {"type": "Point", "coordinates": [18.9667394, 47.5384752]}}, {"type": "Feature", "properties": {"code": "Ek-Tv/1", "reg": "ii-kesz", "conf": 0.945}, "geometry": {"type": "Point", "coordinates": [18.9676859, 47.5423011]}}, {"type": "Feature", "properties": {"code": "Ek-Tv/1", "reg": "ii-kesz", "conf": 0.936}, "geometry": {"type": "Point", "coordinates": [18.9501912, 47.5387996]}}, {"type": "Feature", "properties": {"code": "Ek-Tv/7", "reg": "ii-kesz", "conf": 0.929}, "geometry": {"type": "Point", "coordinates": [18.9641433, 47.5419678]}}, {"type": "Feature", "properties": {"code": "Ek-Tv/1", "reg": "ii-kesz", "conf": 0.927}, "geometry": {"type": "Point", "coordinates": [18.9676261, 47.5304393]}}, {"type": "Feature", "properties": {"code": "Ek-Tv/1", "reg": "ii-kesz", "conf": 0.926}, "geometry": {"type": "Point", "coordinates": [18.95025, 47.5304136]}}, {"type": "Feature", "properties": {"code": "Ek-Tv/1", "reg": "ii-kesz", "conf": 0.913}, "geometry": {"type": "Point", "coordinates": [18.9587533, 47.5401581]}}, {"type": "Feature", "properties": {"code": "Ek-Tv/2", "reg": "ii-kesz", "conf": 0.908}, "geometry": {"type": "Point", "coordinates": [18.953656, 47.5423109]}}, {"type": "Feature", "properties": {"code": "Ek-Tv/1", "reg": "ii-kesz", "conf": 0.908}, "geometry": {"type": "Point", "coordinates": [18.9678429, 47.5359703]}}, {"type": "Feature", "properties": {"code": "Ek-Tv/1", "reg": "ii-kesz", "conf": 0.896}, "geometry": {"type": "Point", "coordinates": [18.9497514, 47.5419784]}}, {"type": "Feature", "properties": {"code": "Ek-Tv/1", "reg": "ii-kesz", "conf": 0.896}, "geometry": {"type": "Point", "coordinates": [18.9587567, 47.5401569]}}, {"type": "Feature", "properties": {"code": "Ek-Tv/1", "reg": "ii-kesz", "conf": 0.884}, "geometry": {"type": "Point", "coordinates": [18.9600271, 47.5329754]}}, {"type": "Feature", "properties": {"code": "Ek-Tv/1", "reg": "ii-kesz", "conf": 0.88}, "geometry": {"type": "Point", "coordinates": [18.9503219, 47.5337372]}}, {"type": "Feature", "properties": {"code": "Ek-Tv/1", "reg": "ii-kesz", "conf": 0.871}, "geometry": {"type": "Point", "coordinates": [18.9553475, 47.5304703]}}, {"type": "Feature", "properties": {"code": "Ek-Tv/1", "reg": "ii-kesz", "conf": 0.863}, "geometry": {"type": "Point", "coordinates": [18.9503219, 47.5337395]}}, {"type": "Feature", "properties": {"code": "Ek-Tv/1", "reg": "ii-kesz", "conf": 0.854}, "geometry": {"type": "Point", "coordinates": [18.9652541, 47.5392121]}}, {"type": "Feature", "properties": {"code": "Ek-Tv/1", "reg": "ii-kesz", "conf": 0.812}, "geometry": {"type": "Point", "coordinates": [18.9587583, 47.5401581]}}, {"type": "Feature", "properties": {"code": "Vi-2/SZ-19", "reg": "ii-kesz", "conf": 0.995}, "geometry": {"type": "Point", "coordinates": [18.9667915, 47.5377182]}}, {"type": "Feature", "properties": {"code": "Lke-3/SZ-15", "reg": "ii-kesz", "conf": 0.988}, "geometry": {"type": "Point", "coordinates": [18.9841984, 47.5337133]}}, {"type": "Feature", "properties": {"code": "Lke-2/SZ-7", "reg": "ii-kesz", "conf": 0.986}, "geometry": {"type": "Point", "coordinates": [18.9670864, 47.5399908]}}, {"type": "Feature", "properties": {"code": "Lke-2/SZ-13", "reg": "ii-kesz", "conf": 0.986}, "geometry": {"type": "Point", "coordinates": [18.9683902, 47.5388712]}}, {"type": "Feature", "properties": {"code": "Vi-2/SZ-30", "reg": "ii-kesz", "conf": 0.986}, "geometry": {"type": "Point", "coordinates": [18.9672188, 47.5373332]}}, {"type": "Feature", "properties": {"code": "Lke-2/SZ-10", "reg": "ii-kesz", "conf": 0.986}, "geometry": {"type": "Point", "coordinates": [18.9804577, 47.5312199]}}, {"type": "Feature", "properties": {"code": "Lke-3/SZ-15", "reg": "ii-kesz", "conf": 0.984}, "geometry": {"type": "Point", "coordinates": [18.9853697, 47.5343596]}}, {"type": "Feature", "properties": {"code": "Lke-2/SZ-13", "reg": "ii-kesz", "conf": 0.983}, "geometry": {"type": "Point", "coordinates": [18.9711192, 47.5375525]}}, {"type": "Feature", "properties": {"code": "Lke-3/SZ-10", "reg": "ii-kesz", "conf": 0.983}, "geometry": {"type": "Point", "coordinates": [18.9784263, 47.5352433]}}, {"type": "Feature", "properties": {"code": "Lke-3/SZ-7", "reg": "ii-kesz", "conf": 0.983}, "geometry": {"type": "Point", "coordinates": [18.9807013, 47.5337281]}}, {"type": "Feature", "properties": {"code": "Lke-2/SZ-13", "reg": "ii-kesz", "conf": 0.982}, "geometry": {"type": "Point", "coordinates": [18.968784, 47.5375166]}}, {"type": "Feature", "properties": {"code": "Lke-3/SZ-7", "reg": "ii-kesz", "conf": 0.982}, "geometry": {"type": "Point", "coordinates": [18.9777379, 47.5356531]}}, {"type": "Feature", "properties": {"code": "Vf-P", "reg": "ii-kesz", "conf": 0.981}, "geometry": {"type": "Point", "coordinates": [18.9676275, 47.5402847]}}, {"type": "Feature", "properties": {"code": "Lke-2/SZ-13", "reg": "ii-kesz", "conf": 0.981}, "geometry": {"type": "Point", "coordinates": [18.9708489, 47.5387528]}}, {"type": "Feature", "properties": {"code": "Lke-2/SZ-15", "reg": "ii-kesz", "conf": 0.981}, "geometry": {"type": "Point", "coordinates": [18.9709472, 47.5366629]}}, {"type": "Feature", "properties": {"code": "Lke-3/SZ-14", "reg": "ii-kesz", "conf": 0.981}, "geometry": {"type": "Point", "coordinates": [18.9842479, 47.5349369]}}, {"type": "Feature", "properties": {"code": "Lke-3/SZ-14", "reg": "ii-kesz", "conf": 0.981}, "geometry": {"type": "Point", "coordinates": [18.9860966, 47.5354356]}}, {"type": "Feature", "properties": {"code": "Lke-3/SZ-11", "reg": "ii-kesz", "conf": 0.981}, "geometry": {"type": "Point", "coordinates": [18.9849598, 47.5307866]}}, {"type": "Feature", "properties": {"code": "Lke-2/SZ-2", "reg": "ii-kesz", "conf": 0.98}, "geometry": {"type": "Point", "coordinates": [18.968258, 47.5376943]}}, {"type": "Feature", "properties": {"code": "Lke-2/SZ-16", "reg": "ii-kesz", "conf": 0.98}, "geometry": {"type": "Point", "coordinates": [18.9767188, 47.5338795]}}, {"type": "Feature", "properties": {"code": "Lke-3/SZ-9", "reg": "ii-kesz", "conf": 0.979}, "geometry": {"type": "Point", "coordinates": [18.9719754, 47.5349328]}}, {"type": "Feature", "properties": {"code": "Lke-3/SZ-10", "reg": "ii-kesz", "conf": 0.979}, "geometry": {"type": "Point", "coordinates": [18.9798209, 47.5341467]}}, {"type": "Feature", "properties": {"code": "Lke-2/SZ-10", "reg": "ii-kesz", "conf": 0.978}, "geometry": {"type": "Point", "coordinates": [18.9748678, 47.5354537]}}, {"type": "Feature", "properties": {"code": "Lke-2/EI/SZ-10", "reg": "ii-kesz", "conf": 0.977}, "geometry": {"type": "Point", "coordinates": [18.9781159, 47.5325701]}}, {"type": "Feature", "properties": {"code": "Lke-2/SZ-14", "reg": "ii-kesz", "conf": 0.975}, "geometry": {"type": "Point", "coordinates": [18.9734298, 47.5369222]}}, {"type": "Feature", "properties": {"code": "Lke-2/SZ-15", "reg": "ii-kesz", "conf": 0.973}, "geometry": {"type": "Point", "coordinates": [18.9731576, 47.5376932]}}, {"type": "Feature", "properties": {"code": "Lke-3/SZ-7", "reg": "ii-kesz", "conf": 0.973}, "geometry": {"type": "Point", "coordinates": [18.9792263, 47.5346917]}}, {"type": "Feature", "properties": {"code": "Lke-2/SZ-14", "reg": "ii-kesz", "conf": 0.971}, "geometry": {"type": "Point", "coordinates": [18.971995, 47.5365307]}}, {"type": "Feature", "properties": {"code": "Lke-2/EI/SZ-11", "reg": "ii-kesz", "conf": 0.971}, "geometry": {"type": "Point", "coordinates": [18.981954, 47.5332357]}}, {"type": "Feature", "properties": {"code": "Lke-2/SZ-9", "reg": "ii-kesz", "conf": 0.97}, "geometry": {"type": "Point", "coordinates": [18.9831668, 47.5297901]}}, {"type": "Feature", "properties": {"code": "Lke-2/EI/SZ-3", "reg": "ii-kesz", "conf": 0.968}, "geometry": {"type": "Point", "coordinates": [18.9686993, 47.538597]}}, {"type": "Feature", "properties": {"code": "Lke-2/EI/SZ-7", "reg": "ii-kesz", "conf": 0.966}, "geometry": {"type": "Point", "coordinates": [18.9736698, 47.5361935]}}, {"type": "Feature", "properties": {"code": "Lke-2/SZ-9", "reg": "ii-kesz", "conf": 0.965}, "geometry": {"type": "Point", "coordinates": [18.9810337, 47.5297477]}}, {"type": "Feature", "properties": {"code": "Lke-2/SZ-9", "reg": "ii-kesz", "conf": 0.965}, "geometry": {"type": "Point", "coordinates": [18.9860615, 47.53016]}}, {"type": "Feature", "properties": {"code": "Vf-P", "reg": "ii-kesz", "conf": 0.961}, "geometry": {"type": "Point", "coordinates": [18.9841472, 47.53106]}}, {"type": "Feature", "properties": {"code": "Lke-2/AI/SZ-8", "reg": "ii-kesz", "conf": 0.96}, "geometry": {"type": "Point", "coordinates": [18.972763, 47.5369371]}}, {"type": "Feature", "properties": {"code": "Lke-2/SZ-4", "reg": "ii-kesz", "conf": 0.96}, "geometry": {"type": "Point", "coordinates": [18.9757473, 47.5348302]}}, {"type": "Feature", "properties": {"code": "Lke-2/EI/SZ-5", "reg": "ii-kesz", "conf": 0.959}, "geometry": {"type": "Point", "coordinates": [18.9785205, 47.5314845]}}, {"type": "Feature", "properties": {"code": "Lke-2/AI/SZ-7", "reg": "ii-kesz", "conf": 0.959}, "geometry": {"type": "Point", "coordinates": [18.9811957, 47.5324802]}}, {"type": "Feature", "properties": {"code": "Lke-2/SZ-9", "reg": "ii-kesz", "conf": 0.959}, "geometry": {"type": "Point", "coordinates": [18.9823605, 47.5311429]}}, {"type": "Feature", "properties": {"code": "Lk-2/SZ-24", "reg": "ii-kesz", "conf": 0.959}, "geometry": {"type": "Point", "coordinates": [18.978191, 47.5299193]}}, {"type": "Feature", "properties": {"code": "Lke-2/SZ-9", "reg": "ii-kesz", "conf": 0.958}, "geometry": {"type": "Point", "coordinates": [18.9837132, 47.5309608]}}, {"type": "Feature", "properties": {"code": "Vf-P", "reg": "ii-kesz", "conf": 0.957}, "geometry": {"type": "Point", "coordinates": [18.9748284, 47.5384812]}}, {"type": "Feature", "properties": {"code": "Lke-2/AI/SZ-2", "reg": "ii-kesz", "conf": 0.956}, "geometry": {"type": "Point", "coordinates": [18.9801215, 47.5305715]}}, {"type": "Feature", "properties": {"code": "Ek-Tv/1", "reg": "ii-kesz", "conf": 0.955}, "geometry": {"type": "Point", "coordinates": [18.96785, 47.5359733]}}, {"type": "Feature", "properties": {"code": "Ek-Tv/8", "reg": "ii-kesz", "conf": 0.95}, "geometry": {"type": "Point", "coordinates": [18.9861908, 47.5311766]}}, {"type": "Feature", "properties": {"code": "Lke-3/SZ-14", "reg": "ii-kesz", "conf": 0.949}, "geometry": {"type": "Point", "coordinates": [18.9844924, 47.5320174]}}, {"type": "Feature", "properties": {"code": "Lke-3/SZ-14", "reg": "ii-kesz", "conf": 0.941}, "geometry": {"type": "Point", "coordinates": [18.9850238, 47.5298218]}}, {"type": "Feature", "properties": {"code": "Zkk-1/Lke", "reg": "ii-kesz", "conf": 0.936}, "geometry": {"type": "Point", "coordinates": [18.9852416, 47.5362881]}}, {"type": "Feature", "properties": {"code": "Ek-Tv/1", "reg": "ii-kesz", "conf": 0.93}, "geometry": {"type": "Point", "coordinates": [18.9667399, 47.538477]}}, {"type": "Feature", "properties": {"code": "Lke-2/SZ-14", "reg": "ii-kesz", "conf": 0.92}, "geometry": {"type": "Point", "coordinates": [18.9734011, 47.5369245]}}, {"type": "Feature", "properties": {"code": "Ek-Tv/8", "reg": "ii-kesz", "conf": 0.919}, "geometry": {"type": "Point", "coordinates": [18.985152, 47.5321238]}}, {"type": "Feature", "properties": {"code": "Ek-Tv/1", "reg": "ii-kesz", "conf": 0.904}, "geometry": {"type": "Point", "coordinates": [18.978059, 47.5424091]}}, {"type": "Feature", "properties": {"code": "Ek-Tv/1", "reg": "ii-kesz", "conf": 0.884}, "geometry": {"type": "Point", "coordinates": [18.9860903, 47.5423879]}}, {"type": "Feature", "properties": {"code": "Ek-Tv/1", "reg": "ii-kesz", "conf": 0.882}, "geometry": {"type": "Point", "coordinates": [18.9780144, 47.5378901]}}, {"type": "Feature", "properties": {"code": "Ek-Tv/1", "reg": "ii-kesz", "conf": 0.879}, "geometry": {"type": "Point", "coordinates": [18.9676373, 47.5304411]}}, {"type": "Feature", "properties": {"code": "Ek-Tv/1", "reg": "ii-kesz", "conf": 0.878}, "geometry": {"type": "Point", "coordinates": [18.9851356, 47.5395821]}}, {"type": "Feature", "properties": {"code": "Ek-Tv/1", "reg": "ii-kesz", "conf": 0.861}, "geometry": {"type": "Point", "coordinates": [18.9719503, 47.5299228]}}, {"type": "Feature", "properties": {"code": "Ek-Tv/1", "reg": "ii-kesz", "conf": 0.85}, "geometry": {"type": "Point", "coordinates": [18.9676373, 47.5304422]}}, {"type": "Feature", "properties": {"code": "Lke-2/SZ-10", "reg": "ii-kesz", "conf": 0.988}, "geometry": {"type": "Point", "coordinates": [19.0027106, 47.5312119]}}, {"type": "Feature", "properties": {"code": "Vi-2/SZ-10", "reg": "ii-kesz", "conf": 0.988}, "geometry": {"type": "Point", "coordinates": [19.0035686, 47.5304583]}}, {"type": "Feature", "properties": {"code": "Lke-2/SZ-19", "reg": "ii-kesz", "conf": 0.987}, "geometry": {"type": "Point", "coordinates": [19.0019251, 47.535865]}}, {"type": "Feature", "properties": {"code": "Lke-2/SZ-10", "reg": "ii-kesz", "conf": 0.987}, "geometry": {"type": "Point", "coordinates": [19.0013423, 47.5329404]}}, {"type": "Feature", "properties": {"code": "Lke-2/SZ-10", "reg": "ii-kesz", "conf": 0.987}, "geometry": {"type": "Point", "coordinates": [18.9997431, 47.5317574]}}, {"type": "Feature", "properties": {"code": "Lke-3/SZ-15", "reg": "ii-kesz", "conf": 0.986}, "geometry": {"type": "Point", "coordinates": [18.9842359, 47.5337026]}}, {"type": "Feature", "properties": {"code": "Lke-2/SZ-10", "reg": "ii-kesz", "conf": 0.986}, "geometry": {"type": "Point", "coordinates": [19.0026226, 47.5325965]}}, {"type": "Feature", "properties": {"code": "Ln-3/SZT-1", "reg": "ii-kesz", "conf": 0.985}, "geometry": {"type": "Point", "coordinates": [19.0019187, 47.5302473]}}, {"type": "Feature", "properties": {"code": "Lke-2/SZ-10", "reg": "ii-kesz", "conf": 0.984}, "geometry": {"type": "Point", "coordinates": [19.0025563, 47.5340463]}}, {"type": "Feature", "properties": {"code": "Lke-3/SZ-15", "reg": "ii-kesz", "conf": 0.983}, "geometry": {"type": "Point", "coordinates": [18.985404, 47.5343506]}}, {"type": "Feature", "properties": {"code": "Lke-2/SZ-20", "reg": "ii-kesz", "conf": 0.983}, "geometry": {"type": "Point", "coordinates": [19.0032083, 47.5362969]}}, {"type": "Feature", "properties": {"code": "Lke-2/SZ-9", "reg": "ii-kesz", "conf": 0.983}, "geometry": {"type": "Point", "coordinates": [18.9899532, 47.5310012]}}, {"type": "Feature", "properties": {"code": "Lke-2/SZ-19", "reg": "ii-kesz", "conf": 0.982}, "geometry": {"type": "Point", "coordinates": [19.0026436, 47.5366017]}}, {"type": "Feature", "properties": {"code": "Lke-2/SZ-20", "reg": "ii-kesz", "conf": 0.982}, "geometry": {"type": "Point", "coordinates": [19.0017337, 47.5350706]}}, {"type": "Feature", "properties": {"code": "Lke-2/SZ-10", "reg": "ii-kesz", "conf": 0.981}, "geometry": {"type": "Point", "coordinates": [19.0037156, 47.534866]}}, {"type": "Feature", "properties": {"code": "Lke-3/SZ-12", "reg": "ii-kesz", "conf": 0.98}, "geometry": {"type": "Point", "coordinates": [19.002618, 47.5422216]}}, {"type": "Feature", "properties": {"code": "Lke-3/SZ-6", "reg": "ii-kesz", "conf": 0.98}, "geometry": {"type": "Point", "coordinates": [18.9875656, 47.5367405]}}, {"type": "Feature", "properties": {"code": "Lke-2/SZ-9", "reg": "ii-kesz", "conf": 0.98}, "geometry": {"type": "Point", "coordinates": [18.9901679, 47.5318872]}}, {"type": "Feature", "properties": {"code": "Lke-3/SZ-5", "reg": "ii-kesz", "conf": 0.979}, "geometry": {"type": "Point", "coordinates": [18.9998363, 47.5431599]}}, {"type": "Feature", "properties": {"code": "Lke-3/SZ-12", "reg": "ii-kesz", "conf": 0.979}, "geometry": {"type": "Point", "coordinates": [19.0031398, 47.5428666]}}, {"type": "Feature", "properties": {"code": "Lke-3/SZ-14", "reg": "ii-kesz", "conf": 0.979}, "geometry": {"type": "Point", "coordinates": [18.9861333, 47.5354238]}}, {"type": "Feature", "properties": {"code": "Lke-3/SZ-14", "reg": "ii-kesz", "conf": 0.979}, "geometry": {"type": "Point", "coordinates": [18.9842847, 47.5349271]}}, {"type": "Feature", "properties": {"code": "Lke-3/SZ-8", "reg": "ii-kesz", "conf": 0.979}, "geometry": {"type": "Point", "coordinates": [18.990838, 47.5361347]}}, {"type": "Feature", "properties": {"code": "Lke-2/SZ-10", "reg": "ii-kesz", "conf": 0.979}, "geometry": {"type": "Point", "coordinates": [18.9950607, 47.5333456]}}, {"type": "Feature", "properties": {"code": "Lke-2/SZ-9", "reg": "ii-kesz", "conf": 0.979}, "geometry": {"type": "Point", "coordinates": [18.9895301, 47.5299879]}}, {"type": "Feature", "properties": {"code": "Lke-2/SZ-9", "reg": "ii-kesz", "conf": 0.979}, "geometry": {"type": "Point", "coordinates": [18.993032, 47.5297772]}}, {"type": "Feature", "properties": {"code": "Lke-3/SZ-5", "reg": "ii-kesz", "conf": 0.978}, "geometry": {"type": "Point", "coordinates": [18.9989565, 47.5429185]}}, {"type": "Feature", "properties": {"code": "Lke-3/SZ-6", "reg": "ii-kesz", "conf": 0.978}, "geometry": {"type": "Point", "coordinates": [18.9883309, 47.5351188]}}, {"type": "Feature", "properties": {"code": "Lke-2/SZ-10", "reg": "ii-kesz", "conf": 0.978}, "geometry": {"type": "Point", "coordinates": [18.9989168, 47.5310492]}}, {"type": "Feature", "properties": {"code": "Lke-2/SZ-9", "reg": "ii-kesz", "conf": 0.978}, "geometry": {"type": "Point", "coordinates": [18.9877635, 47.530274]}}, {"type": "Feature", "properties": {"code": "Lke-2/SZ-9", "reg": "ii-kesz", "conf": 0.978}, "geometry": {"type": "Point", "coordinates": [18.9982914, 47.5301317]}}, {"type": "Feature", "properties": {"code": "Lke-3/SZ-12", "reg": "ii-kesz", "conf": 0.977}, "geometry": {"type": "Point", "coordinates": [19.0016234, 47.5427491]}}, {"type": "Feature", "properties": {"code": "Lke-2/SZ-17", "reg": "ii-kesz", "conf": 0.977}, "geometry": {"type": "Point", "coordinates": [18.998837, 47.5337509]}}, {"type": "Feature", "properties": {"code": "Lke-2/SZ-10", "reg": "ii-kesz", "conf": 0.977}, "geometry": {"type": "Point", "coordinates": [18.9999494, 47.5332202]}}, {"type": "Feature", "properties": {"code": "Lke-3/SZ-12", "reg": "ii-kesz", "conf": 0.976}, "geometry": {"type": "Point", "coordinates": [19.000033, 47.5420181]}}, {"type": "Feature", "properties": {"code": "Lke-2/SZ-10", "reg": "ii-kesz", "conf": 0.975}, "geometry": {"type": "Point", "coordinates": [19.0034954, 47.5353669]}}, {"type": "Feature", "properties": {"code": "Lke-2/SZ-9", "reg": "ii-kesz", "conf": 0.975}, "geometry": {"type": "Point", "coordinates": [18.9907759, 47.5299145]}}, {"type": "Feature", "properties": {"code": "Lke-2/SZ-9", "reg": "ii-kesz", "conf": 0.975}, "geometry": {"type": "Point", "coordinates": [18.9947229, 47.5300974]}}, {"type": "Feature", "properties": {"code": "Lke-2/SZ-9", "reg": "ii-kesz", "conf": 0.974}, "geometry": {"type": "Point", "coordinates": [18.9940973, 47.5310877]}}, {"type": "Feature", "properties": {"code": "Lke-2/SZ-9", "reg": "ii-kesz", "conf": 0.974}, "geometry": {"type": "Point", "coordinates": [18.9860914, 47.5301506]}}, {"type": "Feature", "properties": {"code": "Lke-3/SZ-6", "reg": "ii-kesz", "conf": 0.973}, "geometry": {"type": "Point", "coordinates": [18.9890494, 47.5358177]}}, {"type": "Feature", "properties": {"code": "Lke-3/SZ-6", "reg": "ii-kesz", "conf": 0.973}, "geometry": {"type": "Point", "coordinates": [18.9897465, 47.5351595]}}, {"type": "Feature", "properties": {"code": "Lke-2/SZ-10", "reg": "ii-kesz", "conf": 0.973}, "geometry": {"type": "Point", "coordinates": [19.0017059, 47.5311237]}}, {"type": "Feature", "properties": {"code": "Lke-2/SZ-9", "reg": "ii-kesz", "conf": 0.972}, "geometry": {"type": "Point", "coordinates": [18.9937488, 47.53233]}}, {"type": "Feature", "properties": {"code": "K-Vke-1/Lke", "reg": "ii-kesz", "conf": 0.971}, "geometry": {"type": "Point", "coordinates": [18.997136, 47.5322061]}}, {"type": "Feature", "properties": {"code": "Lke-2/SZ-9", "reg": "ii-kesz", "conf": 0.97}, "geometry": {"type": "Point", "coordinates": [18.9896725, 47.5326819]}}, {"type": "Feature", "properties": {"code": "Lke-3/SZ-6", "reg": "ii-kesz", "conf": 0.967}, "geometry": {"type": "Point", "coordinates": [18.988674, 47.53706]}}, {"type": "Feature", "properties": {"code": "Lke-3/SZ-11", "reg": "ii-kesz", "conf": 0.966}, "geometry": {"type": "Point", "coordinates": [18.9849947, 47.5307786]}}, {"type": "Feature", "properties": {"code": "Lke-2/SZ-9", "reg": "ii-kesz", "conf": 0.965}, "geometry": {"type": "Point", "coordinates": [18.9922023, 47.5327514]}}, {"type": "Feature", "properties": {"code": "Vf-P", "reg": "ii-kesz", "conf": 0.96}, "geometry": {"type": "Point", "coordinates": [18.9841809, 47.5310533]}}, {"type": "Feature", "properties": {"code": "Lke-2/SZ-9", "reg": "ii-kesz", "conf": 0.957}, "geometry": {"type": "Point", "coordinates": [18.9964407, 47.5310105]}}, {"type": "Feature", "properties": {"code": "Lke-3/SZ-8", "reg": "ii-kesz", "conf": 0.952}, "geometry": {"type": "Point", "coordinates": [18.9899153, 47.5374209]}}, {"type": "Feature", "properties": {"code": "Ek-Tv/8", "reg": "ii-kesz", "conf": 0.952}, "geometry": {"type": "Point", "coordinates": [18.9892172, 47.5335933]}}, {"type": "Feature", "properties": {"code": "Lke-3/SZ-14", "reg": "ii-kesz", "conf": 0.951}, "geometry": {"type": "Point", "coordinates": [18.9850546, 47.5298139]}}, {"type": "Feature", "properties": {"code": "Ek-Tv/8", "reg": "ii-kesz", "conf": 0.949}, "geometry": {"type": "Point", "coordinates": [18.9862208, 47.5311669]}}, {"type": "Feature", "properties": {"code": "Ek-Tv/1", "reg": "ii-kesz", "conf": 0.942}, "geometry": {"type": "Point", "coordinates": [18.9977625, 47.5369926]}}, {"type": "Feature", "properties": {"code": "Ek-Tv/8", "reg": "ii-kesz", "conf": 0.938}, "geometry": {"type": "Point", "coordinates": [18.9882962, 47.5342593]}}, {"type": "Feature", "properties": {"code": "Ek-Tv/1", "reg": "ii-kesz", "conf": 0.931}, "geometry": {"type": "Point", "coordinates": [19.0035607, 47.5367128]}}, {"type": "Feature", "properties": {"code": "Zkk-1/Lke", "reg": "ii-kesz", "conf": 0.91}, "geometry": {"type": "Point", "coordinates": [18.9852775, 47.5362787]}}, {"type": "Feature", "properties": {"code": "Ek-Tv/1", "reg": "ii-kesz", "conf": 0.91}, "geometry": {"type": "Point", "coordinates": [18.9969189, 47.5334154]}}, {"type": "Feature", "properties": {"code": "Ek-Tv/1", "reg": "ii-kesz", "conf": 0.905}, "geometry": {"type": "Point", "coordinates": [19.0026186, 47.5383549]}}, {"type": "Feature", "properties": {"code": "Ek-Tv/1", "reg": "ii-kesz", "conf": 0.9}, "geometry": {"type": "Point", "coordinates": [18.9913374, 47.5399792]}}, {"type": "Feature", "properties": {"code": "Ek-Tv/8", "reg": "ii-kesz", "conf": 0.897}, "geometry": {"type": "Point", "coordinates": [18.9892121, 47.5335922]}}, {"type": "Feature", "properties": {"code": "Ek-Tv/1", "reg": "ii-kesz", "conf": 0.889}, "geometry": {"type": "Point", "coordinates": [18.9951993, 47.5423209]}}, {"type": "Feature", "properties": {"code": "Ek-Tv/1", "reg": "ii-kesz", "conf": 0.886}, "geometry": {"type": "Point", "coordinates": [18.9851725, 47.5395709]}}, {"type": "Feature", "properties": {"code": "Ek-Tv/8", "reg": "ii-kesz", "conf": 0.881}, "geometry": {"type": "Point", "coordinates": [18.9851846, 47.5321154]}}, {"type": "Feature", "properties": {"code": "Ek-Tv/1", "reg": "ii-kesz", "conf": 0.872}, "geometry": {"type": "Point", "coordinates": [18.9977609, 47.5369892]}}, {"type": "Feature", "properties": {"code": "Ek-Tv/1", "reg": "ii-kesz", "conf": 0.868}, "geometry": {"type": "Point", "coordinates": [18.9861327, 47.5423769]}}, {"type": "Feature", "properties": {"code": "Ek-Tv/5", "reg": "ii-kesz", "conf": 0.868}, "geometry": {"type": "Point", "coordinates": [19.0004903, 47.5354924]}}, {"type": "Feature", "properties": {"code": "Ek-Tv/1", "reg": "ii-kesz", "conf": 0.855}, "geometry": {"type": "Point", "coordinates": [19.0009556, 47.540749]}}, {"type": "Feature", "properties": {"code": "Vi-2/SZ-10", "reg": "ii-kesz", "conf": 0.992}, "geometry": {"type": "Point", "coordinates": [19.0035908, 47.530443]}}, {"type": "Feature", "properties": {"code": "Lke-2/SZ-10", "reg": "ii-kesz", "conf": 0.988}, "geometry": {"type": "Point", "coordinates": [19.0025826, 47.5340341]}}, {"type": "Feature", "properties": {"code": "Ln-3/SZT-1", "reg": "ii-kesz", "conf": 0.988}, "geometry": {"type": "Point", "coordinates": [19.00194, 47.5302375]}}, {"type": "Feature", "properties": {"code": "Lke-2/SZ-10", "reg": "ii-kesz", "conf": 0.987}, "geometry": {"type": "Point", "coordinates": [19.0098828, 47.536717]}}, {"type": "Feature", "properties": {"code": "Lke-2/SZ-10", "reg": "ii-kesz", "conf": 0.986}, "geometry": {"type": "Point", "coordinates": [19.0105768, 47.5378146]}}, {"type": "Feature", "properties": {"code": "Lke-2/SZ-10", "reg": "ii-kesz", "conf": 0.986}, "geometry": {"type": "Point", "coordinates": [19.0062669, 47.5339076]}}, {"type": "Feature", "properties": {"code": "Lke-2/SZ-20", "reg": "ii-kesz", "conf": 0.985}, "geometry": {"type": "Point", "coordinates": [19.0032368, 47.5362827]}}, {"type": "Feature", "properties": {"code": "Lke-2/SZ-10", "reg": "ii-kesz", "conf": 0.985}, "geometry": {"type": "Point", "coordinates": [19.0082517, 47.5351625]}}, {"type": "Feature", "properties": {"code": "Lke-2/SZ-10", "reg": "ii-kesz", "conf": 0.985}, "geometry": {"type": "Point", "coordinates": [19.0072714, 47.5325145]}}, {"type": "Feature", "properties": {"code": "Zkp-Ez/1", "reg": "ii-kesz", "conf": 0.985}, "geometry": {"type": "Point", "coordinates": [19.0094999, 47.5323416]}}, {"type": "Feature", "properties": {"code": "Lke-2/SZ-10", "reg": "ii-kesz", "conf": 0.984}, "geometry": {"type": "Point", "coordinates": [19.0088508, 47.5370324]}}, {"type": "Feature", "properties": {"code": "Lke-2/SZ-10", "reg": "ii-kesz", "conf": 0.983}, "geometry": {"type": "Point", "coordinates": [19.0121186, 47.5376997]}}, {"type": "Feature", "properties": {"code": "Lke-2/SZ-19", "reg": "ii-kesz", "conf": 0.983}, "geometry": {"type": "Point", "coordinates": [19.0019581, 47.5358542]}}, {"type": "Feature", "properties": {"code": "Lke-2/SZ-10", "reg": "ii-kesz", "conf": 0.983}, "geometry": {"type": "Point", "coordinates": [19.0027351, 47.5312012]}}, {"type": "Feature", "properties": {"code": "Zkp-Ez/1", "reg": "ii-kesz", "conf": 0.983}, "geometry": {"type": "Point", "coordinates": [19.0143387, 47.5323586]}}, {"type": "Feature", "properties": {"code": "Lke-2/SZ-10", "reg": "ii-kesz", "conf": 0.982}, "geometry": {"type": "Point", "coordinates": [19.0035272, 47.5353538]}}, {"type": "Feature", "properties": {"code": "Lke-2/SZ-20", "reg": "ii-kesz", "conf": 0.982}, "geometry": {"type": "Point", "coordinates": [19.0017636, 47.5350601]}}, {"type": "Feature", "properties": {"code": "Lke-3/SZ-12", "reg": "ii-kesz", "conf": 0.981}, "geometry": {"type": "Point", "coordinates": [19.0026605, 47.5422081]}}, {"type": "Feature", "properties": {"code": "Lke-3/SZ-12", "reg": "ii-kesz", "conf": 0.981}, "geometry": {"type": "Point", "coordinates": [19.0056934, 47.5421317]}}, {"type": "Feature", "properties": {"code": "Lke-2/SZ-10", "reg": "ii-kesz", "conf": 0.981}, "geometry": {"type": "Point", "coordinates": [19.0099497, 47.5336072]}}, {"type": "Feature", "properties": {"code": "Lke-3/SZ-12", "reg": "ii-kesz", "conf": 0.98}, "geometry": {"type": "Point", "coordinates": [19.003185, 47.5428536]}}, {"type": "Feature", "properties": {"code": "Lke-2/SZ-10", "reg": "ii-kesz", "conf": 0.98}, "geometry": {"type": "Point", "coordinates": [19.0093949, 47.5347145]}}, {"type": "Feature", "properties": {"code": "Lke-2/SZ-10", "reg": "ii-kesz", "conf": 0.98}, "geometry": {"type": "Point", "coordinates": [19.0026446, 47.5325856]}}, {"type": "Feature", "properties": {"code": "Lke-2/SZ-10", "reg": "ii-kesz", "conf": 0.979}, "geometry": {"type": "Point", "coordinates": [19.0056451, 47.5346945]}}, {"type": "Feature", "properties": {"code": "Lke-2/SZ-10", "reg": "ii-kesz", "conf": 0.979}, "geometry": {"type": "Point", "coordinates": [19.0128863, 47.5357744]}}, {"type": "Feature", "properties": {"code": "Lke-2/SZ-10", "reg": "ii-kesz", "conf": 0.979}, "geometry": {"type": "Point", "coordinates": [19.0140141, 47.5356205]}}, {"type": "Feature", "properties": {"code": "Lke-2/SZ-10", "reg": "ii-kesz", "conf": 0.979}, "geometry": {"type": "Point", "coordinates": [19.0064124, 47.5330942]}}, {"type": "Feature", "properties": {"code": "Lke-2/SZ-10", "reg": "ii-kesz", "conf": 0.978}, "geometry": {"type": "Point", "coordinates": [19.0125832, 47.5341347]}}, {"type": "Feature", "properties": {"code": "Zez-1/Lk", "reg": "ii-kesz", "conf": 0.978}, "geometry": {"type": "Point", "coordinates": [19.0079725, 47.5315239]}}, {"type": "Feature", "properties": {"code": "Lk-2/SZ-18", "reg": "ii-kesz", "conf": 0.976}, "geometry": {"type": "Point", "coordinates": [19.0156841, 47.5316407]}}, {"type": "Feature", "properties": {"code": "Lke-3/SZ-12", "reg": "ii-kesz", "conf": 0.975}, "geometry": {"type": "Point", "coordinates": [19.0016636, 47.5427408]}}, {"type": "Feature", "properties": {"code": "Lke-2/SZ-10", "reg": "ii-kesz", "conf": 0.975}, "geometry": {"type": "Point", "coordinates": [19.0104812, 47.5357299]}}, {"type": "Feature", "properties": {"code": "Lke-2/SZ-10", "reg": "ii-kesz", "conf": 0.975}, "geometry": {"type": "Point", "coordinates": [19.0050488, 47.5317434]}}, {"type": "Feature", "properties": {"code": "Lke-2/SZ-10", "reg": "ii-kesz", "conf": 0.975}, "geometry": {"type": "Point", "coordinates": [19.0017287, 47.5311138]}}, {"type": "Feature", "properties": {"code": "Lk-2/SZ-20", "reg": "ii-kesz", "conf": 0.973}, "geometry": {"type": "Point", "coordinates": [19.0087345, 47.531943]}}, {"type": "Feature", "properties": {"code": "Lke-2/SZ-10", "reg": "ii-kesz", "conf": 0.972}, "geometry": {"type": "Point", "coordinates": [19.0037549, 47.5348527]}}, {"type": "Feature", "properties": {"code": "K-Vke-1/Lke", "reg": "ii-kesz", "conf": 0.972}, "geometry": {"type": "Point", "coordinates": [19.0038608, 47.5332292]}}, {"type": "Feature", "properties": {"code": "Zez-1/Lk", "reg": "ii-kesz", "conf": 0.972}, "geometry": {"type": "Point", "coordinates": [19.0127713, 47.5311268]}}, {"type": "Feature", "properties": {"code": "Lk-2/SZ-29", "reg": "ii-kesz", "conf": 0.969}, "geometry": {"type": "Point", "coordinates": [19.0097441, 47.5304549]}}, {"type": "Feature", "properties": {"code": "Lk-2/SZ-20", "reg": "ii-kesz", "conf": 0.969}, "geometry": {"type": "Point", "coordinates": [19.0118773, 47.5331435]}}, {"type": "Feature", "properties": {"code": "Lk-2/EI/SZ-10", "reg": "ii-kesz", "conf": 0.967}, "geometry": {"type": "Point", "coordinates": [19.0100089, 47.5298772]}}, {"type": "Feature", "properties": {"code": "Lke-2/SZ-10", "reg": "ii-kesz", "conf": 0.966}, "geometry": {"type": "Point", "coordinates": [19.0044473, 47.532448]}}, {"type": "Feature", "properties": {"code": "Lk-2/SZ-24", "reg": "ii-kesz", "conf": 0.964}, "geometry": {"type": "Point", "coordinates": [19.0148308, 47.5316208]}}, {"type": "Feature", "properties": {"code": "Zkp-Kk/1", "reg": "ii-kesz", "conf": 0.963}, "geometry": {"type": "Point", "coordinates": [19.0150047, 47.5311587]}}, {"type": "Feature", "properties": {"code": "Tk-3", "reg": "ii-kesz", "conf": 0.961}, "geometry": {"type": "Point", "coordinates": [19.0150511, 47.5336369]}}, {"type": "Feature", "properties": {"code": "Lk-2/SZ-5", "reg": "ii-kesz", "conf": 0.959}, "geometry": {"type": "Point", "coordinates": [19.0071722, 47.5306128]}}, {"type": "Feature", "properties": {"code": "Lk-2/SZ-9", "reg": "ii-kesz", "conf": 0.959}, "geometry": {"type": "Point", "coordinates": [19.0166489, 47.5312246]}}, {"type": "Feature", "properties": {"code": "Lk-2/SZ-5", "reg": "ii-kesz", "conf": 0.958}, "geometry": {"type": "Point", "coordinates": [19.0134304, 47.5300698]}}, {"type": "Feature", "properties": {"code": "Lk-2/SZ-5", "reg": "ii-kesz", "conf": 0.956}, "geometry": {"type": "Point", "coordinates": [19.0128935, 47.5308905]}}, {"type": "Feature", "properties": {"code": "Lk-2/SZ-20", "reg": "ii-kesz", "conf": 0.955}, "geometry": {"type": "Point", "coordinates": [19.0060323, 47.5311707]}}, {"type": "Feature", "properties": {"code": "Lk-2/SZ-20", "reg": "ii-kesz", "conf": 0.955}, "geometry": {"type": "Point", "coordinates": [19.0106993, 47.5312471]}}, {"type": "Feature", "properties": {"code": "Lke-2/SZ-19", "reg": "ii-kesz", "conf": 0.953}, "geometry": {"type": "Point", "coordinates": [19.002671, 47.5365891]}}, {"type": "Feature", "properties": {"code": "Ek-Tv/1", "reg": "ii-kesz", "conf": 0.951}, "geometry": {"type": "Point", "coordinates": [19.0056026, 47.5368398]}}, {"type": "Feature", "properties": {"code": "Lk-2/SZ-5", "reg": "ii-kesz", "conf": 0.95}, "geometry": {"type": "Point", "coordinates": [19.0167779, 47.5301102]}}, {"type": "Feature", "properties": {"code": "Lk-2/SZ-20", "reg": "ii-kesz", "conf": 0.947}, "geometry": {"type": "Point", "coordinates": [19.01055, 47.5324816]}}, {"type": "Feature", "properties": {"code": "Lk-2/SZ-20", "reg": "ii-kesz", "conf": 0.946}, "geometry": {"type": "Point", "coordinates": [19.0066953, 47.5312213]}}, {"type": "Feature", "properties": {"code": "Lk-2/SZ-20", "reg": "ii-kesz", "conf": 0.946}, "geometry": {"type": "Point", "coordinates": [19.0126676, 47.5321244]}}, {"type": "Feature", "properties": {"code": "Lk-2/AI/SZ-2", "reg": "ii-kesz", "conf": 0.94}, "geometry": {"type": "Point", "coordinates": [19.009614, 47.5310155]}}, {"type": "Feature", "properties": {"code": "Ek-Tv/5", "reg": "ii-kesz", "conf": 0.939}, "geometry": {"type": "Point", "coordinates": [19.0020213, 47.5365957]}}, {"type": "Feature", "properties": {"code": "Lk-2/AI/SZ-2", "reg": "ii-kesz", "conf": 0.939}, "geometry": {"type": "Point", "coordinates": [19.0086346, 47.5308057]}}, {"type": "Feature", "properties": {"code": "Ek-Tv/1", "reg": "ii-kesz", "conf": 0.936}, "geometry": {"type": "Point", "coordinates": [19.0064151, 47.5389992]}}, {"type": "Feature", "properties": {"code": "Ek-7", "reg": "ii-kesz", "conf": 0.924}, "geometry": {"type": "Point", "coordinates": [19.0046525, 47.5359744]}}, {"type": "Feature", "properties": {"code": "Ek-Tv/1", "reg": "ii-kesz", "conf": 0.917}, "geometry": {"type": "Point", "coordinates": [19.0079213, 47.5426224]}}, {"type": "Feature", "properties": {"code": "Ek-Tv/1", "reg": "ii-kesz", "conf": 0.896}, "geometry": {"type": "Point", "coordinates": [19.0035966, 47.5367016]}}, {"type": "Feature", "properties": {"code": "Ek-Tv/1", "reg": "ii-kesz", "conf": 0.892}, "geometry": {"type": "Point", "coordinates": [19.0056043, 47.5368444]}}, {"type": "Feature", "properties": {"code": "Ek-Tv/1", "reg": "ii-kesz", "conf": 0.872}, "geometry": {"type": "Point", "coordinates": [19.0108003, 47.5381968]}}, {"type": "Feature", "properties": {"code": "Zkk-1/Lk", "reg": "ii-kesz", "conf": 0.87}, "geometry": {"type": "Point", "coordinates": [19.0146851, 47.5309148]}}, {"type": "Feature", "properties": {"code": "Ek-Tv/1", "reg": "ii-kesz", "conf": 0.867}, "geometry": {"type": "Point", "coordinates": [19.0035949, 47.5366971]}}, {"type": "Feature", "properties": {"code": "Ek-Tv/1", "reg": "ii-kesz", "conf": 0.847}, "geometry": {"type": "Point", "coordinates": [19.0026525, 47.5383431]}}, {"type": "Feature", "properties": {"code": "Lke-3/SZ-11", "reg": "ii-kesz", "conf": 0.99}, "geometry": {"type": "Point", "coordinates": [18.9849624, 47.5307939]}}, {"type": "Feature", "properties": {"code": "Vf-P", "reg": "ii-kesz", "conf": 0.989}, "geometry": {"type": "Point", "coordinates": [18.9913903, 47.5212669]}}, {"type": "Feature", "properties": {"code": "Lke-2/Sp-1", "reg": "ii-kesz", "conf": 0.988}, "geometry": {"type": "Point", "coordinates": [18.9882792, 47.5252546]}}, {"type": "Feature", "properties": {"code": "Zez-2/Lke", "reg": "ii-kesz", "conf": 0.987}, "geometry": {"type": "Point", "coordinates": [18.9822959, 47.5215808]}}, {"type": "Feature", "properties": {"code": "Lke-2/SZ-10", "reg": "ii-kesz", "conf": 0.984}, "geometry": {"type": "Point", "coordinates": [18.9804603, 47.531233]}}, {"type": "Feature", "properties": {"code": "Lke-2/SZ-9", "reg": "ii-kesz", "conf": 0.984}, "geometry": {"type": "Point", "coordinates": [18.977802, 47.5247986]}}, {"type": "Feature", "properties": {"code": "Lke-2/SZ-18", "reg": "ii-kesz", "conf": 0.983}, "geometry": {"type": "Point", "coordinates": [18.9846302, 47.5285999]}}, {"type": "Feature", "properties": {"code": "Ln-3/SZ-1", "reg": "ii-kesz", "conf": 0.983}, "geometry": {"type": "Point", "coordinates": [18.9717985, 47.5211305]}}, {"type": "Feature", "properties": {"code": "Lke-2/SZ-9", "reg": "ii-kesz", "conf": 0.982}, "geometry": {"type": "Point", "coordinates": [18.9907478, 47.5299253]}}, {"type": "Feature", "properties": {"code": "Lke-2/SZ-9", "reg": "ii-kesz", "conf": 0.981}, "geometry": {"type": "Point", "coordinates": [18.9753037, 47.5248692]}}, {"type": "Feature", "properties": {"code": "Lke-2/SZ-13", "reg": "ii-kesz", "conf": 0.98}, "geometry": {"type": "Point", "coordinates": [18.9776039, 47.5282878]}}, {"type": "Feature", "properties": {"code": "Lke-2/SZ-9", "reg": "ii-kesz", "conf": 0.979}, "geometry": {"type": "Point", "coordinates": [18.9895003, 47.5300013]}}, {"type": "Feature", "properties": {"code": "Lke-2/SZ-9", "reg": "ii-kesz", "conf": 0.978}, "geometry": {"type": "Point", "coordinates": [18.9797067, 47.5254967]}}, {"type": "Feature", "properties": {"code": "Lke-2/SZ-21", "reg": "ii-kesz", "conf": 0.978}, "geometry": {"type": "Point", "coordinates": [18.9861757, 47.5272389]}}, {"type": "Feature", "properties": {"code": "Lke-2/SZ-9", "reg": "ii-kesz", "conf": 0.977}, "geometry": {"type": "Point", "coordinates": [18.9841379, 47.5265728]}}, {"type": "Feature", "properties": {"code": "Lk-2/SZ-24", "reg": "ii-kesz", "conf": 0.977}, "geometry": {"type": "Point", "coordinates": [18.980435, 47.5195255]}}, {"type": "Feature", "properties": {"code": "Lke-2/SZ-9", "reg": "ii-kesz", "conf": 0.976}, "geometry": {"type": "Point", "coordinates": [18.9752517, 47.526017]}}, {"type": "Feature", "properties": {"code": "Lke-2/SZ-9", "reg": "ii-kesz", "conf": 0.976}, "geometry": {"type": "Point", "coordinates": [18.9814167, 47.5219087]}}, {"type": "Feature", "properties": {"code": "Lke-2/SZ-13", "reg": "ii-kesz", "conf": 0.975}, "geometry": {"type": "Point", "coordinates": [18.9752965, 47.5278104]}}, {"type": "Feature", "properties": {"code": "Lke-2/SZ-21", "reg": "ii-kesz", "conf": 0.975}, "geometry": {"type": "Point", "coordinates": [18.987146, 47.5267005]}}, {"type": "Feature", "properties": {"code": "Lke-2/SZ-9", "reg": "ii-kesz", "conf": 0.974}, "geometry": {"type": "Point", "coordinates": [18.987734, 47.5302909]}}, {"type": "Feature", "properties": {"code": "Lke-2/SZ-9", "reg": "ii-kesz", "conf": 0.974}, "geometry": {"type": "Point", "coordinates": [18.9860692, 47.5301652]}}, {"type": "Feature", "properties": {"code": "Lke-2/SZ-9", "reg": "ii-kesz", "conf": 0.974}, "geometry": {"type": "Point", "coordinates": [18.9833167, 47.522386]}}, {"type": "Feature", "properties": {"code": "Lke-2/SZ-9", "reg": "ii-kesz", "conf": 0.973}, "geometry": {"type": "Point", "coordinates": [18.9831674, 47.5298006]}}, {"type": "Feature", "properties": {"code": "Lke-2/SZ-9", "reg": "ii-kesz", "conf": 0.973}, "geometry": {"type": "Point", "coordinates": [18.9868563, 47.5255112]}}, {"type": "Feature", "properties": {"code": "Lke-2/SZ-9", "reg": "ii-kesz", "conf": 0.972}, "geometry": {"type": "Point", "coordinates": [18.9895712, 47.5285009]}}, {"type": "Feature", "properties": {"code": "Lke-2/SZ-9", "reg": "ii-kesz", "conf": 0.972}, "geometry": {"type": "Point", "coordinates": [18.9797559, 47.5225921]}}, {"type": "Feature", "properties": {"code": "Lk-2/SZ-6", "reg": "ii-kesz", "conf": 0.972}, "geometry": {"type": "Point", "coordinates": [18.9860082, 47.5187036]}}, {"type": "Feature", "properties": {"code": "Vf-P", "reg": "ii-kesz", "conf": 0.97}, "geometry": {"type": "Point", "coordinates": [18.9872704, 47.5255138]}}, {"type": "Feature", "properties": {"code": "Lke-2/SZ-13", "reg": "ii-kesz", "conf": 0.969}, "geometry": {"type": "Point", "coordinates": [18.9736346, 47.5281104]}}, {"type": "Feature", "properties": {"code": "Lke-2/EI/SZ-2", "reg": "ii-kesz", "conf": 0.969}, "geometry": {"type": "Point", "coordinates": [18.978162, 47.5263129]}}, {"type": "Feature", "properties": {"code": "Zez-2/Lke", "reg": "ii-kesz", "conf": 0.968}, "geometry": {"type": "Point", "coordinates": [18.9837024, 47.5209625]}}, {"type": "Feature", "properties": {"code": "Lke-2/SZ-9", "reg": "ii-kesz", "conf": 0.967}, "geometry": {"type": "Point", "coordinates": [18.9823677, 47.531154]}}, {"type": "Feature", "properties": {"code": "Lk-2/SZ-24", "reg": "ii-kesz", "conf": 0.967}, "geometry": {"type": "Point", "coordinates": [18.9832486, 47.5190671]}}, {"type": "Feature", "properties": {"code": "Lke-2/SZ-9", "reg": "ii-kesz", "conf": 0.966}, "geometry": {"type": "Point", "coordinates": [18.9837214, 47.5309717]}}, {"type": "Feature", "properties": {"code": "Lke-3/SZ-14", "reg": "ii-kesz", "conf": 0.965}, "geometry": {"type": "Point", "coordinates": [18.9850242, 47.5298292]}}, {"type": "Feature", "properties": {"code": "Lk-2/SZ-24", "reg": "ii-kesz", "conf": 0.965}, "geometry": {"type": "Point", "coordinates": [18.9812751, 47.527276]}}, {"type": "Feature", "properties": {"code": "Lke-2/AI/SZ-5", "reg": "ii-kesz", "conf": 0.964}, "geometry": {"type": "Point", "coordinates": [18.9857699, 47.5286085]}}, {"type": "Feature", "properties": {"code": "Lke-2/EI/SZ-4", "reg": "ii-kesz", "conf": 0.964}, "geometry": {"type": "Point", "coordinates": [18.9767414, 47.5273947]}}, {"type": "Feature", "properties": {"code": "Lke-2/EI/SZ-1", "reg": "ii-kesz", "conf": 0.964}, "geometry": {"type": "Point", "coordinates": [18.9766764, 47.52693]}}, {"type": "Feature", "properties": {"code": "Lk-2/EI/SZ-16", "reg": "ii-kesz", "conf": 0.964}, "geometry": {"type": "Point", "coordinates": [18.9835642, 47.5249874]}}, {"type": "Feature", "properties": {"code": "Lk-2/SZ-6", "reg": "ii-kesz", "conf": 0.964}, "geometry": {"type": "Point", "coordinates": [18.9903732, 47.5188687]}}, {"type": "Feature", "properties": {"code": "Lke-2/AI/SZ-2", "reg": "ii-kesz", "conf": 0.963}, "geometry": {"type": "Point", "coordinates": [18.9801295, 47.5305839]}}, {"type": "Feature", "properties": {"code": "Lk-2/SZ-24", "reg": "ii-kesz", "conf": 0.963}, "geometry": {"type": "Point", "coordinates": [18.9781859, 47.529935]}}, {"type": "Feature", "properties": {"code": "Lk-2/SZ-24", "reg": "ii-kesz", "conf": 0.963}, "geometry": {"type": "Point", "coordinates": [18.9869199, 47.5232178]}}, {"type": "Feature", "properties": {"code": "Lk-2/SZ-24", "reg": "ii-kesz", "conf": 0.962}, "geometry": {"type": "Point", "coordinates": [18.9823182, 47.5251972]}}, {"type": "Feature", "properties": {"code": "Lk-2/EI/SZ-7", "reg": "ii-kesz", "conf": 0.962}, "geometry": {"type": "Point", "coordinates": [18.9892882, 47.5247116]}}, {"type": "Feature", "properties": {"code": "Lk-2/SZ-5", "reg": "ii-kesz", "conf": 0.962}, "geometry": {"type": "Point", "coordinates": [18.9860789, 47.5200541]}}, {"type": "Feature", "properties": {"code": "Lke-2/SZ-9", "reg": "ii-kesz", "conf": 0.961}, "geometry": {"type": "Point", "coordinates": [18.9858917, 47.5268359]}}, {"type": "Feature", "properties": {"code": "Lke-2/SZ-9", "reg": "ii-kesz", "conf": 0.961}, "geometry": {"type": "Point", "coordinates": [18.9858016, 47.522265]}}, {"type": "Feature", "properties": {"code": "Lke-2/SZ-9", "reg": "ii-kesz", "conf": 0.96}, "geometry": {"type": "Point", "coordinates": [18.9899249, 47.5310132]}}, {"type": "Feature", "properties": {"code": "Lk-2/SZ-24", "reg": "ii-kesz", "conf": 0.96}, "geometry": {"type": "Point", "coordinates": [18.9815344, 47.5259475]}}, {"type": "Feature", "properties": {"code": "Lk-2/SZ-5", "reg": "ii-kesz", "conf": 0.96}, "geometry": {"type": "Point", "coordinates": [18.9901359, 47.5214184]}}, {"type": "Feature", "properties": {"code": "Lk-2/SZ-6", "reg": "ii-kesz", "conf": 0.96}, "geometry": {"type": "Point", "coordinates": [18.989894, 47.5183924]}}, {"type": "Feature", "properties": {"code": "Lk-2/EI/SZ-5", "reg": "ii-kesz", "conf": 0.959}, "geometry": {"type": "Point", "coordinates": [18.9718412, 47.5232363]}}, {"type": "Feature", "properties": {"code": "Lke-2/SZ-9", "reg": "ii-kesz", "conf": 0.958}, "geometry": {"type": "Point", "coordinates": [18.9823546, 47.5283044]}}, {"type": "Feature", "properties": {"code": "Lk-2/EI/SZ-16", "reg": "ii-kesz", "conf": 0.957}, "geometry": {"type": "Point", "coordinates": [18.9857122, 47.523692]}}, {"type": "Feature", "properties": {"code": "Lk-2/AI/SZ-13", "reg": "ii-kesz", "conf": 0.957}, "geometry": {"type": "Point", "coordinates": [18.9910682, 47.5177579]}}, {"type": "Feature", "properties": {"code": "Lke-2/SZ-9", "reg": "ii-kesz", "conf": 0.956}, "geometry": {"type": "Point", "coordinates": [18.9810345, 47.5297605]}}, {"type": "Feature", "properties": {"code": "Lke-2/SZ-9", "reg": "ii-kesz", "conf": 0.956}, "geometry": {"type": "Point", "coordinates": [18.9865865, 47.5246001]}}, {"type": "Feature", "properties": {"code": "Lk-2/SZ-24", "reg": "ii-kesz", "conf": 0.955}, "geometry": {"type": "Point", "coordinates": [18.9848048, 47.5250408]}}, {"type": "Feature", "properties": {"code": "Lke-2/SZ-9", "reg": "ii-kesz", "conf": 0.955}, "geometry": {"type": "Point", "coordinates": [18.9911534, 47.5273884]}}, {"type": "Feature", "properties": {"code": "Lk-2/EI/SZ-6", "reg": "ii-kesz", "conf": 0.955}, "geometry": {"type": "Point", "coordinates": [18.9733257, 47.5221626]}}, {"type": "Feature", "properties": {"code": "Lke-2/SZ-9", "reg": "ii-kesz", "conf": 0.955}, "geometry": {"type": "Point", "coordinates": [18.9816393, 47.5241852]}}, {"type": "Feature", "properties": {"code": "Lke-2/SZ-9", "reg": "ii-kesz", "conf": 0.954}, "geometry": {"type": "Point", "coordinates": [18.9737273, 47.5253752]}}, {"type": "Feature", "properties": {"code": "Ln-3/SZT-1", "reg": "ii-kesz", "conf": 0.953}, "geometry": {"type": "Point", "coordinates": [18.9732468, 47.5207205]}}, {"type": "Feature", "properties": {"code": "Lk-2/Te", "reg": "ii-kesz", "conf": 0.953}, "geometry": {"type": "Point", "coordinates": [18.9756514, 47.5201955]}}, {"type": "Feature", "properties": {"code": "Lke-2/SZ-9", "reg": "ii-kesz", "conf": 0.952}, "geometry": {"type": "Point", "coordinates": [18.973469, 47.5272737]}}, {"type": "Feature", "properties": {"code": "Lke-2/SZ-9", "reg": "ii-kesz", "conf": 0.951}, "geometry": {"type": "Point", "coordinates": [18.9871984, 47.5291656]}}, {"type": "Feature", "properties": {"code": "Lk-2/SZ-5", "reg": "ii-kesz", "conf": 0.951}, "geometry": {"type": "Point", "coordinates": [18.9911856, 47.5220256]}}, {"type": "Feature", "properties": {"code": "Lk-2/EI/SZ-14", "reg": "ii-kesz", "conf": 0.951}, "geometry": {"type": "Point", "coordinates": [18.9765215, 47.520386]}}, {"type": "Feature", "properties": {"code": "Lk-2/SZ-5", "reg": "ii-kesz", "conf": 0.949}, "geometry": {"type": "Point", "coordinates": [18.9911416, 47.5195421]}}, {"type": "Feature", "properties": {"code": "Lk-2/SZ-24", "reg": "ii-kesz", "conf": 0.947}, "geometry": {"type": "Point", "coordinates": [18.9834927, 47.5242984]}}, {"type": "Feature", "properties": {"code": "Lk-2/SZ-14", "reg": "ii-kesz", "conf": 0.946}, "geometry": {"type": "Point", "coordinates": [18.9907525, 47.523687]}}, {"type": "Feature", "properties": {"code": "Lk-2/SZ-6", "reg": "ii-kesz", "conf": 0.946}, "geometry": {"type": "Point", "coordinates": [18.9864684, 47.5195268]}}, {"type": "Feature", "properties": {"code": "Lk-2/SZ-24", "reg": "ii-kesz", "conf": 0.945}, "geometry": {"type": "Point", "coordinates": [18.984752, 47.5242351]}}, {"type": "Feature", "properties": {"code": "Lk-2/SZ-26", "reg": "ii-kesz", "conf": 0.945}, "geometry": {"type": "Point", "coordinates": [18.9892358, 47.523566]}}, {"type": "Feature", "properties": {"code": "Lk-2/EI/SZ-3", "reg": "ii-kesz", "conf": 0.944}, "geometry": {"type": "Point", "coordinates": [18.9811052, 47.5193565]}}, {"type": "Feature", "properties": {"code": "Lk-2/SZ-5", "reg": "ii-kesz", "conf": 0.943}, "geometry": {"type": "Point", "coordinates": [18.9861113, 47.5184336]}}, {"type": "Feature", "properties": {"code": "Lk-2/SZ-24", "reg": "ii-kesz", "conf": 0.94}, "geometry": {"type": "Point", "coordinates": [18.9797337, 47.5281106]}}, {"type": "Feature", "properties": {"code": "Lk-2/SZ-5", "reg": "ii-kesz", "conf": 0.94}, "geometry": {"type": "Point", "coordinates": [18.9893012, 47.5212119]}}, {"type": "Feature", "properties": {"code": "Lk-2/SZ-5", "reg": "ii-kesz", "conf": 0.94}, "geometry": {"type": "Point", "coordinates": [18.98995, 47.5180159]}}, {"type": "Feature", "properties": {"code": "Lk-2/SZ-24", "reg": "ii-kesz", "conf": 0.933}, "geometry": {"type": "Point", "coordinates": [18.9797303, 47.5281128]}}, {"type": "Feature", "properties": {"code": "Vf-P", "reg": "ii-kesz", "conf": 0.926}, "geometry": {"type": "Point", "coordinates": [18.9895939, 47.5226998]}}, {"type": "Feature", "properties": {"code": "K-Vke/Lk", "reg": "ii-kesz", "conf": 0.915}, "geometry": {"type": "Point", "coordinates": [18.9744525, 47.5204088]}}, {"type": "Feature", "properties": {"code": "Lk-2/AI/SZ-4", "reg": "ii-kesz", "conf": 0.913}, "geometry": {"type": "Point", "coordinates": [18.9874717, 47.5195914]}}, {"type": "Feature", "properties": {"code": "Lk-2/EI/SZ-8", "reg": "ii-kesz", "conf": 0.899}, "geometry": {"type": "Point", "coordinates": [18.9789238, 47.5203703]}}, {"type": "Feature", "properties": {"code": "Ek-Tv/8", "reg": "ii-kesz", "conf": 0.892}, "geometry": {"type": "Point", "coordinates": [18.9861958, 47.5311826]}}, {"type": "Feature", "properties": {"code": "Ek-Tv/1", "reg": "ii-kesz", "conf": 0.89}, "geometry": {"type": "Point", "coordinates": [18.9724096, 47.525078]}}, {"type": "Feature", "properties": {"code": "Vf-P", "reg": "ii-kesz", "conf": 0.889}, "geometry": {"type": "Point", "coordinates": [18.9841523, 47.5310693]}}, {"type": "Feature", "properties": {"code": "Ek-Tv/1", "reg": "ii-kesz", "conf": 0.884}, "geometry": {"type": "Point", "coordinates": [18.9774397, 47.5224511]}}, {"type": "Feature", "properties": {"code": "Ek-Tv/1", "reg": "ii-kesz", "conf": 0.883}, "geometry": {"type": "Point", "coordinates": [18.9724096, 47.5250757]}}, {"type": "Feature", "properties": {"code": "Ek-Tv/1", "reg": "ii-kesz", "conf": 0.863}, "geometry": {"type": "Point", "coordinates": [18.9724028, 47.5263804]}}, {"type": "Feature", "properties": {"code": "Vi-2/SZ-23", "reg": "ii-kesz", "conf": 0.995}, "geometry": {"type": "Point", "coordinates": [18.9952536, 47.5210695]}}, {"type": "Feature", "properties": {"code": "Vi-2/SZ-29", "reg": "ii-kesz", "conf": 0.992}, "geometry": {"type": "Point", "coordinates": [19.0057594, 47.5295839]}}, {"type": "Feature", "properties": {"code": "Vi-2/SZ-39", "reg": "ii-kesz", "conf": 0.991}, "geometry": {"type": "Point", "coordinates": [19.0045625, 47.5291914]}}, {"type": "Feature", "properties": {"code": "Vi-2/SZ-10", "reg": "ii-kesz", "conf": 0.99}, "geometry": {"type": "Point", "coordinates": [19.0035794, 47.5304548]}}, {"type": "Feature", "properties": {"code": "Vi-2/SZ-33", "reg": "ii-kesz", "conf": 0.99}, "geometry": {"type": "Point", "coordinates": [19.0051198, 47.5290541]}}, {"type": "Feature", "properties": {"code": "Ln-3/SZT-1", "reg": "ii-kesz", "conf": 0.989}, "geometry": {"type": "Point", "coordinates": [19.0019263, 47.5302465]}}, {"type": "Feature", "properties": {"code": "Vi-2/SZ-24", "reg": "ii-kesz", "conf": 0.989}, "geometry": {"type": "Point", "coordinates": [18.9974218, 47.5211416]}}, {"type": "Feature", "properties": {"code": "Vi-2/SZ-L7", "reg": "ii-kesz", "conf": 0.989}, "geometry": {"type": "Point", "coordinates": [18.99673, 47.5191011]}}, {"type": "Feature", "properties": {"code": "Vi-2/SZ-35", "reg": "ii-kesz", "conf": 0.987}, "geometry": {"type": "Point", "coordinates": [18.9960566, 47.5216222]}}, {"type": "Feature", "properties": {"code": "Lke-2/SZ-9", "reg": "ii-kesz", "conf": 0.983}, "geometry": {"type": "Point", "coordinates": [18.993038, 47.5297863]}}, {"type": "Feature", "properties": {"code": "Vi-2/SZ-L1", "reg": "ii-kesz", "conf": 0.983}, "geometry": {"type": "Point", "coordinates": [18.996368, 47.522072]}}, {"type": "Feature", "properties": {"code": "Lke-2/Te", "reg": "ii-kesz", "conf": 0.982}, "geometry": {"type": "Point", "coordinates": [18.9930499, 47.5245004]}}, {"type": "Feature", "properties": {"code": "Lke-2/SZ-10", "reg": "ii-kesz", "conf": 0.981}, "geometry": {"type": "Point", "coordinates": [18.9989299, 47.5310567]}}, {"type": "Feature", "properties": {"code": "Lke-2/SZ-9", "reg": "ii-kesz", "conf": 0.981}, "geometry": {"type": "Point", "coordinates": [18.9982986, 47.5301377]}}, {"type": "Feature", "properties": {"code": "Lke-2/SZ-22", "reg": "ii-kesz", "conf": 0.981}, "geometry": {"type": "Point", "coordinates": [19.0033944, 47.5237555]}}, {"type": "Feature", "properties": {"code": "Lke-2/SZ-9", "reg": "ii-kesz", "conf": 0.98}, "geometry": {"type": "Point", "coordinates": [18.9941137, 47.5311001]}}, {"type": "Feature", "properties": {"code": "Lke-2/SZ-5", "reg": "ii-kesz", "conf": 0.98}, "geometry": {"type": "Point", "coordinates": [18.9966389, 47.5274335]}}, {"type": "Feature", "properties": {"code": "Lke-2/SZ-9", "reg": "ii-kesz", "conf": 0.979}, "geometry": {"type": "Point", "coordinates": [19.0005779, 47.5293035]}}, {"type": "Feature", "properties": {"code": "Lke-2/SZ-9", "reg": "ii-kesz", "conf": 0.979}, "geometry": {"type": "Point", "coordinates": [19.0024213, 47.526581]}}, {"type": "Feature", "properties": {"code": "Lke-2/SZ-9", "reg": "ii-kesz", "conf": 0.979}, "geometry": {"type": "Point", "coordinates": [19.0072645, 47.5244616]}}, {"type": "Feature", "properties": {"code": "Lke-2/SZ-9", "reg": "ii-kesz", "conf": 0.978}, "geometry": {"type": "Point", "coordinates": [18.989609, 47.5285046]}}, {"type": "Feature", "properties": {"code": "Lke-2/SZ-9", "reg": "ii-kesz", "conf": 0.978}, "geometry": {"type": "Point", "coordinates": [18.9985748, 47.5250898]}}, {"type": "Feature", "properties": {"code": "Vi-2/Z-5", "reg": "ii-kesz", "conf": 0.978}, "geometry": {"type": "Point", "coordinates": [18.9937369, 47.5203004]}}, {"type": "Feature", "properties": {"code": "Lke-2/SZ-9", "reg": "ii-kesz", "conf": 0.977}, "geometry": {"type": "Point", "coordinates": [18.9907839, 47.5299282]}}, {"type": "Feature", "properties": {"code": "Lke-2/SZ-10", "reg": "ii-kesz", "conf": 0.977}, "geometry": {"type": "Point", "coordinates": [19.0027225, 47.5312158]}}, {"type": "Feature", "properties": {"code": "Lke-2/SZ-9", "reg": "ii-kesz", "conf": 0.977}, "geometry": {"type": "Point", "coordinates": [19.0084211, 47.521239]}}, {"type": "Feature", "properties": {"code": "Lke-2/SZ-9", "reg": "ii-kesz", "conf": 0.976}, "geometry": {"type": "Point", "coordinates": [18.9929084, 47.5284279]}}, {"type": "Feature", "properties": {"code": "Lke-2/SZ-9", "reg": "ii-kesz", "conf": 0.976}, "geometry": {"type": "Point", "coordinates": [18.997696, 47.5290196]}}, {"type": "Feature", "properties": {"code": "Lke-2/SZ-9", "reg": "ii-kesz", "conf": 0.976}, "geometry": {"type": "Point", "coordinates": [18.9995478, 47.5262765]}}, {"type": "Feature", "properties": {"code": "Lke-2/SZ-9", "reg": "ii-kesz", "conf": 0.976}, "geometry": {"type": "Point", "coordinates": [18.9927318, 47.5251756]}}, {"type": "Feature", "properties": {"code": "Lke-2/SZ-9", "reg": "ii-kesz", "conf": 0.976}, "geometry": {"type": "Point", "coordinates": [19.0014905, 47.5225104]}}, {"type": "Feature", "properties": {"code": "Zkp-Kk/1", "reg": "ii-kesz", "conf": 0.976}, "geometry": {"type": "Point", "coordinates": [18.9997028, 47.5207205]}}, {"type": "Feature", "properties": {"code": "Lk-2/SZ-10", "reg": "ii-kesz", "conf": 0.975}, "geometry": {"type": "Point", "coordinates": [19.0070321, 47.5297613]}}, {"type": "Feature", "properties": {"code": "Lke-2/SZ-9", "reg": "ii-kesz", "conf": 0.974}, "geometry": {"type": "Point", "coordinates": [18.9996488, 47.5275194]}}, {"type": "Feature", "properties": {"code": "Lke-2/SZ-9", "reg": "ii-kesz", "conf": 0.974}, "geometry": {"type": "Point", "coordinates": [19.0044717, 47.5253268]}}, {"type": "Feature", "properties": {"code": "Lke-2/SZ-9", "reg": "ii-kesz", "conf": 0.973}, "geometry": {"type": "Point", "coordinates": [18.9946053, 47.5291215]}}, {"type": "Feature", "properties": {"code": "Lke-2/SZ-9", "reg": "ii-kesz", "conf": 0.973}, "geometry": {"type": "Point", "coordinates": [19.0042075, 47.5237681]}}, {"type": "Feature", "properties": {"code": "Lke-2/SZ-9", "reg": "ii-kesz", "conf": 0.972}, "geometry": {"type": "Point", "coordinates": [18.9895349, 47.530006]}}, {"type": "Feature", "properties": {"code": "Lke-2/SZ-9", "reg": "ii-kesz", "conf": 0.972}, "geometry": {"type": "Point", "coordinates": [19.0033421, 47.5270594]}}, {"type": "Feature", "properties": {"code": "Lke-2/SZ-9", "reg": "ii-kesz", "conf": 0.971}, "geometry": {"type": "Point", "coordinates": [18.9924456, 47.5263314]}}, {"type": "Feature", "properties": {"code": "Lke-2/SZ-9", "reg": "ii-kesz", "conf": 0.971}, "geometry": {"type": "Point", "coordinates": [19.0051771, 47.5263018]}}, {"type": "Feature", "properties": {"code": "Lke-2/SZ-6", "reg": "ii-kesz", "conf": 0.971}, "geometry": {"type": "Point", "coordinates": [19.0034803, 47.5221911]}}, {"type": "Feature", "properties": {"code": "Lke-2/SZ-9", "reg": "ii-kesz", "conf": 0.97}, "geometry": {"type": "Point", "coordinates": [19.0009955, 47.526573]}}, {"type": "Feature", "properties": {"code": "Lk-2/SZ-5", "reg": "ii-kesz", "conf": 0.97}, "geometry": {"type": "Point", "coordinates": [19.0084767, 47.5199767]}}, {"type": "Feature", "properties": {"code": "Lk-2/SZ-7", "reg": "ii-kesz", "conf": 0.969}, "geometry": {"type": "Point", "coordinates": [18.9953629, 47.5237428]}}, {"type": "Feature", "properties": {"code": "Lke-2/SZ-9", "reg": "ii-kesz", "conf": 0.969}, "geometry": {"type": "Point", "coordinates": [19.0067074, 47.5229785]}}, {"type": "Feature", "properties": {"code": "Lk-2/SZ-6", "reg": "ii-kesz", "conf": 0.969}, "geometry": {"type": "Point", "coordinates": [19.004748, 47.5185908]}}, {"type": "Feature", "properties": {"code": "Lk-2/SZ-6", "reg": "ii-kesz", "conf": 0.968}, "geometry": {"type": "Point", "coordinates": [19.002467, 47.5189479]}}, {"type": "Feature", "properties": {"code": "Lke-2/SZ-9", "reg": "ii-kesz", "conf": 0.967}, "geometry": {"type": "Point", "coordinates": [18.9940565, 47.5269448]}}, {"type": "Feature", "properties": {"code": "Lke-2/SZ-9", "reg": "ii-kesz", "conf": 0.967}, "geometry": {"type": "Point", "coordinates": [19.0021655, 47.5258417]}}, {"type": "Feature", "properties": {"code": "Vf-P", "reg": "ii-kesz", "conf": 0.967}, "geometry": {"type": "Point", "coordinates": [18.9914154, 47.5212697]}}, {"type": "Feature", "properties": {"code": "Vi-2/Z-6", "reg": "ii-kesz", "conf": 0.967}, "geometry": {"type": "Point", "coordinates": [18.9958033, 47.5187635]}}, {"type": "Feature", "properties": {"code": "Lke-2/SZ-9", "reg": "ii-kesz", "conf": 0.966}, "geometry": {"type": "Point", "coordinates": [18.9963611, 47.5265798]}}, {"type": "Feature", "properties": {"code": "Lke-2/SZ-9", "reg": "ii-kesz", "conf": 0.966}, "geometry": {"type": "Point", "coordinates": [18.9951104, 47.5249753]}}, {"type": "Feature", "properties": {"code": "Lke-2/SZ-9", "reg": "ii-kesz", "conf": 0.965}, "geometry": {"type": "Point", "coordinates": [18.9899624, 47.5310188]}}, {"type": "Feature", "properties": {"code": "Lke-2/SZ-9", "reg": "ii-kesz", "conf": 0.965}, "geometry": {"type": "Point", "coordinates": [18.9964469, 47.5310212]}}, {"type": "Feature", "properties": {"code": "Lk-2/SZ-5", "reg": "ii-kesz", "conf": 0.965}, "geometry": {"type": "Point", "coordinates": [18.9901613, 47.5214219]}}, {"type": "Feature", "properties": {"code": "Lk-2/SZ-5", "reg": "ii-kesz", "conf": 0.965}, "geometry": {"type": "Point", "coordinates": [19.0032195, 47.518014]}}, {"type": "Feature", "properties": {"code": "Lke-2/SZ-9", "reg": "ii-kesz", "conf": 0.964}, "geometry": {"type": "Point", "coordinates": [18.9973493, 47.524703]}}, {"type": "Feature", "properties": {"code": "Lk-2/SZ-5", "reg": "ii-kesz", "conf": 0.964}, "geometry": {"type": "Point", "coordinates": [18.9911647, 47.5195451]}}, {"type": "Feature", "properties": {"code": "Lk-2/SZ-6", "reg": "ii-kesz", "conf": 0.964}, "geometry": {"type": "Point", "coordinates": [18.9988173, 47.5220228]}}, {"type": "Feature", "properties": {"code": "Lk-2/SZ-6", "reg": "ii-kesz", "conf": 0.964}, "geometry": {"type": "Point", "coordinates": [19.0076451, 47.5199138]}}, {"type": "Feature", "properties": {"code": "Lk-2/SZ-5", "reg": "ii-kesz", "conf": 0.964}, "geometry": {"type": "Point", "coordinates": [18.9987905, 47.5188906]}}, {"type": "Feature", "properties": {"code": "Lk-2/SZ-5", "reg": "ii-kesz", "conf": 0.964}, "geometry": {"type": "Point", "coordinates": [19.0068708, 47.5187568]}}, {"type": "Feature", "properties": {"code": "Lke-2/SZ-9", "reg": "ii-kesz", "conf": 0.963}, "geometry": {"type": "Point", "coordinates": [19.0066685, 47.5275549]}}, {"type": "Feature", "properties": {"code": "Lk-2/SZ-6", "reg": "ii-kesz", "conf": 0.963}, "geometry": {"type": "Point", "coordinates": [18.990392, 47.5188733]}}, {"type": "Feature", "properties": {"code": "Lk-2/SZ-6", "reg": "ii-kesz", "conf": 0.963}, "geometry": {"type": "Point", "coordinates": [19.0011691, 47.5199412]}}, {"type": "Feature", "properties": {"code": "Lk-2/SZ-20", "reg": "ii-kesz", "conf": 0.962}, "geometry": {"type": "Point", "coordinates": [19.0066853, 47.5312307]}}, {"type": "Feature", "properties": {"code": "Lk-2/SZ-5", "reg": "ii-kesz", "conf": 0.962}, "geometry": {"type": "Point", "coordinates": [19.0071617, 47.5306231]}}, {"type": "Feature", "properties": {"code": "Lk-2/SZ-24", "reg": "ii-kesz", "conf": 0.962}, "geometry": {"type": "Point", "coordinates": [19.0068789, 47.5285849]}}, {"type": "Feature", "properties": {"code": "Lke-2/SZ-9", "reg": "ii-kesz", "conf": 0.962}, "geometry": {"type": "Point", "coordinates": [19.0081129, 47.5255328]}}, {"type": "Feature", "properties": {"code": "Lke-2/SZ-9", "reg": "ii-kesz", "conf": 0.962}, "geometry": {"type": "Point", "coordinates": [19.000706, 47.5245142]}}, {"type": "Feature", "properties": {"code": "Lk-2/SZ-5", "reg": "ii-kesz", "conf": 0.962}, "geometry": {"type": "Point", "coordinates": [19.0019687, 47.5178607]}}, {"type": "Feature", "properties": {"code": "Lk-2/SZ-6", "reg": "ii-kesz", "conf": 0.962}, "geometry": {"type": "Point", "coordinates": [19.0039282, 47.5180861]}}, {"type": "Feature", "properties": {"code": "Lk-2/SZ-13", "reg": "ii-kesz", "conf": 0.961}, "geometry": {"type": "Point", "coordinates": [18.9946677, 47.524125]}}, {"type": "Feature", "properties": {"code": "Lke-2/SZ-10", "reg": "ii-kesz", "conf": 0.96}, "geometry": {"type": "Point", "coordinates": [19.0017142, 47.5311277]}}, {"type": "Feature", "properties": {"code": "Lke-2/SZ-9", "reg": "ii-kesz", "conf": 0.96}, "geometry": {"type": "Point", "coordinates": [18.9911813, 47.5273911]}}, {"type": "Feature", "properties": {"code": "Lke-2/SZ-9", "reg": "ii-kesz", "conf": 0.959}, "geometry": {"type": "Point", "coordinates": [18.9960799, 47.5286843]}}, {"type": "Feature", "properties": {"code": "Lk-2/SZ-25", "reg": "ii-kesz", "conf": 0.959}, "geometry": {"type": "Point", "coordinates": [19.0084984, 47.526874]}}, {"type": "Feature", "properties": {"code": "Lk-2/SZ-5", "reg": "ii-kesz", "conf": 0.959}, "geometry": {"type": "Point", "coordinates": [18.9962501, 47.5233526]}}, {"type": "Feature", "properties": {"code": "Lke-2/SZ-9", "reg": "ii-kesz", "conf": 0.959}, "geometry": {"type": "Point", "coordinates": [18.9996455, 47.5233503]}}, {"type": "Feature", "properties": {"code": "Lk-2/SZ-5", "reg": "ii-kesz", "conf": 0.957}, "geometry": {"type": "Point", "coordinates": [19.0076667, 47.5293333]}}, {"type": "Feature", "properties": {"code": "Lk-2/SZ-14", "reg": "ii-kesz", "conf": 0.957}, "geometry": {"type": "Point", "coordinates": [18.9907824, 47.5236867]}}, {"type": "Feature", "properties": {"code": "Lk-2/SZ-24", "reg": "ii-kesz", "conf": 0.956}, "geometry": {"type": "Point", "coordinates": [19.0081398, 47.5281752]}}, {"type": "Feature", "properties": {"code": "Lk-2/SZ-6", "reg": "ii-kesz", "conf": 0.956}, "geometry": {"type": "Point", "coordinates": [18.9982837, 47.5222906]}}, {"type": "Feature", "properties": {"code": "Lk-2/SZ-5", "reg": "ii-kesz", "conf": 0.956}, "geometry": {"type": "Point", "coordinates": [18.9994369, 47.5181273]}}, {"type": "Feature", "properties": {"code": "Lk-2/SZ-6", "reg": "ii-kesz", "conf": 0.956}, "geometry": {"type": "Point", "coordinates": [19.0086787, 47.5181778]}}, {"type": "Feature", "properties": {"code": "Lk-2/SZ-26", "reg": "ii-kesz", "conf": 0.955}, "geometry": {"type": "Point", "coordinates": [18.989259, 47.5235699]}}, {"type": "Feature", "properties": {"code": "Lke-2/SZ-9", "reg": "ii-kesz", "conf": 0.955}, "geometry": {"type": "Point", "coordinates": [19.0026285, 47.5219645]}}, {"type": "Feature", "properties": {"code": "Lk-2/SZ-6", "reg": "ii-kesz", "conf": 0.955}, "geometry": {"type": "Point", "coordinates": [19.0013778, 47.5211977]}}, {"type": "Feature", "properties": {"code": "Lk-2/SZ-5", "reg": "ii-kesz", "conf": 0.954}, "geometry": {"type": "Point", "coordinates": [19.0004384, 47.521834]}}, {"type": "Feature", "properties": {"code": "Lk-2/SZ-5", "reg": "ii-kesz", "conf": 0.953}, "geometry": {"type": "Point", "coordinates": [19.0016539, 47.5209219]}}, {"type": "Feature", "properties": {"code": "Lk-2/SZ-6", "reg": "ii-kesz", "conf": 0.953}, "geometry": {"type": "Point", "coordinates": [19.0015058, 47.5196517]}}, {"type": "Feature", "properties": {"code": "Ek-5", "reg": "ii-kesz", "conf": 0.952}, "geometry": {"type": "Point", "coordinates": [18.9985512, 47.5263807]}}, {"type": "Feature", "properties": {"code": "Lk-2/SZ-7", "reg": "ii-kesz", "conf": 0.952}, "geometry": {"type": "Point", "coordinates": [18.9972837, 47.522904]}}, {"type": "Feature", "properties": {"code": "Lk-2/SZ-5", "reg": "ii-kesz", "conf": 0.951}, "geometry": {"type": "Point", "coordinates": [19.0033103, 47.5202216]}}, {"type": "Feature", "properties": {"code": "Lk-2/SZ-6", "reg": "ii-kesz", "conf": 0.951}, "geometry": {"type": "Point", "coordinates": [19.005795, 47.5192683]}}, {"type": "Feature", "properties": {"code": "Lk-2/SZ-5", "reg": "ii-kesz", "conf": 0.95}, "geometry": {"type": "Point", "coordinates": [18.9935011, 47.5221566]}}, {"type": "Feature", "properties": {"code": "Lk-2/SZ-5", "reg": "ii-kesz", "conf": 0.95}, "geometry": {"type": "Point", "coordinates": [19.0018845, 47.5192877]}}, {"type": "Feature", "properties": {"code": "Lk-2/SZ-6", "reg": "ii-kesz", "conf": 0.949}, "geometry": {"type": "Point", "coordinates": [19.0033709, 47.5210101]}}, {"type": "Feature", "properties": {"code": "Lk-2/SZ-5", "reg": "ii-kesz", "conf": 0.948}, "geometry": {"type": "Point", "coordinates": [18.9912101, 47.5220273]}}, {"type": "Feature", "properties": {"code": "Lk-2/SZ-6", "reg": "ii-kesz", "conf": 0.948}, "geometry": {"type": "Point", "coordinates": [19.0025494, 47.5204184]}}, {"type": "Feature", "properties": {"code": "Lk-2/EI/SZ-11", "reg": "ii-kesz", "conf": 0.948}, "geometry": {"type": "Point", "coordinates": [18.9947857, 47.5180895]}}, {"type": "Feature", "properties": {"code": "Lk-2/AI/SZ-4", "reg": "ii-kesz", "conf": 0.947}, "geometry": {"type": "Point", "coordinates": [18.99287, 47.5188997]}}, {"type": "Feature", "properties": {"code": "Lk-2/SZ-6", "reg": "ii-kesz", "conf": 0.947}, "geometry": {"type": "Point", "coordinates": [19.0042328, 47.520938]}}, {"type": "Feature", "properties": {"code": "Lk-2/SZ-5", "reg": "ii-kesz", "conf": 0.946}, "geometry": {"type": "Point", "coordinates": [19.0053591, 47.5187019]}}, {"type": "Feature", "properties": {"code": "Lk-2/SZ-6", "reg": "ii-kesz", "conf": 0.946}, "geometry": {"type": "Point", "coordinates": [18.9899139, 47.5183938]}}, {"type": "Feature", "properties": {"code": "Lk-2/SZ-20", "reg": "ii-kesz", "conf": 0.945}, "geometry": {"type": "Point", "coordinates": [19.0060169, 47.5311827]}}, {"type": "Feature", "properties": {"code": "Lk-2/SZ-7", "reg": "ii-kesz", "conf": 0.944}, "geometry": {"type": "Point", "coordinates": [19.0056536, 47.5209472]}}, {"type": "Feature", "properties": {"code": "Lk-2/EI/SZ-17", "reg": "ii-kesz", "conf": 0.943}, "geometry": {"type": "Point", "coordinates": [18.9924877, 47.5240689]}}, {"type": "Feature", "properties": {"code": "Lk-2/SZ-5", "reg": "ii-kesz", "conf": 0.943}, "geometry": {"type": "Point", "coordinates": [18.989328, 47.5212148]}}, {"type": "Feature", "properties": {"code": "Lk-2/AI/SZ-2", "reg": "ii-kesz", "conf": 0.941}, "geometry": {"type": "Point", "coordinates": [19.0086212, 47.5308142]}}, {"type": "Feature", "properties": {"code": "Lk-2/EI/SZ-9", "reg": "ii-kesz", "conf": 0.94}, "geometry": {"type": "Point", "coordinates": [18.9927789, 47.5238984]}}, {"type": "Feature", "properties": {"code": "Lk-2/SZ-5", "reg": "ii-kesz", "conf": 0.94}, "geometry": {"type": "Point", "coordinates": [18.993412, 47.5186296]}}, {"type": "Feature", "properties": {"code": "Lk-2/SZ-5", "reg": "ii-kesz", "conf": 0.939}, "geometry": {"type": "Point", "coordinates": [18.9899644, 47.5180219]}}, {"type": "Feature", "properties": {"code": "Lk-2/SZ-5", "reg": "ii-kesz", "conf": 0.938}, "geometry": {"type": "Point", "coordinates": [18.9979234, 47.5224909]}}, {"type": "Feature", "properties": {"code": "Lk-2/SZ-5", "reg": "ii-kesz", "conf": 0.938}, "geometry": {"type": "Point", "coordinates": [18.9992297, 47.5217905]}}, {"type": "Feature", "properties": {"code": "Lke-2/SZ-9", "reg": "ii-kesz", "conf": 0.936}, "geometry": {"type": "Point", "coordinates": [19.0040794, 47.5281122]}}, {"type": "Feature", "properties": {"code": "Lk-2/SZ-5", "reg": "ii-kesz", "conf": 0.936}, "geometry": {"type": "Point", "coordinates": [19.0049819, 47.5217517]}}, {"type": "Feature", "properties": {"code": "Lk-2/SZ-6", "reg": "ii-kesz", "conf": 0.936}, "geometry": {"type": "Point", "coordinates": [19.0009148, 47.5213808]}}, {"type": "Feature", "properties": {"code": "Lk-2/SZ-5", "reg": "ii-kesz", "conf": 0.936}, "geometry": {"type": "Point", "coordinates": [19.0007432, 47.5203314]}}, {"type": "Feature", "properties": {"code": "Lk-2/SZ-7", "reg": "ii-kesz", "conf": 0.936}, "geometry": {"type": "Point", "coordinates": [19.0059364, 47.5206553]}}, {"type": "Feature", "properties": {"code": "Lk-2/AI/SZ-9", "reg": "ii-kesz", "conf": 0.935}, "geometry": {"type": "Point", "coordinates": [19.0031773, 47.5206782]}}, {"type": "Feature", "properties": {"code": "Lk-2/SZ-24", "reg": "ii-kesz", "conf": 0.931}, "geometry": {"type": "Point", "coordinates": [18.9892321, 47.5219689]}}, {"type": "Feature", "properties": {"code": "Lk-2/AI/SZ-8", "reg": "ii-kesz", "conf": 0.931}, "geometry": {"type": "Point", "coordinates": [19.002036, 47.5206187]}}, {"type": "Feature", "properties": {"code": "Lk-2/SZ-5", "reg": "ii-kesz", "conf": 0.931}, "geometry": {"type": "Point", "coordinates": [19.0053591, 47.5186996]}}, {"type": "Feature", "properties": {"code": "Lk-2/SZ-5", "reg": "ii-kesz", "conf": 0.925}, "geometry": {"type": "Point", "coordinates": [19.0007281, 47.5180729]}}, {"type": "Feature", "properties": {"code": "Lk-2/AI/SZ-13", "reg": "ii-kesz", "conf": 0.923}, "geometry": {"type": "Point", "coordinates": [18.9910856, 47.5177587]}}, {"type": "Feature", "properties": {"code": "Lk-2/SZ-6", "reg": "ii-kesz", "conf": 0.919}, "geometry": {"type": "Point", "coordinates": [19.0075138, 47.5192409]}}, {"type": "Feature", "properties": {"code": "Lk-2/SZ-6", "reg": "ii-kesz", "conf": 0.916}, "geometry": {"type": "Point", "coordinates": [19.0022262, 47.5208338]}}, {"type": "Feature", "properties": {"code": "Lk-2/EI/SZ-7", "reg": "ii-kesz", "conf": 0.915}, "geometry": {"type": "Point", "coordinates": [18.9893145, 47.5247178]}}, {"type": "Feature", "properties": {"code": "Lk-2/AI/SZ-4", "reg": "ii-kesz", "conf": 0.912}, "geometry": {"type": "Point", "coordinates": [18.9999132, 47.5214918]}}, {"type": "Feature", "properties": {"code": "Lk-2/SZ-6", "reg": "ii-kesz", "conf": 0.912}, "geometry": {"type": "Point", "coordinates": [19.0047631, 47.5212252]}}, {"type": "Feature", "properties": {"code": "Lk-2/SZ-5", "reg": "ii-kesz", "conf": 0.908}, "geometry": {"type": "Point", "coordinates": [19.0079128, 47.5180805]}}, {"type": "Feature", "properties": {"code": "Lk-2/SZ-7", "reg": "ii-kesz", "conf": 0.895}, "geometry": {"type": "Point", "coordinates": [18.9968662, 47.5231123]}}, {"type": "Feature", "properties": {"code": "Vf-P", "reg": "ii-kesz", "conf": 0.808}, "geometry": {"type": "Point", "coordinates": [18.9896159, 47.5227048]}}, {"type": "Feature", "properties": {"code": "Vi-2/SZ-1", "reg": "ii-kesz", "conf": 0.987}, "geometry": {"type": "Point", "coordinates": [19.0225162, 47.525357]}}, {"type": "Feature", "properties": {"code": "Vi-2/SZ-L3", "reg": "ii-kesz", "conf": 0.987}, "geometry": {"type": "Point", "coordinates": [19.0134937, 47.5227563]}}, {"type": "Feature", "properties": {"code": "Zez-1/Lk-E", "reg": "ii-kesz", "conf": 0.986}, "geometry": {"type": "Point", "coordinates": [19.014037, 47.5278933]}}, {"type": "Feature", "properties": {"code": "Zkp-Ez/1", "reg": "ii-kesz", "conf": 0.984}, "geometry": {"type": "Point", "coordinates": [19.0253788, 47.5281871]}}, {"type": "Feature", "properties": {"code": "Lke-2/SZ-9", "reg": "ii-kesz", "conf": 0.984}, "geometry": {"type": "Point", "coordinates": [19.0105699, 47.5226227]}}, {"type": "Feature", "properties": {"code": "Lk-2/SZ-24", "reg": "ii-kesz", "conf": 0.982}, "geometry": {"type": "Point", "coordinates": [19.0191759, 47.5244044]}}, {"type": "Feature", "properties": {"code": "Lk-2/SZ-10", "reg": "ii-kesz", "conf": 0.981}, "geometry": {"type": "Point", "coordinates": [19.0070562, 47.5297653]}}, {"type": "Feature", "properties": {"code": "Lk-2/SZ-25", "reg": "ii-kesz", "conf": 0.981}, "geometry": {"type": "Point", "coordinates": [19.0127818, 47.5281936]}}, {"type": "Feature", "properties": {"code": "Vi-2/SZ-11", "reg": "ii-kesz", "conf": 0.981}, "geometry": {"type": "Point", "coordinates": [19.0148211, 47.5226164]}}, {"type": "Feature", "properties": {"code": "Zkp-Ez/1", "reg": "ii-kesz", "conf": 0.981}, "geometry": {"type": "Point", "coordinates": [19.026107, 47.5243037]}}, {"type": "Feature", "properties": {"code": "Lk-2/SZ-24", "reg": "ii-kesz", "conf": 0.979}, "geometry": {"type": "Point", "coordinates": [19.021098, 47.5253686]}}, {"type": "Feature", "properties": {"code": "Zez-1/Lk", "reg": "ii-kesz", "conf": 0.978}, "geometry": {"type": "Point", "coordinates": [19.0243014, 47.5277696]}}, {"type": "Feature", "properties": {"code": "Lk-2/SZ-6", "reg": "ii-kesz", "conf": 0.978}, "geometry": {"type": "Point", "coordinates": [19.0240751, 47.5188966]}}, {"type": "Feature", "properties": {"code": "Lke-2/SZ-9", "reg": "ii-kesz", "conf": 0.977}, "geometry": {"type": "Point", "coordinates": [19.0072929, 47.5244651]}}, {"type": "Feature", "properties": {"code": "Lke-2/SZ-9", "reg": "ii-kesz", "conf": 0.977}, "geometry": {"type": "Point", "coordinates": [19.0125126, 47.5221511]}}, {"type": "Feature", "properties": {"code": "Lke-2/SZ-9", "reg": "ii-kesz", "conf": 0.976}, "geometry": {"type": "Point", "coordinates": [19.0067409, 47.5229774]}}, {"type": "Feature", "properties": {"code": "Lke-2/SZ-9", "reg": "ii-kesz", "conf": 0.974}, "geometry": {"type": "Point", "coordinates": [19.0081436, 47.5255363]}}, {"type": "Feature", "properties": {"code": "Lk-2/SZ-24", "reg": "ii-kesz", "conf": 0.974}, "geometry": {"type": "Point", "coordinates": [19.0241423, 47.5259913]}}, {"type": "Feature", "properties": {"code": "Lk-2/SZ-24", "reg": "ii-kesz", "conf": 0.974}, "geometry": {"type": "Point", "coordinates": [19.0195913, 47.5225005]}}, {"type": "Feature", "properties": {"code": "Lk-2/SZ-29", "reg": "ii-kesz", "conf": 0.973}, "geometry": {"type": "Point", "coordinates": [19.0097568, 47.5304656]}}, {"type": "Feature", "properties": {"code": "Lke-2/SZ-9", "reg": "ii-kesz", "conf": 0.972}, "geometry": {"type": "Point", "coordinates": [19.0066956, 47.5275574]}}, {"type": "Feature", "properties": {"code": "Lk-2/SZ-24", "reg": "ii-kesz", "conf": 0.971}, "geometry": {"type": "Point", "coordinates": [19.0246938, 47.5231886]}}, {"type": "Feature", "properties": {"code": "Lk-2/SZ-5", "reg": "ii-kesz", "conf": 0.971}, "geometry": {"type": "Point", "coordinates": [19.0069071, 47.5187546]}}, {"type": "Feature", "properties": {"code": "Lk-2/SZ-5", "reg": "ii-kesz", "conf": 0.97}, "geometry": {"type": "Point", "coordinates": [19.0130818, 47.5257136]}}, {"type": "Feature", "properties": {"code": "Lk-2/SZ-24", "reg": "ii-kesz", "conf": 0.969}, "geometry": {"type": "Point", "coordinates": [19.0253295, 47.5273272]}}, {"type": "Feature", "properties": {"code": "Lke-2/SZ-9", "reg": "ii-kesz", "conf": 0.969}, "geometry": {"type": "Point", "coordinates": [19.0122911, 47.5238937]}}, {"type": "Feature", "properties": {"code": "Lke-2/SZ-9", "reg": "ii-kesz", "conf": 0.969}, "geometry": {"type": "Point", "coordinates": [19.0084564, 47.5212369]}}, {"type": "Feature", "properties": {"code": "Lke-2/AI/SZ-6", "reg": "ii-kesz", "conf": 0.968}, "geometry": {"type": "Point", "coordinates": [19.0102035, 47.5244213]}}, {"type": "Feature", "properties": {"code": "Lk-2/Te", "reg": "ii-kesz", "conf": 0.968}, "geometry": {"type": "Point", "coordinates": [19.0227403, 47.524101]}}, {"type": "Feature", "properties": {"code": "Lk-2/SZ-24", "reg": "ii-kesz", "conf": 0.967}, "geometry": {"type": "Point", "coordinates": [19.0177313, 47.5193504]}}, {"type": "Feature", "properties": {"code": "Lk-2/SZ-5", "reg": "ii-kesz", "conf": 0.966}, "geometry": {"type": "Point", "coordinates": [19.0129126, 47.5309039]}}, {"type": "Feature", "properties": {"code": "Lk-2/SZ-4", "reg": "ii-kesz", "conf": 0.966}, "geometry": {"type": "Point", "coordinates": [19.0095158, 47.5259517]}}, {"type": "Feature", "properties": {"code": "Lk-2/SZ-24", "reg": "ii-kesz", "conf": 0.966}, "geometry": {"type": "Point", "coordinates": [19.0155649, 47.5242668]}}, {"type": "Feature", "properties": {"code": "Lk-2/SZ-24", "reg": "ii-kesz", "conf": 0.966}, "geometry": {"type": "Point", "coordinates": [19.0140039, 47.5193376]}}, {"type": "Feature", "properties": {"code": "Lk-2/SZ-5", "reg": "ii-kesz", "conf": 0.966}, "geometry": {"type": "Point", "coordinates": [19.0156701, 47.5178868]}}, {"type": "Feature", "properties": {"code": "Lk-2/SZ-24", "reg": "ii-kesz", "conf": 0.965}, "geometry": {"type": "Point", "coordinates": [19.0081651, 47.5281779]}}, {"type": "Feature", "properties": {"code": "Lk-2/SZ-5", "reg": "ii-kesz", "conf": 0.965}, "geometry": {"type": "Point", "coordinates": [19.0231533, 47.5192498]}}, {"type": "Feature", "properties": {"code": "Lk-2/SZ-6", "reg": "ii-kesz", "conf": 0.965}, "geometry": {"type": "Point", "coordinates": [19.0261118, 47.5186324]}}, {"type": "Feature", "properties": {"code": "Lk-2/SZ-28", "reg": "ii-kesz", "conf": 0.964}, "geometry": {"type": "Point", "coordinates": [19.0224577, 47.5273813]}}, {"type": "Feature", "properties": {"code": "Lk-2/EI/SZ-15", "reg": "ii-kesz", "conf": 0.964}, "geometry": {"type": "Point", "coordinates": [19.0175755, 47.5222655]}}, {"type": "Feature", "properties": {"code": "Lk-2/SZ-24", "reg": "ii-kesz", "conf": 0.964}, "geometry": {"type": "Point", "coordinates": [19.0115908, 47.5201925]}}, {"type": "Feature", "properties": {"code": "Zez-1/Lk", "reg": "ii-kesz", "conf": 0.963}, "geometry": {"type": "Point", "coordinates": [19.0127809, 47.5311409]}}, {"type": "Feature", "properties": {"code": "Lk-2/SZ-5", "reg": "ii-kesz", "conf": 0.963}, "geometry": {"type": "Point", "coordinates": [19.010417, 47.5188955]}}, {"type": "Feature", "properties": {"code": "Lk-2/SZ-24", "reg": "ii-kesz", "conf": 0.963}, "geometry": {"type": "Point", "coordinates": [19.0191449, 47.5178834]}}, {"type": "Feature", "properties": {"code": "Lk-2/SZ-24", "reg": "ii-kesz", "conf": 0.962}, "geometry": {"type": "Point", "coordinates": [19.019433, 47.5270965]}}, {"type": "Feature", "properties": {"code": "Lk-2/SZ-11", "reg": "ii-kesz", "conf": 0.962}, "geometry": {"type": "Point", "coordinates": [19.0243587, 47.5265971]}}, {"type": "Feature", "properties": {"code": "Lk-2/SZ-5", "reg": "ii-kesz", "conf": 0.962}, "geometry": {"type": "Point", "coordinates": [19.024078, 47.5204104]}}, {"type": "Feature", "properties": {"code": "Lk-2/SZ-24", "reg": "ii-kesz", "conf": 0.961}, "geometry": {"type": "Point", "coordinates": [19.0241171, 47.5294675]}}, {"type": "Feature", "properties": {"code": "Lk-2/SZ-5", "reg": "ii-kesz", "conf": 0.961}, "geometry": {"type": "Point", "coordinates": [19.0183664, 47.5227561]}}, {"type": "Feature", "properties": {"code": "Lk-2/SZ-6", "reg": "ii-kesz", "conf": 0.961}, "geometry": {"type": "Point", "coordinates": [19.0075498, 47.5192394]}}, {"type": "Feature", "properties": {"code": "Lk-2/SZ-24", "reg": "ii-kesz", "conf": 0.961}, "geometry": {"type": "Point", "coordinates": [19.0224181, 47.5221405]}}, {"type": "Feature", "properties": {"code": "Lk-2/SZ-24", "reg": "ii-kesz", "conf": 0.96}, "geometry": {"type": "Point", "coordinates": [19.0242047, 47.5282836]}}, {"type": "Feature", "properties": {"code": "Lk-2/SZ-25", "reg": "ii-kesz", "conf": 0.96}, "geometry": {"type": "Point", "coordinates": [19.010771, 47.5279563]}}, {"type": "Feature", "properties": {"code": "Lk-2/SZ-24", "reg": "ii-kesz", "conf": 0.96}, "geometry": {"type": "Point", "coordinates": [19.0241857, 47.5274432]}}, {"type": "Feature", "properties": {"code": "Lk-2/SZ-5", "reg": "ii-kesz", "conf": 0.96}, "geometry": {"type": "Point", "coordinates": [19.0253456, 47.5254997]}}, {"type": "Feature", "properties": {"code": "Zkp-Kk/1", "reg": "ii-kesz", "conf": 0.96}, "geometry": {"type": "Point", "coordinates": [19.0243394, 47.5213552]}}, {"type": "Feature", "properties": {"code": "Lk-2/SZ-6", "reg": "ii-kesz", "conf": 0.96}, "geometry": {"type": "Point", "coordinates": [19.0227144, 47.5182018]}}, {"type": "Feature", "properties": {"code": "Lk-2/SZ-5", "reg": "ii-kesz", "conf": 0.959}, "geometry": {"type": "Point", "coordinates": [19.0134427, 47.5300844]}}, {"type": "Feature", "properties": {"code": "Lk-2/SZ-24", "reg": "ii-kesz", "conf": 0.959}, "geometry": {"type": "Point", "coordinates": [19.0125673, 47.5192943]}}, {"type": "Feature", "properties": {"code": "Lk-2/SZ-5", "reg": "ii-kesz", "conf": 0.959}, "geometry": {"type": "Point", "coordinates": [19.0220898, 47.5185644]}}, {"type": "Feature", "properties": {"code": "Lk-2/SZ-20", "reg": "ii-kesz", "conf": 0.958}, "geometry": {"type": "Point", "coordinates": [19.0067054, 47.5312353]}}, {"type": "Feature", "properties": {"code": "Lk-2/SZ-25", "reg": "ii-kesz", "conf": 0.958}, "geometry": {"type": "Point", "coordinates": [19.0085257, 47.5268762]}}, {"type": "Feature", "properties": {"code": "Lk-2/SZ-25", "reg": "ii-kesz", "conf": 0.958}, "geometry": {"type": "Point", "coordinates": [19.0151982, 47.5262292]}}, {"type": "Feature", "properties": {"code": "Lk-2/SZ-5", "reg": "ii-kesz", "conf": 0.958}, "geometry": {"type": "Point", "coordinates": [19.0120502, 47.525074]}}, {"type": "Feature", "properties": {"code": "Vi-2/SZ-10", "reg": "ii-kesz", "conf": 0.958}, "geometry": {"type": "Point", "coordinates": [19.0159693, 47.5217961]}}, {"type": "Feature", "properties": {"code": "Lk-2/SZ-24", "reg": "ii-kesz", "conf": 0.958}, "geometry": {"type": "Point", "coordinates": [19.0203286, 47.519335]}}, {"type": "Feature", "properties": {"code": "Lk-2/SZ-24", "reg": "ii-kesz", "conf": 0.956}, "geometry": {"type": "Point", "coordinates": [19.0206796, 47.5293462]}}, {"type": "Feature", "properties": {"code": "Lk-2/SZ-24", "reg": "ii-kesz", "conf": 0.956}, "geometry": {"type": "Point", "coordinates": [19.0165944, 47.5240351]}}, {"type": "Feature", "properties": {"code": "Lk-2/SZ-5", "reg": "ii-kesz", "conf": 0.955}, "geometry": {"type": "Point", "coordinates": [19.0071796, 47.5306299]}}, {"type": "Feature", "properties": {"code": "Lk-2/SZ-24", "reg": "ii-kesz", "conf": 0.955}, "geometry": {"type": "Point", "coordinates": [19.0255687, 47.5296197]}}, {"type": "Feature", "properties": {"code": "Lk-2/SZ-24", "reg": "ii-kesz", "conf": 0.955}, "geometry": {"type": "Point", "coordinates": [19.0182132, 47.5238999]}}, {"type": "Feature", "properties": {"code": "Lk-2/SZ-24", "reg": "ii-kesz", "conf": 0.955}, "geometry": {"type": "Point", "coordinates": [19.0211417, 47.5230603]}}, {"type": "Feature", "properties": {"code": "Lk-2/SZ-24", "reg": "ii-kesz", "conf": 0.954}, "geometry": {"type": "Point", "coordinates": [19.0179662, 47.5258234]}}, {"type": "Feature", "properties": {"code": "Lk-2/SZ-24", "reg": "ii-kesz", "conf": 0.954}, "geometry": {"type": "Point", "coordinates": [19.0145613, 47.5205735]}}, {"type": "Feature", "properties": {"code": "Lk-2/SZ-5", "reg": "ii-kesz", "conf": 0.954}, "geometry": {"type": "Point", "coordinates": [19.0079523, 47.5180775]}}, {"type": "Feature", "properties": {"code": "Lk-2/SZ-24", "reg": "ii-kesz", "conf": 0.953}, "geometry": {"type": "Point", "coordinates": [19.0149718, 47.5255912]}}, {"type": "Feature", "properties": {"code": "Lk-2/SZ-10", "reg": "ii-kesz", "conf": 0.953}, "geometry": {"type": "Point", "coordinates": [19.0245622, 47.5244732]}}, {"type": "Feature", "properties": {"code": "Lk-2/SZ-24", "reg": "ii-kesz", "conf": 0.952}, "geometry": {"type": "Point", "coordinates": [19.0069029, 47.5285881]}}, {"type": "Feature", "properties": {"code": "Ek-1", "reg": "ii-kesz", "conf": 0.952}, "geometry": {"type": "Point", "coordinates": [19.012475, 47.5271605]}}, {"type": "Feature", "properties": {"code": "Lk-2/SZ-5", "reg": "ii-kesz", "conf": 0.952}, "geometry": {"type": "Point", "coordinates": [19.0085138, 47.519974]}}, {"type": "Feature", "properties": {"code": "Lk-2/SZ-24", "reg": "ii-kesz", "conf": 0.952}, "geometry": {"type": "Point", "coordinates": [19.0195444, 47.5211631]}}, {"type": "Feature", "properties": {"code": "Lk-2/SZ-5", "reg": "ii-kesz", "conf": 0.952}, "geometry": {"type": "Point", "coordinates": [19.0125418, 47.5182969]}}, {"type": "Feature", "properties": {"code": "Lk-2/SZ-24", "reg": "ii-kesz", "conf": 0.951}, "geometry": {"type": "Point", "coordinates": [19.0208976, 47.5241834]}}, {"type": "Feature", "properties": {"code": "Lk-2/SZ-5", "reg": "ii-kesz", "conf": 0.95}, "geometry": {"type": "Point", "coordinates": [19.0157805, 47.5288803]}}, {"type": "Feature", "properties": {"code": "Lk-2/SZ-9", "reg": "ii-kesz", "conf": 0.949}, "geometry": {"type": "Point", "coordinates": [19.0095783, 47.5292792]}}, {"type": "Feature", "properties": {"code": "Lk-2/SZ-27", "reg": "ii-kesz", "conf": 0.949}, "geometry": {"type": "Point", "coordinates": [19.0206847, 47.5281084]}}, {"type": "Feature", "properties": {"code": "Lk-2/SZ-5", "reg": "ii-kesz", "conf": 0.949}, "geometry": {"type": "Point", "coordinates": [19.0114984, 47.5258317]}}, {"type": "Feature", "properties": {"code": "Lk-2/SZ-5", "reg": "ii-kesz", "conf": 0.949}, "geometry": {"type": "Point", "coordinates": [19.026022, 47.5260108]}}, {"type": "Feature", "properties": {"code": "Lk-2/Te", "reg": "ii-kesz", "conf": 0.949}, "geometry": {"type": "Point", "coordinates": [19.0210108, 47.5204163]}}, {"type": "Feature", "properties": {"code": "Lk-2/SZ-20", "reg": "ii-kesz", "conf": 0.948}, "geometry": {"type": "Point", "coordinates": [19.0107107, 47.5312631]}}, {"type": "Feature", "properties": {"code": "Lk-2/EI/SZ-10", "reg": "ii-kesz", "conf": 0.948}, "geometry": {"type": "Point", "coordinates": [19.0100187, 47.5298909]}}, {"type": "Feature", "properties": {"code": "Lk-2/SZ-9", "reg": "ii-kesz", "conf": 0.948}, "geometry": {"type": "Point", "coordinates": [19.0166648, 47.5312408]}}, {"type": "Feature", "properties": {"code": "Lk-2/SZ-24", "reg": "ii-kesz", "conf": 0.948}, "geometry": {"type": "Point", "coordinates": [19.0225585, 47.5263669]}}, {"type": "Feature", "properties": {"code": "Lk-2/SZ-24", "reg": "ii-kesz", "conf": 0.948}, "geometry": {"type": "Point", "coordinates": [19.017756, 47.5186062]}}, {"type": "Feature", "properties": {"code": "Lk-2/SZ-24", "reg": "ii-kesz", "conf": 0.947}, "geometry": {"type": "Point", "coordinates": [19.0105362, 47.5284268]}}, {"type": "Feature", "properties": {"code": "Lk-2/SZ-25", "reg": "ii-kesz", "conf": 0.947}, "geometry": {"type": "Point", "coordinates": [19.010771, 47.5279552]}}, {"type": "Feature", "properties": {"code": "Lk-2/SZ-6", "reg": "ii-kesz", "conf": 0.947}, "geometry": {"type": "Point", "coordinates": [19.0248998, 47.5251605]}}, {"type": "Feature", "properties": {"code": "Lk-2/SZ-6", "reg": "ii-kesz", "conf": 0.947}, "geometry": {"type": "Point", "coordinates": [19.0092296, 47.5188489]}}, {"type": "Feature", "properties": {"code": "Lk-2/SZ-6", "reg": "ii-kesz", "conf": 0.947}, "geometry": {"type": "Point", "coordinates": [19.0260124, 47.5209762]}}, {"type": "Feature", "properties": {"code": "Lk-2/SZ-5", "reg": "ii-kesz", "conf": 0.947}, "geometry": {"type": "Point", "coordinates": [19.0241186, 47.5179509]}}, {"type": "Feature", "properties": {"code": "Lk-2/SZ-25", "reg": "ii-kesz", "conf": 0.946}, "geometry": {"type": "Point", "coordinates": [19.0154974, 47.5278416]}}, {"type": "Feature", "properties": {"code": "Lk-2/SZ-24", "reg": "ii-kesz", "conf": 0.946}, "geometry": {"type": "Point", "coordinates": [19.0227125, 47.5235148]}}, {"type": "Feature", "properties": {"code": "Lk-2/SZ-5", "reg": "ii-kesz", "conf": 0.945}, "geometry": {"type": "Point", "coordinates": [19.0076901, 47.5293363]}}, {"type": "Feature", "properties": {"code": "Lk-2/SZ-24", "reg": "ii-kesz", "conf": 0.945}, "geometry": {"type": "Point", "coordinates": [19.014591, 47.5245192]}}, {"type": "Feature", "properties": {"code": "Lk-2/SZ-6", "reg": "ii-kesz", "conf": 0.944}, "geometry": {"type": "Point", "coordinates": [19.0087185, 47.5181753]}}, {"type": "Feature", "properties": {"code": "Lk-2/SZ-27", "reg": "ii-kesz", "conf": 0.943}, "geometry": {"type": "Point", "coordinates": [19.0206847, 47.528105]}}, {"type": "Feature", "properties": {"code": "Lk-2/SZ-6", "reg": "ii-kesz", "conf": 0.943}, "geometry": {"type": "Point", "coordinates": [19.0236081, 47.5191895]}}, {"type": "Feature", "properties": {"code": "Lk-2/SZ-6", "reg": "ii-kesz", "conf": 0.942}, "geometry": {"type": "Point", "coordinates": [19.0260207, 47.5199147]}}, {"type": "Feature", "properties": {"code": "Lk-2/SZ-5", "reg": "ii-kesz", "conf": 0.942}, "geometry": {"type": "Point", "coordinates": [19.0140581, 47.5180232]}}, {"type": "Feature", "properties": {"code": "Lk-2/SZ-5", "reg": "ii-kesz", "conf": 0.942}, "geometry": {"type": "Point", "coordinates": [19.0246068, 47.5181172]}}, {"type": "Feature", "properties": {"code": "Lk-2/SZ-5", "reg": "ii-kesz", "conf": 0.941}, "geometry": {"type": "Point", "coordinates": [19.01072, 47.5259926]}}, {"type": "Feature", "properties": {"code": "Lk-2/SZ-25", "reg": "ii-kesz", "conf": 0.941}, "geometry": {"type": "Point", "coordinates": [19.0140411, 47.526257]}}, {"type": "Feature", "properties": {"code": "Lk-2/SZ-6", "reg": "ii-kesz", "conf": 0.941}, "geometry": {"type": "Point", "coordinates": [19.0242924, 47.5200498]}}, {"type": "Feature", "properties": {"code": "Lk-2/SZ-6", "reg": "ii-kesz", "conf": 0.941}, "geometry": {"type": "Point", "coordinates": [19.0261155, 47.5219472]}}, {"type": "Feature", "properties": {"code": "Lk-2/AI/SZ-6", "reg": "ii-kesz", "conf": 0.939}, "geometry": {"type": "Point", "coordinates": [19.0182126, 47.522006]}}, {"type": "Feature", "properties": {"code": "Lk-2/SZ-5", "reg": "ii-kesz", "conf": 0.937}, "geometry": {"type": "Point", "coordinates": [19.0260187, 47.5201495]}}, {"type": "Feature", "properties": {"code": "Lk-2/SZ-5", "reg": "ii-kesz", "conf": 0.936}, "geometry": {"type": "Point", "coordinates": [19.0122951, 47.5257692]}}, {"type": "Feature", "properties": {"code": "Lk-2/SZ-6", "reg": "ii-kesz", "conf": 0.936}, "geometry": {"type": "Point", "coordinates": [19.0256748, 47.5192057]}}, {"type": "Feature", "properties": {"code": "Lk-2/SZ-6", "reg": "ii-kesz", "conf": 0.935}, "geometry": {"type": "Point", "coordinates": [19.0092296, 47.5188466]}}, {"type": "Feature", "properties": {"code": "Lk-2/SZ-5", "reg": "ii-kesz", "conf": 0.934}, "geometry": {"type": "Point", "coordinates": [19.0100225, 47.5179781]}}, {"type": "Feature", "properties": {"code": "Lk-2/SZ-5", "reg": "ii-kesz", "conf": 0.934}, "geometry": {"type": "Point", "coordinates": [19.024473, 47.5186439]}}, {"type": "Feature", "properties": {"code": "Lk-2/SZ-5", "reg": "ii-kesz", "conf": 0.933}, "geometry": {"type": "Point", "coordinates": [19.0167927, 47.5301268]}}, {"type": "Feature", "properties": {"code": "Lk-2/SZ-5", "reg": "ii-kesz", "conf": 0.931}, "geometry": {"type": "Point", "coordinates": [19.026081, 47.5224979]}}, {"type": "Feature", "properties": {"code": "Lk-2/AI/SZ-5", "reg": "ii-kesz", "conf": 0.919}, "geometry": {"type": "Point", "coordinates": [19.0111653, 47.5197399]}}, {"type": "Feature", "properties": {"code": "Lk-2/SZ-5", "reg": "ii-kesz", "conf": 0.919}, "geometry": {"type": "Point", "coordinates": [19.009359, 47.5190677]}}, {"type": "Feature", "properties": {"code": "Lk-2/SZ-5", "reg": "ii-kesz", "conf": 0.912}, "geometry": {"type": "Point", "coordinates": [19.0260971, 47.5206968]}}, {"type": "Feature", "properties": {"code": "Lk-2/SZ-6", "reg": "ii-kesz", "conf": 0.909}, "geometry": {"type": "Point", "coordinates": [19.0076819, 47.5199139]}}, {"type": "Feature", "properties": {"code": "Lk-2/SZ-24", "reg": "ii-kesz", "conf": 0.909}, "geometry": {"type": "Point", "coordinates": [19.0224168, 47.5207196]}}, {"type": "Feature", "properties": {"code": "Zkk-1/Lk", "reg": "ii-kesz", "conf": 0.901}, "geometry": {"type": "Point", "coordinates": [19.0146996, 47.5309303]}}, {"type": "Feature", "properties": {"code": "Lk-2/SZ-5", "reg": "ii-kesz", "conf": 0.9}, "geometry": {"type": "Point", "coordinates": [19.009359, 47.5190689]}}, {"type": "Feature", "properties": {"code": "Lk-2/SZ-5", "reg": "ii-kesz", "conf": 0.893}, "geometry": {"type": "Point", "coordinates": [19.0139511, 47.5255963]}}, {"type": "Feature", "properties": {"code": "Ek-1", "reg": "ii-kesz", "conf": 0.885}, "geometry": {"type": "Point", "coordinates": [19.0087771, 47.5265821]}}, {"type": "Feature", "properties": {"code": "Zkp-Kk/8", "reg": "ii-kesz", "conf": 0.985}, "geometry": {"type": "Point", "coordinates": [19.0375346, 47.5230261]}}, {"type": "Feature", "properties": {"code": "Zez-1/Ln-Lk", "reg": "ii-kesz", "conf": 0.984}, "geometry": {"type": "Point", "coordinates": [19.0350668, 47.5199146]}}, {"type": "Feature", "properties": {"code": "Vi-1/Z-2", "reg": "ii-kesz", "conf": 0.984}, "geometry": {"type": "Point", "coordinates": [19.0369538, 47.5190644]}}, {"type": "Feature", "properties": {"code": "Vi-1/Z-4", "reg": "ii-kesz", "conf": 0.984}, "geometry": {"type": "Point", "coordinates": [19.0368124, 47.5179257]}}, {"type": "Feature", "properties": {"code": "Ln-2/Z-15", "reg": "ii-kesz", "conf": 0.983}, "geometry": {"type": "Point", "coordinates": [19.0375094, 47.5256352]}}, {"type": "Feature", "properties": {"code": "K-Rek/SZ-Sp1", "reg": "ii-kesz", "conf": 0.983}, "geometry": {"type": "Point", "coordinates": [19.0332775, 47.5247197]}}, {"type": "Feature", "properties": {"code": "Zkp-Kk/8", "reg": "ii-kesz", "conf": 0.983}, "geometry": {"type": "Point", "coordinates": [19.0379806, 47.5180836]}}, {"type": "Feature", "properties": {"code": "Vi-1/Z-3", "reg": "ii-kesz", "conf": 0.982}, "geometry": {"type": "Point", "coordinates": [19.0372753, 47.5199421]}}, {"type": "Feature", "properties": {"code": "Zkp-Ez/1", "reg": "ii-kesz", "conf": 0.979}, "geometry": {"type": "Point", "coordinates": [19.0254181, 47.528186]}}, {"type": "Feature", "properties": {"code": "Zkp-Kk/1", "reg": "ii-kesz", "conf": 0.979}, "geometry": {"type": "Point", "coordinates": [19.0353227, 47.5244005]}}, {"type": "Feature", "properties": {"code": "Lk-2/SZ-11", "reg": "ii-kesz", "conf": 0.978}, "geometry": {"type": "Point", "coordinates": [19.0243946, 47.5265977]}}, {"type": "Feature", "properties": {"code": "Zez-1/Lk", "reg": "ii-kesz", "conf": 0.978}, "geometry": {"type": "Point", "coordinates": [19.0278353, 47.5239634]}}, {"type": "Feature", "properties": {"code": "Ln-2/SZ-2", "reg": "ii-kesz", "conf": 0.977}, "geometry": {"type": "Point", "coordinates": [19.0353951, 47.5250035]}}, {"type": "Feature", "properties": {"code": "Zkp-Ez/1", "reg": "ii-kesz", "conf": 0.977}, "geometry": {"type": "Point", "coordinates": [19.0282023, 47.5244783]}}, {"type": "Feature", "properties": {"code": "Lk-1/Z-8", "reg": "ii-kesz", "conf": 0.976}, "geometry": {"type": "Point", "coordinates": [19.0322608, 47.5279342]}}, {"type": "Feature", "properties": {"code": "Zez-1/Lk", "reg": "ii-kesz", "conf": 0.976}, "geometry": {"type": "Point", "coordinates": [19.0284615, 47.5228431]}}, {"type": "Feature", "properties": {"code": "Ln-2/Z-9", "reg": "ii-kesz", "conf": 0.975}, "geometry": {"type": "Point", "coordinates": [19.0363781, 47.5215224]}}, {"type": "Feature", "properties": {"code": "Lk-2/SZ-5", "reg": "ii-kesz", "conf": 0.973}, "geometry": {"type": "Point", "coordinates": [19.0261082, 47.5224963]}}, {"type": "Feature", "properties": {"code": "Lk-2/SZ-24", "reg": "ii-kesz", "conf": 0.972}, "geometry": {"type": "Point", "coordinates": [19.0242398, 47.5282845]}}, {"type": "Feature", "properties": {"code": "Zez-1/Lk", "reg": "ii-kesz", "conf": 0.972}, "geometry": {"type": "Point", "coordinates": [19.0243374, 47.5277695]}}, {"type": "Feature", "properties": {"code": "Ln-2/Z-3", "reg": "ii-kesz", "conf": 0.972}, "geometry": {"type": "Point", "coordinates": [19.0376272, 47.5260483]}}, {"type": "Feature", "properties": {"code": "Ln-1/Z-1", "reg": "ii-kesz", "conf": 0.972}, "geometry": {"type": "Point", "coordinates": [19.0388207, 47.5258927]}}, {"type": "Feature", "properties": {"code": "Ln-1/Z-2", "reg": "ii-kesz", "conf": 0.972}, "geometry": {"type": "Point", "coordinates": [19.0373477, 47.5217604]}}, {"type": "Feature", "properties": {"code": "Zkp-Kk/8", "reg": "ii-kesz", "conf": 0.972}, "geometry": {"type": "Point", "coordinates": [19.0379453, 47.5187519]}}, {"type": "Feature", "properties": {"code": "Lk-2/SZ-5", "reg": "ii-kesz", "conf": 0.971}, "geometry": {"type": "Point", "coordinates": [19.0328718, 47.5238867]}}, {"type": "Feature", "properties": {"code": "Lk-2/SZ-5", "reg": "ii-kesz", "conf": 0.971}, "geometry": {"type": "Point", "coordinates": [19.0281669, 47.5199627]}}, {"type": "Feature", "properties": {"code": "Ln-1/Z-2", "reg": "ii-kesz", "conf": 0.971}, "geometry": {"type": "Point", "coordinates": [19.0371272, 47.5208953]}}, {"type": "Feature", "properties": {"code": "Zkp-Kk/1", "reg": "ii-kesz", "conf": 0.97}, "geometry": {"type": "Point", "coordinates": [19.0243693, 47.5213589]}}, {"type": "Feature", "properties": {"code": "Lk-2/EI/SZ-1", "reg": "ii-kesz", "conf": 0.97}, "geometry": {"type": "Point", "coordinates": [19.0308467, 47.5180745]}}, {"type": "Feature", "properties": {"code": "Lk-1/Te", "reg": "ii-kesz", "conf": 0.969}, "geometry": {"type": "Point", "coordinates": [19.0371122, 47.5273815]}}, {"type": "Feature", "properties": {"code": "Lk-2/SZ-24", "reg": "ii-kesz", "conf": 0.968}, "geometry": {"type": "Point", "coordinates": [19.0256067, 47.5296188]}}, {"type": "Feature", "properties": {"code": "Lk-2/SZ-24", "reg": "ii-kesz", "conf": 0.968}, "geometry": {"type": "Point", "coordinates": [19.0241573, 47.5294677]}}, {"type": "Feature", "properties": {"code": "Lk-2/SZ-24", "reg": "ii-kesz", "conf": 0.968}, "geometry": {"type": "Point", "coordinates": [19.0253659, 47.5273255]}}, {"type": "Feature", "properties": {"code": "Lk-2/SZ-5", "reg": "ii-kesz", "conf": 0.966}, "geometry": {"type": "Point", "coordinates": [19.0253794, 47.525498]}}, {"type": "Feature", "properties": {"code": "Lk-2/SZ-17", "reg": "ii-kesz", "conf": 0.966}, "geometry": {"type": "Point", "coordinates": [19.0335704, 47.522193]}}, {"type": "Feature", "properties": {"code": "Lk-1/Te", "reg": "ii-kesz", "conf": 0.965}, "geometry": {"type": "Point", "coordinates": [19.0331109, 47.5280349]}}, {"type": "Feature", "properties": {"code": "Lk-2/SZ-24", "reg": "ii-kesz", "conf": 0.965}, "geometry": {"type": "Point", "coordinates": [19.0241758, 47.5259935]}}, {"type": "Feature", "properties": {"code": "Lk-2/SZ-5", "reg": "ii-kesz", "conf": 0.964}, "geometry": {"type": "Point", "coordinates": [19.0310942, 47.5216415]}}, {"type": "Feature", "properties": {"code": "Lk-2/SZ-17", "reg": "ii-kesz", "conf": 0.963}, "geometry": {"type": "Point", "coordinates": [19.0327118, 47.5212787]}}, {"type": "Feature", "properties": {"code": "Lk-2/SZ-16", "reg": "ii-kesz", "conf": 0.963}, "geometry": {"type": "Point", "coordinates": [19.0341965, 47.5178702]}}, {"type": "Feature", "properties": {"code": "Lk-2/SZ-24", "reg": "ii-kesz", "conf": 0.962}, "geometry": {"type": "Point", "coordinates": [19.0296803, 47.5288039]}}, {"type": "Feature", "properties": {"code": "Lk-1/Z-10", "reg": "ii-kesz", "conf": 0.962}, "geometry": {"type": "Point", "coordinates": [19.0319494, 47.5282089]}}, {"type": "Feature", "properties": {"code": "Ln-2/Z-9", "reg": "ii-kesz", "conf": 0.962}, "geometry": {"type": "Point", "coordinates": [19.036033, 47.5204765]}}, {"type": "Feature", "properties": {"code": "K-Vke/Lk", "reg": "ii-kesz", "conf": 0.961}, "geometry": {"type": "Point", "coordinates": [19.027938, 47.5234427]}}, {"type": "Feature", "properties": {"code": "Lk-2/SZ-24", "reg": "ii-kesz", "conf": 0.96}, "geometry": {"type": "Point", "coordinates": [19.0245496, 47.5306166]}}, {"type": "Feature", "properties": {"code": "Lk-1/Z-2", "reg": "ii-kesz", "conf": 0.96}, "geometry": {"type": "Point", "coordinates": [19.0361964, 47.526989]}}, {"type": "Feature", "properties": {"code": "Zkp-Kk/4", "reg": "ii-kesz", "conf": 0.96}, "geometry": {"type": "Point", "coordinates": [19.0351426, 47.5225809]}}, {"type": "Feature", "properties": {"code": "Lk-2/SZ-6", "reg": "ii-kesz", "conf": 0.96}, "geometry": {"type": "Point", "coordinates": [19.0271182, 47.5216461]}}, {"type": "Feature", "properties": {"code": "Lk-2/SZ-24", "reg": "ii-kesz", "conf": 0.959}, "geometry": {"type": "Point", "coordinates": [19.0292039, 47.5246545]}}, {"type": "Feature", "properties": {"code": "Lk-2/SZ-5", "reg": "ii-kesz", "conf": 0.959}, "geometry": {"type": "Point", "coordinates": [19.0244989, 47.518649]}}, {"type": "Feature", "properties": {"code": "Lk-2/EI/SZ-12", "reg": "ii-kesz", "conf": 0.959}, "geometry": {"type": "Point", "coordinates": [19.0288755, 47.5186261]}}, {"type": "Feature", "properties": {"code": "Lk-2/SZ-5", "reg": "ii-kesz", "conf": 0.958}, "geometry": {"type": "Point", "coordinates": [19.0312727, 47.5236898]}}, {"type": "Feature", "properties": {"code": "Lk-2/SZ-3", "reg": "ii-kesz", "conf": 0.958}, "geometry": {"type": "Point", "coordinates": [19.0343194, 47.5190197]}}, {"type": "Feature", "properties": {"code": "Lk-2/SZ-24", "reg": "ii-kesz", "conf": 0.957}, "geometry": {"type": "Point", "coordinates": [19.0247212, 47.5231898]}}, {"type": "Feature", "properties": {"code": "Lk-2/SZ-6", "reg": "ii-kesz", "conf": 0.956}, "geometry": {"type": "Point", "coordinates": [19.0314982, 47.5253034]}}, {"type": "Feature", "properties": {"code": "Lk-2/SZ-24", "reg": "ii-kesz", "conf": 0.956}, "geometry": {"type": "Point", "coordinates": [19.0286181, 47.5237311]}}, {"type": "Feature", "properties": {"code": "Lk-2/SZ-6", "reg": "ii-kesz", "conf": 0.956}, "geometry": {"type": "Point", "coordinates": [19.0260509, 47.519917]}}, {"type": "Feature", "properties": {"code": "Lk-2/SZ-5", "reg": "ii-kesz", "conf": 0.956}, "geometry": {"type": "Point", "coordinates": [19.031616, 47.5186742]}}, {"type": "Feature", "properties": {"code": "Lk-2/SZ-5", "reg": "ii-kesz", "conf": 0.955}, "geometry": {"type": "Point", "coordinates": [19.0290457, 47.5257314]}}, {"type": "Feature", "properties": {"code": "Lk-2/SZ-17", "reg": "ii-kesz", "conf": 0.955}, "geometry": {"type": "Point", "coordinates": [19.032461, 47.5216815]}}, {"type": "Feature", "properties": {"code": "Lk-2/SZ-5", "reg": "ii-kesz", "conf": 0.953}, "geometry": {"type": "Point", "coordinates": [19.0260527, 47.5260072]}}, {"type": "Feature", "properties": {"code": "Lk-1/Z-2", "reg": "ii-kesz", "conf": 0.953}, "geometry": {"type": "Point", "coordinates": [19.0359692, 47.5260128]}}, {"type": "Feature", "properties": {"code": "Lk-2/SZ-24", "reg": "ii-kesz", "conf": 0.953}, "geometry": {"type": "Point", "coordinates": [19.0260965, 47.524737]}}, {"type": "Feature", "properties": {"code": "Lk-2/SZ-6", "reg": "ii-kesz", "conf": 0.953}, "geometry": {"type": "Point", "coordinates": [19.0289849, 47.5193253]}}, {"type": "Feature", "properties": {"code": "Lk-2/SZ-17", "reg": "ii-kesz", "conf": 0.953}, "geometry": {"type": "Point", "coordinates": [19.0335704, 47.5221907]}}, {"type": "Feature", "properties": {"code": "Lk-2/SZ-5", "reg": "ii-kesz", "conf": 0.953}, "geometry": {"type": "Point", "coordinates": [19.0330047, 47.5193299]}}, {"type": "Feature", "properties": {"code": "Ln-1/Z-1", "reg": "ii-kesz", "conf": 0.952}, "geometry": {"type": "Point", "coordinates": [19.0391035, 47.5269764]}}, {"type": "Feature", "properties": {"code": "Lk-2/SZ-5", "reg": "ii-kesz", "conf": 0.95}, "geometry": {"type": "Point", "coordinates": [19.0266638, 47.5279171]}}, {"type": "Feature", "properties": {"code": "Lk-2/SZ-10", "reg": "ii-kesz", "conf": 0.95}, "geometry": {"type": "Point", "coordinates": [19.0298873, 47.5242987]}}, {"type": "Feature", "properties": {"code": "Lk-2/SZ-24", "reg": "ii-kesz", "conf": 0.949}, "geometry": {"type": "Point", "coordinates": [19.024223, 47.5274434]}}, {"type": "Feature", "properties": {"code": "Lk-1/Z-7", "reg": "ii-kesz", "conf": 0.949}, "geometry": {"type": "Point", "coordinates": [19.0368647, 47.5271206]}}, {"type": "Feature", "properties": {"code": "Lk-1/Z-9", "reg": "ii-kesz", "conf": 0.949}, "geometry": {"type": "Point", "coordinates": [19.0339845, 47.5259648]}}, {"type": "Feature", "properties": {"code": "Lk-1/Z-12", "reg": "ii-kesz", "conf": 0.949}, "geometry": {"type": "Point", "coordinates": [19.0366357, 47.5256009]}}, {"type": "Feature", "properties": {"code": "Lk-2/SZ-5", "reg": "ii-kesz", "conf": 0.949}, "geometry": {"type": "Point", "coordinates": [19.0304579, 47.5223773]}}, {"type": "Feature", "properties": {"code": "Ln-2/EI/Z-4", "reg": "ii-kesz", "conf": 0.949}, "geometry": {"type": "Point", "coordinates": [19.0357603, 47.5191216]}}, {"type": "Feature", "properties": {"code": "Lk-2/SZ-5", "reg": "ii-kesz", "conf": 0.949}, "geometry": {"type": "Point", "coordinates": [19.0281786, 47.5178812]}}, {"type": "Feature", "properties": {"code": "Lk-2/SZ-15", "reg": "ii-kesz", "conf": 0.949}, "geometry": {"type": "Point", "coordinates": [19.0335787, 47.5178949]}}, {"type": "Feature", "properties": {"code": "Ln-2/EI/Z-2", "reg": "ii-kesz", "conf": 0.949}, "geometry": {"type": "Point", "coordinates": [19.035666, 47.5181592]}}, {"type": "Feature", "properties": {"code": "Lk-1/Z-4", "reg": "ii-kesz", "conf": 0.948}, "geometry": {"type": "Point", "coordinates": [19.0366762, 47.526157]}}, {"type": "Feature", "properties": {"code": "Ln-2/Z-3", "reg": "ii-kesz", "conf": 0.948}, "geometry": {"type": "Point", "coordinates": [19.036624, 47.5250722]}}, {"type": "Feature", "properties": {"code": "Lk-2/SZ-5", "reg": "ii-kesz", "conf": 0.948}, "geometry": {"type": "Point", "coordinates": [19.0293233, 47.5198403]}}, {"type": "Feature", "properties": {"code": "Lk-2/SZ-6", "reg": "ii-kesz", "conf": 0.947}, "geometry": {"type": "Point", "coordinates": [19.0261452, 47.5219482]}}, {"type": "Feature", "properties": {"code": "Lk-2/SZ-6", "reg": "ii-kesz", "conf": 0.947}, "geometry": {"type": "Point", "coordinates": [19.0291567, 47.5231406]}}, {"type": "Feature", "properties": {"code": "Ln-2/Z-1", "reg": "ii-kesz", "conf": 0.947}, "geometry": {"type": "Point", "coordinates": [19.0361593, 47.5229162]}}, {"type": "Feature", "properties": {"code": "Lk-2/SZ-17", "reg": "ii-kesz", "conf": 0.947}, "geometry": {"type": "Point", "coordinates": [19.0324644, 47.5216781]}}, {"type": "Feature", "properties": {"code": "Lk-2/AI/SZ-11", "reg": "ii-kesz", "conf": 0.947}, "geometry": {"type": "Point", "coordinates": [19.027135, 47.5178697]}}, {"type": "Feature", "properties": {"code": "Lk-1/SZ-1", "reg": "ii-kesz", "conf": 0.946}, "geometry": {"type": "Point", "coordinates": [19.0315875, 47.5272785]}}, {"type": "Feature", "properties": {"code": "Lk-2/SZ-9", "reg": "ii-kesz", "conf": 0.946}, "geometry": {"type": "Point", "coordinates": [19.0316599, 47.5260346]}}, {"type": "Feature", "properties": {"code": "Lk-1/Z-11", "reg": "ii-kesz", "conf": 0.946}, "geometry": {"type": "Point", "coordinates": [19.0358648, 47.5265049]}}, {"type": "Feature", "properties": {"code": "Ln-1/Z-2", "reg": "ii-kesz", "conf": 0.946}, "geometry": {"type": "Point", "coordinates": [19.037437, 47.5224299]}}, {"type": "Feature", "properties": {"code": "Ln-1/Te", "reg": "ii-kesz", "conf": 0.946}, "geometry": {"type": "Point", "coordinates": [19.0375093, 47.5215293]}}, {"type": "Feature", "properties": {"code": "Lk-1/Z-2", "reg": "ii-kesz", "conf": 0.945}, "geometry": {"type": "Point", "coordinates": [19.0352891, 47.527251]}}, {"type": "Feature", "properties": {"code": "Lk-2/SZ-10", "reg": "ii-kesz", "conf": 0.945}, "geometry": {"type": "Point", "coordinates": [19.0245949, 47.5244749]}}, {"type": "Feature", "properties": {"code": "Lk-2/SZ-6", "reg": "ii-kesz", "conf": 0.944}, "geometry": {"type": "Point", "coordinates": [19.0283184, 47.5214881]}}, {"type": "Feature", "properties": {"code": "Lk-2/SZ-6", "reg": "ii-kesz", "conf": 0.944}, "geometry": {"type": "Point", "coordinates": [19.0261317, 47.5186319]}}, {"type": "Feature", "properties": {"code": "Lk-2/SZ-5", "reg": "ii-kesz", "conf": 0.944}, "geometry": {"type": "Point", "coordinates": [19.0294546, 47.5205269]}}, {"type": "Feature", "properties": {"code": "Lk-2/SZ-6", "reg": "ii-kesz", "conf": 0.943}, "geometry": {"type": "Point", "coordinates": [19.0260392, 47.5209778]}}, {"type": "Feature", "properties": {"code": "Lk-2/SZ-6", "reg": "ii-kesz", "conf": 0.942}, "geometry": {"type": "Point", "coordinates": [19.031271, 47.5233076]}}, {"type": "Feature", "properties": {"code": "Lk-2/EI/SZ-2", "reg": "ii-kesz", "conf": 0.942}, "geometry": {"type": "Point", "coordinates": [19.0296044, 47.518221]}}, {"type": "Feature", "properties": {"code": "Lk-2/SZ-5", "reg": "ii-kesz", "conf": 0.94}, "geometry": {"type": "Point", "coordinates": [19.0325401, 47.5179235]}}, {"type": "Feature", "properties": {"code": "Lk-2/SZ-5", "reg": "ii-kesz", "conf": 0.939}, "geometry": {"type": "Point", "coordinates": [19.0278859, 47.5268803]}}, {"type": "Feature", "properties": {"code": "Lk-2/SZ-6", "reg": "ii-kesz", "conf": 0.939}, "geometry": {"type": "Point", "coordinates": [19.0243238, 47.520052]}}, {"type": "Feature", "properties": {"code": "Lk-2/SZ-5", "reg": "ii-kesz", "conf": 0.938}, "geometry": {"type": "Point", "coordinates": [19.0297156, 47.5228797]}}, {"type": "Feature", "properties": {"code": "Lk-2/SZ-6", "reg": "ii-kesz", "conf": 0.938}, "geometry": {"type": "Point", "coordinates": [19.0261503, 47.521947]}}, {"type": "Feature", "properties": {"code": "Lk-2/SZ-5", "reg": "ii-kesz", "conf": 0.937}, "geometry": {"type": "Point", "coordinates": [19.031616, 47.518677]}}, {"type": "Feature", "properties": {"code": "Lk-2/SZ-12", "reg": "ii-kesz", "conf": 0.936}, "geometry": {"type": "Point", "coordinates": [19.030377, 47.5192349]}}, {"type": "Feature", "properties": {"code": "Lk-1/Z-5", "reg": "ii-kesz", "conf": 0.935}, "geometry": {"type": "Point", "coordinates": [19.0346057, 47.5262978]}}, {"type": "Feature", "properties": {"code": "Lk-2/SZ-5", "reg": "ii-kesz", "conf": 0.934}, "geometry": {"type": "Point", "coordinates": [19.0287207, 47.5211643]}}, {"type": "Feature", "properties": {"code": "Lk-2/SZ-5", "reg": "ii-kesz", "conf": 0.934}, "geometry": {"type": "Point", "coordinates": [19.0246302, 47.5181215]}}, {"type": "Feature", "properties": {"code": "Lk-2/SZ-6", "reg": "ii-kesz", "conf": 0.932}, "geometry": {"type": "Point", "coordinates": [19.0312928, 47.5228453]}}, {"type": "Feature", "properties": {"code": "Lk-2/SZ-5", "reg": "ii-kesz", "conf": 0.932}, "geometry": {"type": "Point", "coordinates": [19.0313887, 47.5202568]}}, {"type": "Feature", "properties": {"code": "Lk-2/SZ-6", "reg": "ii-kesz", "conf": 0.931}, "geometry": {"type": "Point", "coordinates": [19.0256991, 47.5192086]}}, {"type": "Feature", "properties": {"code": "Lk-2/SZ-5", "reg": "ii-kesz", "conf": 0.929}, "geometry": {"type": "Point", "coordinates": [19.0295759, 47.5275623]}}, {"type": "Feature", "properties": {"code": "Lk-2/Z-3", "reg": "ii-kesz", "conf": 0.928}, "geometry": {"type": "Point", "coordinates": [19.0319258, 47.5263676]}}, {"type": "Feature", "properties": {"code": "Lk-2/SZ-5", "reg": "ii-kesz", "conf": 0.928}, "geometry": {"type": "Point", "coordinates": [19.0260425, 47.5201516]}}, {"type": "Feature", "properties": {"code": "Lk-1/Z-5", "reg": "ii-kesz", "conf": 0.927}, "geometry": {"type": "Point", "coordinates": [19.0337926, 47.5268459]}}, {"type": "Feature", "properties": {"code": "Lk-2/SZ-8", "reg": "ii-kesz", "conf": 0.927}, "geometry": {"type": "Point", "coordinates": [19.0324325, 47.5234312]}}, {"type": "Feature", "properties": {"code": "Lk-2/SZ-17", "reg": "ii-kesz", "conf": 0.923}, "geometry": {"type": "Point", "coordinates": [19.0338784, 47.5215865]}}, {"type": "Feature", "properties": {"code": "Zkp-Ez/1", "reg": "ii-kesz", "conf": 0.922}, "geometry": {"type": "Point", "coordinates": [19.0261368, 47.5243044]}}, {"type": "Feature", "properties": {"code": "Lk-2/AI/SZ-7", "reg": "ii-kesz", "conf": 0.922}, "geometry": {"type": "Point", "coordinates": [19.029729, 47.5224402]}}, {"type": "Feature", "properties": {"code": "Lk-1/Z-2", "reg": "ii-kesz", "conf": 0.921}, "geometry": {"type": "Point", "coordinates": [19.0352369, 47.5266354]}}, {"type": "Feature", "properties": {"code": "Lk-1/Z-3", "reg": "ii-kesz", "conf": 0.918}, "geometry": {"type": "Point", "coordinates": [19.0339559, 47.5275955]}}, {"type": "Feature", "properties": {"code": "Lk-2/SZ-6", "reg": "ii-kesz", "conf": 0.916}, "geometry": {"type": "Point", "coordinates": [19.024935, 47.5251615]}}, {"type": "Feature", "properties": {"code": "Lk-2/SZ-9", "reg": "ii-kesz", "conf": 0.916}, "geometry": {"type": "Point", "coordinates": [19.0344221, 47.5233419]}}, {"type": "Feature", "properties": {"code": "Ln-2/EI/Z-5", "reg": "ii-kesz", "conf": 0.915}, "geometry": {"type": "Point", "coordinates": [19.0377956, 47.5269615]}}, {"type": "Feature", "properties": {"code": "Lk-2/SZ-5", "reg": "ii-kesz", "conf": 0.913}, "geometry": {"type": "Point", "coordinates": [19.0241353, 47.5179584]}}, {"type": "Feature", "properties": {"code": "Ln-2/AI/Z-1", "reg": "ii-kesz", "conf": 0.898}, "geometry": {"type": "Point", "coordinates": [19.0361139, 47.5217993]}}, {"type": "Feature", "properties": {"code": "Lk-1/AI/Z-1", "reg": "ii-kesz", "conf": 0.876}, "geometry": {"type": "Point", "coordinates": [19.0329476, 47.5274593]}}, {"type": "Feature", "properties": {"code": "Lk-1/Z-1", "reg": "ii-kesz", "conf": 0.856}, "geometry": {"type": "Point", "coordinates": [19.0333432, 47.527869]}}, {"type": "Feature", "properties": {"code": "Lk-1/EI/O-1", "reg": "ii-kesz", "conf": 0.856}, "geometry": {"type": "Point", "coordinates": [19.0364624, 47.5274478]}}, {"type": "Feature", "properties": {"code": "Lk-1/Z-1", "reg": "ii-kesz", "conf": 0.853}, "geometry": {"type": "Point", "coordinates": [19.0333365, 47.527869]}}, {"type": "Feature", "properties": {"code": "Zkp-Ez/2", "reg": "ii-kesz", "conf": 0.984}, "geometry": {"type": "Point", "coordinates": [19.0036939, 47.5134253]}}, {"type": "Feature", "properties": {"code": "K-Rek/SZ-Sp2", "reg": "ii-kesz", "conf": 0.984}, "geometry": {"type": "Point", "coordinates": [19.0084594, 47.5126143]}}, {"type": "Feature", "properties": {"code": "Zkp-Ez/2", "reg": "ii-kesz", "conf": 0.983}, "geometry": {"type": "Point", "coordinates": [19.0023925, 47.5143218]}}, {"type": "Feature", "properties": {"code": "Zkp-Ez/2", "reg": "ii-kesz", "conf": 0.983}, "geometry": {"type": "Point", "coordinates": [19.0075069, 47.5108732]}}, {"type": "Feature", "properties": {"code": "K-Rek/SZ-P", "reg": "ii-kesz", "conf": 0.98}, "geometry": {"type": "Point", "coordinates": [19.0080197, 47.5132243]}}, {"type": "Feature", "properties": {"code": "Zkp-Ez/2", "reg": "ii-kesz", "conf": 0.979}, "geometry": {"type": "Point", "coordinates": [18.9969637, 47.5175077]}}, {"type": "Feature", "properties": {"code": "Zkp-Ez/2", "reg": "ii-kesz", "conf": 0.979}, "geometry": {"type": "Point", "coordinates": [19.0011857, 47.5151038]}}, {"type": "Feature", "properties": {"code": "Lk-2/SZ-5", "reg": "ii-kesz", "conf": 0.977}, "geometry": {"type": "Point", "coordinates": [19.0019873, 47.5165653]}}, {"type": "Feature", "properties": {"code": "Lk-2/SZ-6", "reg": "ii-kesz", "conf": 0.968}, "geometry": {"type": "Point", "coordinates": [19.0039429, 47.5181048]}}, {"type": "Feature", "properties": {"code": "Lk-2/Te", "reg": "ii-kesz", "conf": 0.968}, "geometry": {"type": "Point", "coordinates": [19.004227, 47.5151201]}}, {"type": "Feature", "properties": {"code": "Zkp-Ez/2", "reg": "ii-kesz", "conf": 0.965}, "geometry": {"type": "Point", "coordinates": [18.9999486, 47.5158939]}}, {"type": "Feature", "properties": {"code": "Vi-2/SZ-L7", "reg": "ii-kesz", "conf": 0.964}, "geometry": {"type": "Point", "coordinates": [18.9967287, 47.5191133]}}, {"type": "Feature", "properties": {"code": "Lk-2/EI/SZ-10", "reg": "ii-kesz", "conf": 0.964}, "geometry": {"type": "Point", "coordinates": [18.9999743, 47.5164013]}}, {"type": "Feature", "properties": {"code": "Lk-2/SZ-5", "reg": "ii-kesz", "conf": 0.963}, "geometry": {"type": "Point", "coordinates": [19.0068823, 47.5187773]}}, {"type": "Feature", "properties": {"code": "Lk-2/SZ-5", "reg": "ii-kesz", "conf": 0.963}, "geometry": {"type": "Point", "coordinates": [19.0033341, 47.5144512]}}, {"type": "Feature", "properties": {"code": "Vi-2/Z-6", "reg": "ii-kesz", "conf": 0.962}, "geometry": {"type": "Point", "coordinates": [18.9958096, 47.5187731]}}, {"type": "Feature", "properties": {"code": "Lk-2/SZ-5", "reg": "ii-kesz", "conf": 0.962}, "geometry": {"type": "Point", "coordinates": [19.0032321, 47.5180375]}}, {"type": "Feature", "properties": {"code": "Lk-2/SZ-5", "reg": "ii-kesz", "conf": 0.961}, "geometry": {"type": "Point", "coordinates": [19.001896, 47.5193039]}}, {"type": "Feature", "properties": {"code": "Lk-2/SZ-6", "reg": "ii-kesz", "conf": 0.96}, "geometry": {"type": "Point", "coordinates": [18.9903905, 47.5188755]}}, {"type": "Feature", "properties": {"code": "Zkp-B", "reg": "ii-kesz", "conf": 0.96}, "geometry": {"type": "Point", "coordinates": [18.9989258, 47.5165558]}}, {"type": "Feature", "properties": {"code": "Lk-2/SZ-6", "reg": "ii-kesz", "conf": 0.96}, "geometry": {"type": "Point", "coordinates": [19.0047521, 47.5186121]}}, {"type": "Feature", "properties": {"code": "Lk-2/SZ-5", "reg": "ii-kesz", "conf": 0.959}, "geometry": {"type": "Point", "coordinates": [19.0019772, 47.5178756]}}, {"type": "Feature", "properties": {"code": "Lk-2/SZ-5", "reg": "ii-kesz", "conf": 0.959}, "geometry": {"type": "Point", "coordinates": [19.004402, 47.5171798]}}, {"type": "Feature", "properties": {"code": "Lk-2/SZ-5", "reg": "ii-kesz", "conf": 0.959}, "geometry": {"type": "Point", "coordinates": [19.0066723, 47.5136855]}}, {"type": "Feature", "properties": {"code": "Lk-2/AI/SZ-13", "reg": "ii-kesz", "conf": 0.958}, "geometry": {"type": "Point", "coordinates": [18.9910893, 47.5177652]}}, {"type": "Feature", "properties": {"code": "Lk-2/SZ-5", "reg": "ii-kesz", "conf": 0.957}, "geometry": {"type": "Point", "coordinates": [19.0079262, 47.518105]}}, {"type": "Feature", "properties": {"code": "Lk-2/EI/SZ-11", "reg": "ii-kesz", "conf": 0.955}, "geometry": {"type": "Point", "coordinates": [18.9947903, 47.5181018]}}, {"type": "Feature", "properties": {"code": "Lk-2/SZ-6", "reg": "ii-kesz", "conf": 0.955}, "geometry": {"type": "Point", "coordinates": [19.0058051, 47.5192914]}}, {"type": "Feature", "properties": {"code": "Lk-2/SZ-5", "reg": "ii-kesz", "conf": 0.955}, "geometry": {"type": "Point", "coordinates": [19.0026487, 47.5149555]}}, {"type": "Feature", "properties": {"code": "Lk-2/SZ-6", "reg": "ii-kesz", "conf": 0.954}, "geometry": {"type": "Point", "coordinates": [19.0086926, 47.5182021]}}, {"type": "Feature", "properties": {"code": "Lk-2/SZ-5", "reg": "ii-kesz", "conf": 0.954}, "geometry": {"type": "Point", "coordinates": [19.0025347, 47.516023]}}, {"type": "Feature", "properties": {"code": "Lk-2/SZ-5", "reg": "ii-kesz", "conf": 0.953}, "geometry": {"type": "Point", "coordinates": [18.9934156, 47.5186385]}}, {"type": "Feature", "properties": {"code": "Lk-2/SZ-5", "reg": "ii-kesz", "conf": 0.952}, "geometry": {"type": "Point", "coordinates": [19.0071569, 47.517166]}}, {"type": "Feature", "properties": {"code": "Lk-2/SZ-5", "reg": "ii-kesz", "conf": 0.952}, "geometry": {"type": "Point", "coordinates": [19.008666, 47.5174106]}}, {"type": "Feature", "properties": {"code": "Lk-2/SZ-6", "reg": "ii-kesz", "conf": 0.951}, "geometry": {"type": "Point", "coordinates": [19.0024731, 47.5189679]}}, {"type": "Feature", "properties": {"code": "Lk-2/SZ-5", "reg": "ii-kesz", "conf": 0.951}, "geometry": {"type": "Point", "coordinates": [19.0073828, 47.515164]}}, {"type": "Feature", "properties": {"code": "Lk-2/SZ-5", "reg": "ii-kesz", "conf": 0.95}, "geometry": {"type": "Point", "coordinates": [18.9987967, 47.518905]}}, {"type": "Feature", "properties": {"code": "Lk-2/SZ-5", "reg": "ii-kesz", "conf": 0.948}, "geometry": {"type": "Point", "coordinates": [19.0058548, 47.5144256]}}, {"type": "Feature", "properties": {"code": "Lk-2/SZ-5", "reg": "ii-kesz", "conf": 0.946}, "geometry": {"type": "Point", "coordinates": [19.0085593, 47.5163085]}}, {"type": "Feature", "properties": {"code": "Lk-2/SZ-5", "reg": "ii-kesz", "conf": 0.945}, "geometry": {"type": "Point", "coordinates": [19.0053719, 47.5187205]}}, {"type": "Feature", "properties": {"code": "Lk-2/SZ-5", "reg": "ii-kesz", "conf": 0.945}, "geometry": {"type": "Point", "coordinates": [19.005673, 47.5130554]}}, {"type": "Feature", "properties": {"code": "Lk-2/SZ-5", "reg": "ii-kesz", "conf": 0.944}, "geometry": {"type": "Point", "coordinates": [18.9994457, 47.5181429]}}, {"type": "Feature", "properties": {"code": "Lk-2/SZ-6", "reg": "ii-kesz", "conf": 0.944}, "geometry": {"type": "Point", "coordinates": [19.0075289, 47.5192626]}}, {"type": "Feature", "properties": {"code": "Lk-2/SZ-5", "reg": "ii-kesz", "conf": 0.943}, "geometry": {"type": "Point", "coordinates": [19.0044796, 47.5138856]}}, {"type": "Feature", "properties": {"code": "Lk-2/SZ-6", "reg": "ii-kesz", "conf": 0.941}, "geometry": {"type": "Point", "coordinates": [18.9899099, 47.5183984]}}, {"type": "Feature", "properties": {"code": "Lk-2/SZ-5", "reg": "ii-kesz", "conf": 0.94}, "geometry": {"type": "Point", "coordinates": [19.0076007, 47.5117462]}}, {"type": "Feature", "properties": {"code": "Lk-2/AI/SZ-4", "reg": "ii-kesz", "conf": 0.939}, "geometry": {"type": "Point", "coordinates": [18.992869, 47.5189071]}}, {"type": "Feature", "properties": {"code": "Lk-2/SZ-5", "reg": "ii-kesz", "conf": 0.938}, "geometry": {"type": "Point", "coordinates": [18.9899715, 47.5180227]}}, {"type": "Feature", "properties": {"code": "Lk-2/EI/SZ-19", "reg": "ii-kesz", "conf": 0.938}, "geometry": {"type": "Point", "coordinates": [18.9956844, 47.517686]}}, {"type": "Feature", "properties": {"code": "Lk-2/SZ-5", "reg": "ii-kesz", "conf": 0.938}, "geometry": {"type": "Point", "coordinates": [19.0086812, 47.510901]}}, {"type": "Feature", "properties": {"code": "Lk-2/SZ-5", "reg": "ii-kesz", "conf": 0.936}, "geometry": {"type": "Point", "coordinates": [19.0066942, 47.512382]}}, {"type": "Feature", "properties": {"code": "Lk-2/SZ-5", "reg": "ii-kesz", "conf": 0.933}, "geometry": {"type": "Point", "coordinates": [19.0007433, 47.5180918]}}, {"type": "Feature", "properties": {"code": "Lk-2/SZ-5", "reg": "ii-kesz", "conf": 0.932}, "geometry": {"type": "Point", "coordinates": [19.0007733, 47.5168914]}}, {"type": "Feature", "properties": {"code": "Lk-2/AI/SZ-4", "reg": "ii-kesz", "conf": 0.919}, "geometry": {"type": "Point", "coordinates": [19.0055598, 47.5158021]}}, {"type": "Feature", "properties": {"code": "Vi-2/SZ-16", "reg": "ii-kesz", "conf": 0.996}, "geometry": {"type": "Point", "coordinates": [19.0214291, 47.5133702]}}, {"type": "Feature", "properties": {"code": "K-Hon/Z-1", "reg": "ii-kesz", "conf": 0.995}, "geometry": {"type": "Point", "coordinates": [19.0203284, 47.5095379]}}, {"type": "Feature", "properties": {"code": "K-Rek/SZ-Sp2", "reg": "ii-kesz", "conf": 0.994}, "geometry": {"type": "Point", "coordinates": [19.0103671, 47.5124537]}}, {"type": "Feature", "properties": {"code": "Vi-2/SZ-4", "reg": "ii-kesz", "conf": 0.992}, "geometry": {"type": "Point", "coordinates": [19.0203665, 47.514007]}}, {"type": "Feature", "properties": {"code": "Vt-V/Z-12", "reg": "ii-kesz", "conf": 0.992}, "geometry": {"type": "Point", "coordinates": [19.0212559, 47.5093449]}}, {"type": "Feature", "properties": {"code": "Vi-2/SZ-22", "reg": "ii-kesz", "conf": 0.988}, "geometry": {"type": "Point", "coordinates": [19.0212373, 47.5113861]}}, {"type": "Feature", "properties": {"code": "Ln-2/SZ-3", "reg": "ii-kesz", "conf": 0.987}, "geometry": {"type": "Point", "coordinates": [19.0243946, 47.5134172]}}, {"type": "Feature", "properties": {"code": "Vi-2/SZ-9", "reg": "ii-kesz", "conf": 0.986}, "geometry": {"type": "Point", "coordinates": [19.0189887, 47.5151495]}}, {"type": "Feature", "properties": {"code": "Ln-2/SZ-3", "reg": "ii-kesz", "conf": 0.986}, "geometry": {"type": "Point", "coordinates": [19.0258837, 47.5138445]}}, {"type": "Feature", "properties": {"code": "Ln-2/SZ-4", "reg": "ii-kesz", "conf": 0.986}, "geometry": {"type": "Point", "coordinates": [19.0260087, 47.5133881]}}, {"type": "Feature", "properties": {"code": "Ln-2/Z-10", "reg": "ii-kesz", "conf": 0.985}, "geometry": {"type": "Point", "coordinates": [19.0249726, 47.512573]}}, {"type": "Feature", "properties": {"code": "Lk-2/SZ-6", "reg": "ii-kesz", "conf": 0.982}, "geometry": {"type": "Point", "coordinates": [19.0218204, 47.5162273]}}, {"type": "Feature", "properties": {"code": "K-Rek/SZ-Sp2", "reg": "ii-kesz", "conf": 0.982}, "geometry": {"type": "Point", "coordinates": [19.0084735, 47.5126269]}}, {"type": "Feature", "properties": {"code": "Ln-2/SZ-3", "reg": "ii-kesz", "conf": 0.98}, "geometry": {"type": "Point", "coordinates": [19.0233627, 47.5136181]}}, {"type": "Feature", "properties": {"code": "K-Rek/SZ-P", "reg": "ii-kesz", "conf": 0.978}, "geometry": {"type": "Point", "coordinates": [19.0080337, 47.5132331]}}, {"type": "Feature", "properties": {"code": "Zkp-Kk/5", "reg": "ii-kesz", "conf": 0.978}, "geometry": {"type": "Point", "coordinates": [19.0252519, 47.5107997]}}, {"type": "Feature", "properties": {"code": "Ln-2/Te", "reg": "ii-kesz", "conf": 0.975}, "geometry": {"type": "Point", "coordinates": [19.0247904, 47.5131324]}}, {"type": "Feature", "properties": {"code": "Vi-2/SZ-8", "reg": "ii-kesz", "conf": 0.974}, "geometry": {"type": "Point", "coordinates": [19.0207048, 47.5121044]}}, {"type": "Feature", "properties": {"code": "Ln-2/Z-2", "reg": "ii-kesz", "conf": 0.974}, "geometry": {"type": "Point", "coordinates": [19.0180145, 47.5092052]}}, {"type": "Feature", "properties": {"code": "Lk-2/SZ-24", "reg": "ii-kesz", "conf": 0.972}, "geometry": {"type": "Point", "coordinates": [19.0203214, 47.5193617]}}, {"type": "Feature", "properties": {"code": "Lk-2/SZ-5", "reg": "ii-kesz", "conf": 0.971}, "geometry": {"type": "Point", "coordinates": [19.024974, 47.5147927]}}, {"type": "Feature", "properties": {"code": "Zkp-Kk/5", "reg": "ii-kesz", "conf": 0.971}, "geometry": {"type": "Point", "coordinates": [19.0239335, 47.5114799]}}, {"type": "Feature", "properties": {"code": "Ln-2/Z-10", "reg": "ii-kesz", "conf": 0.971}, "geometry": {"type": "Point", "coordinates": [19.0259743, 47.5122244]}}, {"type": "Feature", "properties": {"code": "Ln-2/Z-2", "reg": "ii-kesz", "conf": 0.97}, "geometry": {"type": "Point", "coordinates": [19.0190515, 47.5089344]}}, {"type": "Feature", "properties": {"code": "Lk-2/SZ-7", "reg": "ii-kesz", "conf": 0.967}, "geometry": {"type": "Point", "coordinates": [19.0178017, 47.5138275]}}, {"type": "Feature", "properties": {"code": "Lk-2/SZ-24", "reg": "ii-kesz", "conf": 0.966}, "geometry": {"type": "Point", "coordinates": [19.0140015, 47.5193683]}}, {"type": "Feature", "properties": {"code": "Lk-2/SZ-5", "reg": "ii-kesz", "conf": 0.966}, "geometry": {"type": "Point", "coordinates": [19.0205893, 47.5152097]}}, {"type": "Feature", "properties": {"code": "Lk-2/SZ-6", "reg": "ii-kesz", "conf": 0.965}, "geometry": {"type": "Point", "coordinates": [19.022749, 47.5166911]}}, {"type": "Feature", "properties": {"code": "Vi-2/SZ-L2", "reg": "ii-kesz", "conf": 0.965}, "geometry": {"type": "Point", "coordinates": [19.0214767, 47.5109251]}}, {"type": "Feature", "properties": {"code": "Lk-2/EI/SZ-10", "reg": "ii-kesz", "conf": 0.965}, "geometry": {"type": "Point", "coordinates": [19.0109582, 47.5101565]}}, {"type": "Feature", "properties": {"code": "Lk-2/SZ-24", "reg": "ii-kesz", "conf": 0.964}, "geometry": {"type": "Point", "coordinates": [19.017752, 47.5186364]}}, {"type": "Feature", "properties": {"code": "Lk-2/SZ-5", "reg": "ii-kesz", "conf": 0.964}, "geometry": {"type": "Point", "coordinates": [19.0231473, 47.5192782]}}, {"type": "Feature", "properties": {"code": "Lk-2/SZ-6", "reg": "ii-kesz", "conf": 0.964}, "geometry": {"type": "Point", "coordinates": [19.0127877, 47.5158346]}}, {"type": "Feature", "properties": {"code": "Lk-2/SZ-7", "reg": "ii-kesz", "conf": 0.964}, "geometry": {"type": "Point", "coordinates": [19.0128099, 47.5117259]}}, {"type": "Feature", "properties": {"code": "Lk-2/SZ-6", "reg": "ii-kesz", "conf": 0.963}, "geometry": {"type": "Point", "coordinates": [19.0240666, 47.5189228]}}, {"type": "Feature", "properties": {"code": "Lk-2/SZ-5", "reg": "ii-kesz", "conf": 0.962}, "geometry": {"type": "Point", "coordinates": [19.0140582, 47.518056]}}, {"type": "Feature", "properties": {"code": "Lk-2/SZ-5", "reg": "ii-kesz", "conf": 0.962}, "geometry": {"type": "Point", "coordinates": [19.0237049, 47.5167659]}}, {"type": "Feature", "properties": {"code": "Lk-2/SZ-24", "reg": "ii-kesz", "conf": 0.961}, "geometry": {"type": "Point", "coordinates": [19.0125675, 47.5193231]}}, {"type": "Feature", "properties": {"code": "Lk-2/SZ-5", "reg": "ii-kesz", "conf": 0.961}, "geometry": {"type": "Point", "coordinates": [19.0151941, 47.5162772]}}, {"type": "Feature", "properties": {"code": "Vt-V/Z-12", "reg": "ii-kesz", "conf": 0.961}, "geometry": {"type": "Point", "coordinates": [19.0235561, 47.5100289]}}, {"type": "Feature", "properties": {"code": "Lk-2/SZ-5", "reg": "ii-kesz", "conf": 0.96}, "geometry": {"type": "Point", "coordinates": [19.0188256, 47.516916]}}, {"type": "Feature", "properties": {"code": "Lk-2/SZ-6", "reg": "ii-kesz", "conf": 0.958}, "geometry": {"type": "Point", "coordinates": [19.0165923, 47.5167881]}}, {"type": "Feature", "properties": {"code": "Ln-2/O-1", "reg": "ii-kesz", "conf": 0.958}, "geometry": {"type": "Point", "coordinates": [19.0165736, 47.5094345]}}, {"type": "Feature", "properties": {"code": "Lk-2/SZ-5", "reg": "ii-kesz", "conf": 0.957}, "geometry": {"type": "Point", "coordinates": [19.0069096, 47.518783]}}, {"type": "Feature", "properties": {"code": "Lk-2/SZ-5", "reg": "ii-kesz", "conf": 0.957}, "geometry": {"type": "Point", "coordinates": [19.007182, 47.5171721]}}, {"type": "Feature", "properties": {"code": "Lk-2/SZ-5", "reg": "ii-kesz", "conf": 0.957}, "geometry": {"type": "Point", "coordinates": [19.0241044, 47.5179777]}}, {"type": "Feature", "properties": {"code": "Lk-2/SZ-5", "reg": "ii-kesz", "conf": 0.957}, "geometry": {"type": "Point", "coordinates": [19.0097942, 47.5151972]}}, {"type": "Feature", "properties": {"code": "Lk-2/SZ-5", "reg": "ii-kesz", "conf": 0.957}, "geometry": {"type": "Point", "coordinates": [19.0118736, 47.5104738]}}, {"type": "Feature", "properties": {"code": "Lk-2/SZ-6", "reg": "ii-kesz", "conf": 0.956}, "geometry": {"type": "Point", "coordinates": [19.023595, 47.5192178]}}, {"type": "Feature", "properties": {"code": "Lk-2/SZ-5", "reg": "ii-kesz", "conf": 0.956}, "geometry": {"type": "Point", "coordinates": [19.011675, 47.5161213]}}, {"type": "Feature", "properties": {"code": "Vt-V/Z-26", "reg": "ii-kesz", "conf": 0.956}, "geometry": {"type": "Point", "coordinates": [19.0249359, 47.5103705]}}, {"type": "Feature", "properties": {"code": "Lk-2/SZ-5", "reg": "ii-kesz", "conf": 0.955}, "geometry": {"type": "Point", "coordinates": [19.0141467, 47.5168809]}}, {"type": "Feature", "properties": {"code": "Lk-2/SZ-5", "reg": "ii-kesz", "conf": 0.955}, "geometry": {"type": "Point", "coordinates": [19.0156673, 47.5179182]}}, {"type": "Feature", "properties": {"code": "Lk-2/SZ-6", "reg": "ii-kesz", "conf": 0.955}, "geometry": {"type": "Point", "coordinates": [19.0261067, 47.518657]}}, {"type": "Feature", "properties": {"code": "Lk-2/SZ-5", "reg": "ii-kesz", "conf": 0.955}, "geometry": {"type": "Point", "coordinates": [19.0066919, 47.5136971]}}, {"type": "Feature", "properties": {"code": "Zkp-Ez/2", "reg": "ii-kesz", "conf": 0.955}, "geometry": {"type": "Point", "coordinates": [19.0075191, 47.5108851]}}, {"type": "Feature", "properties": {"code": "Lk-2/SZ-6", "reg": "ii-kesz", "conf": 0.954}, "geometry": {"type": "Point", "coordinates": [19.0087211, 47.5182048]}}, {"type": "Feature", "properties": {"code": "Lk-2/SZ-6", "reg": "ii-kesz", "conf": 0.954}, "geometry": {"type": "Point", "coordinates": [19.0176733, 47.5162108]}}, {"type": "Feature", "properties": {"code": "Vt-V/Z-12", "reg": "ii-kesz", "conf": 0.954}, "geometry": {"type": "Point", "coordinates": [19.0240785, 47.5092237]}}, {"type": "Feature", "properties": {"code": "Vt-V/Z-15", "reg": "ii-kesz", "conf": 0.954}, "geometry": {"type": "Point", "coordinates": [19.0254001, 47.508786]}}, {"type": "Feature", "properties": {"code": "Lk-2/SZ-24", "reg": "ii-kesz", "conf": 0.953}, "geometry": {"type": "Point", "coordinates": [19.0177278, 47.5193767]}}, {"type": "Feature", "properties": {"code": "Lk-2/SZ-5", "reg": "ii-kesz", "conf": 0.953}, "geometry": {"type": "Point", "coordinates": [19.0168903, 47.5166212]}}, {"type": "Feature", "properties": {"code": "Lk-2/SZ-5", "reg": "ii-kesz", "conf": 0.953}, "geometry": {"type": "Point", "coordinates": [19.0137645, 47.5114208]}}, {"type": "Feature", "properties": {"code": "Lk-2/SZ-5", "reg": "ii-kesz", "conf": 0.952}, "geometry": {"type": "Point", "coordinates": [19.0220859, 47.5185913]}}, {"type": "Feature", "properties": {"code": "Lk-2/SZ-5", "reg": "ii-kesz", "conf": 0.952}, "geometry": {"type": "Point", "coordinates": [19.0183117, 47.5156481]}}, {"type": "Feature", "properties": {"code": "Lk-2/SZ-5", "reg": "ii-kesz", "conf": 0.952}, "geometry": {"type": "Point", "coordinates": [19.0173948, 47.5152164]}}, {"type": "Feature", "properties": {"code": "Lk-2/SZ-7", "reg": "ii-kesz", "conf": 0.952}, "geometry": {"type": "Point", "coordinates": [19.0110564, 47.5114712]}}, {"type": "Feature", "properties": {"code": "Lk-2/SZ-5", "reg": "ii-kesz", "conf": 0.952}, "geometry": {"type": "Point", "coordinates": [19.0189308, 47.5102753]}}, {"type": "Feature", "properties": {"code": "Lk-2/SZ-6", "reg": "ii-kesz", "conf": 0.951}, "geometry": {"type": "Point", "coordinates": [19.0171598, 47.5164165]}}, {"type": "Feature", "properties": {"code": "Vi-2/SZ-5", "reg": "ii-kesz", "conf": 0.951}, "geometry": {"type": "Point", "coordinates": [19.0196388, 47.5146852]}}, {"type": "Feature", "properties": {"code": "Lk-2/SZ-6", "reg": "ii-kesz", "conf": 0.951}, "geometry": {"type": "Point", "coordinates": [19.0117718, 47.5113559]}}, {"type": "Feature", "properties": {"code": "Lk-2/SZ-5", "reg": "ii-kesz", "conf": 0.951}, "geometry": {"type": "Point", "coordinates": [19.0173487, 47.512198]}}, {"type": "Feature", "properties": {"code": "Lk-2/SZ-5", "reg": "ii-kesz", "conf": 0.95}, "geometry": {"type": "Point", "coordinates": [19.0197963, 47.5098432]}}, {"type": "Feature", "properties": {"code": "Lk-2/SZ-5", "reg": "ii-kesz", "conf": 0.949}, "geometry": {"type": "Point", "coordinates": [19.0093598, 47.5190952]}}, {"type": "Feature", "properties": {"code": "Lk-2/SZ-6", "reg": "ii-kesz", "conf": 0.949}, "geometry": {"type": "Point", "coordinates": [19.012165, 47.5158321]}}, {"type": "Feature", "properties": {"code": "Lk-2/SZ-5", "reg": "ii-kesz", "conf": 0.949}, "geometry": {"type": "Point", "coordinates": [19.0147639, 47.5136684]}}, {"type": "Feature", "properties": {"code": "Lk-2/SZ-5", "reg": "ii-kesz", "conf": 0.949}, "geometry": {"type": "Point", "coordinates": [19.0230044, 47.5152976]}}, {"type": "Feature", "properties": {"code": "Ln-2/AI/Z-2", "reg": "ii-kesz", "conf": 0.949}, "geometry": {"type": "Point", "coordinates": [19.0252126, 47.5133591]}}, {"type": "Feature", "properties": {"code": "Lk-2/SZ-5", "reg": "ii-kesz", "conf": 0.948}, "geometry": {"type": "Point", "coordinates": [19.0104203, 47.5189229]}}, {"type": "Feature", "properties": {"code": "Lk-2/SZ-5", "reg": "ii-kesz", "conf": 0.948}, "geometry": {"type": "Point", "coordinates": [19.0106037, 47.5170797]}}, {"type": "Feature", "properties": {"code": "Lk-2/SZ-6", "reg": "ii-kesz", "conf": 0.948}, "geometry": {"type": "Point", "coordinates": [19.0240823, 47.5163553]}}, {"type": "Feature", "properties": {"code": "Lk-2/SZ-5", "reg": "ii-kesz", "conf": 0.947}, "geometry": {"type": "Point", "coordinates": [19.0222639, 47.5170994]}}, {"type": "Feature", "properties": {"code": "Lk-2/SZ-5", "reg": "ii-kesz", "conf": 0.947}, "geometry": {"type": "Point", "coordinates": [19.0162578, 47.514447]}}, {"type": "Feature", "properties": {"code": "Lk-2/SZ-7", "reg": "ii-kesz", "conf": 0.947}, "geometry": {"type": "Point", "coordinates": [19.0122141, 47.511768]}}, {"type": "Feature", "properties": {"code": "Lk-2/SZ-5", "reg": "ii-kesz", "conf": 0.946}, "geometry": {"type": "Point", "coordinates": [19.0245957, 47.5181461]}}, {"type": "Feature", "properties": {"code": "Lk-2/SZ-5", "reg": "ii-kesz", "conf": 0.946}, "geometry": {"type": "Point", "coordinates": [19.0258606, 47.5171466]}}, {"type": "Feature", "properties": {"code": "Lk-2/SZ-6", "reg": "ii-kesz", "conf": 0.946}, "geometry": {"type": "Point", "coordinates": [19.0191915, 47.5161908]}}, {"type": "Feature", "properties": {"code": "Lk-2/SZ-7", "reg": "ii-kesz", "conf": 0.946}, "geometry": {"type": "Point", "coordinates": [19.017261, 47.5142678]}}, {"type": "Feature", "properties": {"code": "Zkk-Sp/Vi", "reg": "ii-kesz", "conf": 0.946}, "geometry": {"type": "Point", "coordinates": [19.0223756, 47.5125902]}}, {"type": "Feature", "properties": {"code": "Lk-2/SZ-6", "reg": "ii-kesz", "conf": 0.945}, "geometry": {"type": "Point", "coordinates": [19.017408, 47.5174601]}}, {"type": "Feature", "properties": {"code": "Lk-2/SZ-19", "reg": "ii-kesz", "conf": 0.945}, "geometry": {"type": "Point", "coordinates": [19.0127939, 47.5145657]}}, {"type": "Feature", "properties": {"code": "Lk-2/SZ-6", "reg": "ii-kesz", "conf": 0.945}, "geometry": {"type": "Point", "coordinates": [19.0133715, 47.5142742]}}, {"type": "Feature", "properties": {"code": "Lk-2/SZ-6", "reg": "ii-kesz", "conf": 0.945}, "geometry": {"type": "Point", "coordinates": [19.0159386, 47.5156666]}}, {"type": "Feature", "properties": {"code": "Lk-2/SZ-5", "reg": "ii-kesz", "conf": 0.944}, "geometry": {"type": "Point", "coordinates": [19.0189308, 47.5102742]}}, {"type": "Feature", "properties": {"code": "Lk-2/SZ-5", "reg": "ii-kesz", "conf": 0.943}, "geometry": {"type": "Point", "coordinates": [19.0125415, 47.5183265]}}, {"type": "Feature", "properties": {"code": "Lk-2/SZ-5", "reg": "ii-kesz", "conf": 0.943}, "geometry": {"type": "Point", "coordinates": [19.0244673, 47.5186701]}}, {"type": "Feature", "properties": {"code": "Lk-2/SZ-6", "reg": "ii-kesz", "conf": 0.943}, "geometry": {"type": "Point", "coordinates": [19.0256669, 47.5192301]}}, {"type": "Feature", "properties": {"code": "Lk-2/SZ-6", "reg": "ii-kesz", "conf": 0.943}, "geometry": {"type": "Point", "coordinates": [19.0140048, 47.5133834]}}, {"type": "Feature", "properties": {"code": "Lk-2/SZ-5", "reg": "ii-kesz", "conf": 0.943}, "geometry": {"type": "Point", "coordinates": [19.0167839, 47.5113626]}}, {"type": "Feature", "properties": {"code": "Lk-2/SZ-6", "reg": "ii-kesz", "conf": 0.942}, "geometry": {"type": "Point", "coordinates": [19.0092304, 47.5188766]}}, {"type": "Feature", "properties": {"code": "Lk-2/SZ-6", "reg": "ii-kesz", "conf": 0.942}, "geometry": {"type": "Point", "coordinates": [19.016489, 47.5175238]}}, {"type": "Feature", "properties": {"code": "Ln-2/Z-2", "reg": "ii-kesz", "conf": 0.942}, "geometry": {"type": "Point", "coordinates": [19.0154543, 47.5094718]}}, {"type": "Feature", "properties": {"code": "Lk-2/SZ-5", "reg": "ii-kesz", "conf": 0.941}, "geometry": {"type": "Point", "coordinates": [19.008583, 47.5163134]}}, {"type": "Feature", "properties": {"code": "Lk-2/SZ-6", "reg": "ii-kesz", "conf": 0.94}, "geometry": {"type": "Point", "coordinates": [19.0075554, 47.5192673]}}, {"type": "Feature", "properties": {"code": "Lk-2/SZ-5", "reg": "ii-kesz", "conf": 0.94}, "geometry": {"type": "Point", "coordinates": [19.0067183, 47.5123916]}}, {"type": "Feature", "properties": {"code": "Lk-2/SZ-6", "reg": "ii-kesz", "conf": 0.94}, "geometry": {"type": "Point", "coordinates": [19.0126605, 47.5113403]}}, {"type": "Feature", "properties": {"code": "Vt-V/Z-12", "reg": "ii-kesz", "conf": 0.94}, "geometry": {"type": "Point", "coordinates": [19.0229036, 47.5094337]}}, {"type": "Feature", "properties": {"code": "Lk-2/SZ-5", "reg": "ii-kesz", "conf": 0.939}, "geometry": {"type": "Point", "coordinates": [19.013102, 47.5126334]}}, {"type": "Feature", "properties": {"code": "Lk-2/SZ-5", "reg": "ii-kesz", "conf": 0.938}, "geometry": {"type": "Point", "coordinates": [19.0086881, 47.5174165]}}, {"type": "Feature", "properties": {"code": "Lk-2/SZ-5", "reg": "ii-kesz", "conf": 0.938}, "geometry": {"type": "Point", "coordinates": [19.0245832, 47.5170408]}}, {"type": "Feature", "properties": {"code": "Lk-2/SZ-5", "reg": "ii-kesz", "conf": 0.938}, "geometry": {"type": "Point", "coordinates": [19.0117332, 47.5150653]}}, {"type": "Feature", "properties": {"code": "Lk-2/SZ-6", "reg": "ii-kesz", "conf": 0.938}, "geometry": {"type": "Point", "coordinates": [19.0209271, 47.5157006]}}, {"type": "Feature", "properties": {"code": "Lk-2/SZ-5", "reg": "ii-kesz", "conf": 0.937}, "geometry": {"type": "Point", "coordinates": [19.0074076, 47.5151722]}}, {"type": "Feature", "properties": {"code": "Lk-2/SZ-6", "reg": "ii-kesz", "conf": 0.936}, "geometry": {"type": "Point", "coordinates": [19.0258357, 47.5148869]}}, {"type": "Feature", "properties": {"code": "Lk-2/SZ-5", "reg": "ii-kesz", "conf": 0.935}, "geometry": {"type": "Point", "coordinates": [19.007952, 47.5181095]}}, {"type": "Feature", "properties": {"code": "Lk-2/SZ-5", "reg": "ii-kesz", "conf": 0.935}, "geometry": {"type": "Point", "coordinates": [19.0086989, 47.5109107]}}, {"type": "Feature", "properties": {"code": "Lk-2/SZ-5", "reg": "ii-kesz", "conf": 0.935}, "geometry": {"type": "Point", "coordinates": [19.0188881, 47.5129103]}}, {"type": "Feature", "properties": {"code": "Lk-2/SZ-6", "reg": "ii-kesz", "conf": 0.933}, "geometry": {"type": "Point", "coordinates": [19.0227073, 47.51823]}}, {"type": "Feature", "properties": {"code": "Lk-2/SZ-5", "reg": "ii-kesz", "conf": 0.932}, "geometry": {"type": "Point", "coordinates": [19.0143277, 47.5120469]}}, {"type": "Feature", "properties": {"code": "Lk-2/SZ-5", "reg": "ii-kesz", "conf": 0.928}, "geometry": {"type": "Point", "coordinates": [19.0076176, 47.5117581]}}, {"type": "Feature", "properties": {"code": "Lk-2/AI/SZ-3", "reg": "ii-kesz", "conf": 0.928}, "geometry": {"type": "Point", "coordinates": [19.0153669, 47.5111881]}}, {"type": "Feature", "properties": {"code": "Lk-2/SZ-6", "reg": "ii-kesz", "conf": 0.922}, "geometry": {"type": "Point", "coordinates": [19.0162789, 47.5152731]}}, {"type": "Feature", "properties": {"code": "Lk-2/AI/SZ-4", "reg": "ii-kesz", "conf": 0.921}, "geometry": {"type": "Point", "coordinates": [19.012373, 47.5166582]}}, {"type": "Feature", "properties": {"code": "Vt-V/Z-12", "reg": "ii-kesz", "conf": 0.921}, "geometry": {"type": "Point", "coordinates": [19.0227055, 47.5107597]}}, {"type": "Feature", "properties": {"code": "Zez-2/Lk", "reg": "ii-kesz", "conf": 0.912}, "geometry": {"type": "Point", "coordinates": [19.0243652, 47.514281]}}, {"type": "Feature", "properties": {"code": "Vt-V/Z-12", "reg": "ii-kesz", "conf": 0.91}, "geometry": {"type": "Point", "coordinates": [19.0221658, 47.5100535]}}, {"type": "Feature", "properties": {"code": "Lk-2/SZ-6", "reg": "ii-kesz", "conf": 0.909}, "geometry": {"type": "Point", "coordinates": [19.0231973, 47.5179407]}}, {"type": "Feature", "properties": {"code": "Lk-2/SZ-5", "reg": "ii-kesz", "conf": 0.902}, "geometry": {"type": "Point", "coordinates": [19.0230336, 47.5145917]}}, {"type": "Feature", "properties": {"code": "Lk-2/SZ-5", "reg": "ii-kesz", "conf": 0.901}, "geometry": {"type": "Point", "coordinates": [19.0100239, 47.5180097]}}, {"type": "Feature", "properties": {"code": "Vt-V/Z-9", "reg": "ii-kesz", "conf": 0.897}, "geometry": {"type": "Point", "coordinates": [19.0245388, 47.5102067]}}, {"type": "Feature", "properties": {"code": "Vt-V/Z-8", "reg": "ii-kesz", "conf": 0.897}, "geometry": {"type": "Point", "coordinates": [19.02613, 47.5112714]}}, {"type": "Feature", "properties": {"code": "Lk-2/SZ-8", "reg": "ii-kesz", "conf": 0.89}, "geometry": {"type": "Point", "coordinates": [19.0103324, 47.515559]}}, {"type": "Feature", "properties": {"code": "Vt-V/Z-2", "reg": "ii-kesz", "conf": 0.88}, "geometry": {"type": "Point", "coordinates": [19.0240675, 47.5121802]}}, {"type": "Feature", "properties": {"code": "Vi-2/SZ-17", "reg": "ii-kesz", "conf": 0.875}, "geometry": {"type": "Point", "coordinates": [19.0114363, 47.5138913]}}, {"type": "Feature", "properties": {"code": "Vi-1/Z-4", "reg": "ii-kesz", "conf": 0.992}, "geometry": {"type": "Point", "coordinates": [19.0368038, 47.517953]}}, {"type": "Feature", "properties": {"code": "Vi-1/Z-2", "reg": "ii-kesz", "conf": 0.99}, "geometry": {"type": "Point", "coordinates": [19.0369474, 47.5190923]}}, {"type": "Feature", "properties": {"code": "Vi-1/Z-5", "reg": "ii-kesz", "conf": 0.99}, "geometry": {"type": "Point", "coordinates": [19.037238, 47.5168274]}}, {"type": "Feature", "properties": {"code": "Vt-V/SZ-3", "reg": "ii-kesz", "conf": 0.99}, "geometry": {"type": "Point", "coordinates": [19.0311039, 47.5123879]}}, {"type": "Feature", "properties": {"code": "Vt-V/Z-16", "reg": "ii-kesz", "conf": 0.989}, "geometry": {"type": "Point", "coordinates": [19.0366176, 47.5152279]}}, {"type": "Feature", "properties": {"code": "Vt-V/Z-16", "reg": "ii-kesz", "conf": 0.989}, "geometry": {"type": "Point", "coordinates": [19.0321962, 47.5100966]}}, {"type": "Feature", "properties": {"code": "Ln-2/Z-14", "reg": "ii-kesz", "conf": 0.989}, "geometry": {"type": "Point", "coordinates": [19.0365346, 47.5087379]}}, {"type": "Feature", "properties": {"code": "Vt-V/Z-21", "reg": "ii-kesz", "conf": 0.988}, "geometry": {"type": "Point", "coordinates": [19.037726, 47.510548]}}, {"type": "Feature", "properties": {"code": "Ln-2/Z-14", "reg": "ii-kesz", "conf": 0.988}, "geometry": {"type": "Point", "coordinates": [19.0361797, 47.5102356]}}, {"type": "Feature", "properties": {"code": "Ln-2/SZ-3", "reg": "ii-kesz", "conf": 0.987}, "geometry": {"type": "Point", "coordinates": [19.024404, 47.5134229]}}, {"type": "Feature", "properties": {"code": "Ln-2/SZ-4", "reg": "ii-kesz", "conf": 0.987}, "geometry": {"type": "Point", "coordinates": [19.0260192, 47.5133906]}}, {"type": "Feature", "properties": {"code": "Ln-2/SZ-1", "reg": "ii-kesz", "conf": 0.987}, "geometry": {"type": "Point", "coordinates": [19.0294046, 47.5129275]}}, {"type": "Feature", "properties": {"code": "Ln-2/Z-11", "reg": "ii-kesz", "conf": 0.987}, "geometry": {"type": "Point", "coordinates": [19.0269164, 47.5117474]}}, {"type": "Feature", "properties": {"code": "Ln-2/Z-2", "reg": "ii-kesz", "conf": 0.987}, "geometry": {"type": "Point", "coordinates": [19.0294917, 47.5115409]}}, {"type": "Feature", "properties": {"code": "Vt-V/Z-16", "reg": "ii-kesz", "conf": 0.987}, "geometry": {"type": "Point", "coordinates": [19.0330418, 47.5103209]}}, {"type": "Feature", "properties": {"code": "Vt-V/Z-24", "reg": "ii-kesz", "conf": 0.986}, "geometry": {"type": "Point", "coordinates": [19.0372402, 47.5134702]}}, {"type": "Feature", "properties": {"code": "Vt-V/Z-19", "reg": "ii-kesz", "conf": 0.986}, "geometry": {"type": "Point", "coordinates": [19.0387689, 47.5113471]}}, {"type": "Feature", "properties": {"code": "Ln-2/Z-13", "reg": "ii-kesz", "conf": 0.985}, "geometry": {"type": "Point", "coordinates": [19.0310325, 47.5154131]}}, {"type": "Feature", "properties": {"code": "Zkp-Kk/8", "reg": "ii-kesz", "conf": 0.985}, "geometry": {"type": "Point", "coordinates": [19.03874, 47.515618]}}, {"type": "Feature", "properties": {"code": "Vt-V/Z-24", "reg": "ii-kesz", "conf": 0.985}, "geometry": {"type": "Point", "coordinates": [19.0388205, 47.5096662]}}, {"type": "Feature", "properties": {"code": "Vi-1/Z-1", "reg": "ii-kesz", "conf": 0.984}, "geometry": {"type": "Point", "coordinates": [19.0376452, 47.5157877]}}, {"type": "Feature", "properties": {"code": "Vt-V/Z-24", "reg": "ii-kesz", "conf": 0.984}, "geometry": {"type": "Point", "coordinates": [19.038158, 47.5129926]}}, {"type": "Feature", "properties": {"code": "Ln-2/Z-14", "reg": "ii-kesz", "conf": 0.984}, "geometry": {"type": "Point", "coordinates": [19.0349487, 47.5109824]}}, {"type": "Feature", "properties": {"code": "Ln-2/SZ-3", "reg": "ii-kesz", "conf": 0.983}, "geometry": {"type": "Point", "coordinates": [19.0258964, 47.5138464]}}, {"type": "Feature", "properties": {"code": "Ln-2/SZ-3", "reg": "ii-kesz", "conf": 0.983}, "geometry": {"type": "Point", "coordinates": [19.0273785, 47.5135175]}}, {"type": "Feature", "properties": {"code": "Zkp-Kk/8", "reg": "ii-kesz", "conf": 0.983}, "geometry": {"type": "Point", "coordinates": [19.0390781, 47.5141878]}}, {"type": "Feature", "properties": {"code": "Ln-2/Z-13", "reg": "ii-kesz", "conf": 0.983}, "geometry": {"type": "Point", "coordinates": [19.0336139, 47.508688]}}, {"type": "Feature", "properties": {"code": "Vt-V/Z-24", "reg": "ii-kesz", "conf": 0.983}, "geometry": {"type": "Point", "coordinates": [19.0386718, 47.5080734]}}, {"type": "Feature", "properties": {"code": "Vt-V/Z-13", "reg": "ii-kesz", "conf": 0.982}, "geometry": {"type": "Point", "coordinates": [19.0361111, 47.5167337]}}, {"type": "Feature", "properties": {"code": "Ln-2/Z-13", "reg": "ii-kesz", "conf": 0.982}, "geometry": {"type": "Point", "coordinates": [19.0323405, 47.5083687]}}, {"type": "Feature", "properties": {"code": "Vt-V/Z-10", "reg": "ii-kesz", "conf": 0.981}, "geometry": {"type": "Point", "coordinates": [19.0359849, 47.5171047]}}, {"type": "Feature", "properties": {"code": "Vt-V/Z-16", "reg": "ii-kesz", "conf": 0.981}, "geometry": {"type": "Point", "coordinates": [19.0308154, 47.5110781]}}, {"type": "Feature", "properties": {"code": "Vt-V/Te", "reg": "ii-kesz", "conf": 0.981}, "geometry": {"type": "Point", "coordinates": [19.0378896, 47.5112293]}}, {"type": "Feature", "properties": {"code": "Zkp-Kk/8", "reg": "ii-kesz", "conf": 0.98}, "geometry": {"type": "Point", "coordinates": [19.0379393, 47.5187784]}}, {"type": "Feature", "properties": {"code": "Ln-2/Z-2", "reg": "ii-kesz", "conf": 0.98}, "geometry": {"type": "Point", "coordinates": [19.0305719, 47.5130945]}}, {"type": "Feature", "properties": {"code": "Vt-V/Z-16", "reg": "ii-kesz", "conf": 0.98}, "geometry": {"type": "Point", "coordinates": [19.0377561, 47.5148773]}}, {"type": "Feature", "properties": {"code": "Lk-2/SZ-17", "reg": "ii-kesz", "conf": 0.979}, "geometry": {"type": "Point", "coordinates": [19.0336174, 47.5189474]}}, {"type": "Feature", "properties": {"code": "Zkp-Kk/2", "reg": "ii-kesz", "conf": 0.979}, "geometry": {"type": "Point", "coordinates": [19.0348492, 47.5156209]}}, {"type": "Feature", "properties": {"code": "Vt-V/SZ-2", "reg": "ii-kesz", "conf": 0.979}, "geometry": {"type": "Point", "coordinates": [19.0341579, 47.5133459]}}, {"type": "Feature", "properties": {"code": "Ln-2/Z-13", "reg": "ii-kesz", "conf": 0.979}, "geometry": {"type": "Point", "coordinates": [19.0307219, 47.5083586]}}, {"type": "Feature", "properties": {"code": "Ln-2/Z-6", "reg": "ii-kesz", "conf": 0.978}, "geometry": {"type": "Point", "coordinates": [19.0301919, 47.5151384]}}, {"type": "Feature", "properties": {"code": "Vt-V/Z-25", "reg": "ii-kesz", "conf": 0.978}, "geometry": {"type": "Point", "coordinates": [19.033359, 47.5117853]}}, {"type": "Feature", "properties": {"code": "Ln-2/EI/Z-1", "reg": "ii-kesz", "conf": 0.977}, "geometry": {"type": "Point", "coordinates": [19.0358032, 47.5176154]}}, {"type": "Feature", "properties": {"code": "Zkp-Kk/8", "reg": "ii-kesz", "conf": 0.977}, "geometry": {"type": "Point", "coordinates": [19.0328435, 47.5164491]}}, {"type": "Feature", "properties": {"code": "Ln-2/Te", "reg": "ii-kesz", "conf": 0.976}, "geometry": {"type": "Point", "coordinates": [19.0247963, 47.5131378]}}, {"type": "Feature", "properties": {"code": "Zez-2/Lk", "reg": "ii-kesz", "conf": 0.976}, "geometry": {"type": "Point", "coordinates": [19.0324709, 47.5153969]}}, {"type": "Feature", "properties": {"code": "Ln-2/EI/SZ-1", "reg": "ii-kesz", "conf": 0.976}, "geometry": {"type": "Point", "coordinates": [19.0305806, 47.5141663]}}, {"type": "Feature", "properties": {"code": "Zkp-Kk/8", "reg": "ii-kesz", "conf": 0.976}, "geometry": {"type": "Point", "coordinates": [19.0278485, 47.5085583]}}, {"type": "Feature", "properties": {"code": "Ln-2/Z-12", "reg": "ii-kesz", "conf": 0.975}, "geometry": {"type": "Point", "coordinates": [19.0272301, 47.5128008]}}, {"type": "Feature", "properties": {"code": "Zkp-Kk/5", "reg": "ii-kesz", "conf": 0.975}, "geometry": {"type": "Point", "coordinates": [19.0252621, 47.5107996]}}, {"type": "Feature", "properties": {"code": "Zkp-Kk/8", "reg": "ii-kesz", "conf": 0.975}, "geometry": {"type": "Point", "coordinates": [19.0378029, 47.5088178]}}, {"type": "Feature", "properties": {"code": "Ln-2/Z-14", "reg": "ii-kesz", "conf": 0.974}, "geometry": {"type": "Point", "coordinates": [19.0350186, 47.5083889]}}, {"type": "Feature", "properties": {"code": "Vt-V/Z-25", "reg": "ii-kesz", "conf": 0.973}, "geometry": {"type": "Point", "coordinates": [19.0349902, 47.5140992]}}, {"type": "Feature", "properties": {"code": "Zkp-Kk/8", "reg": "ii-kesz", "conf": 0.972}, "geometry": {"type": "Point", "coordinates": [19.0379761, 47.5181109]}}, {"type": "Feature", "properties": {"code": "Vt-V/Z-13", "reg": "ii-kesz", "conf": 0.972}, "geometry": {"type": "Point", "coordinates": [19.0347647, 47.5148847]}}, {"type": "Feature", "properties": {"code": "Vt-V/Z-20", "reg": "ii-kesz", "conf": 0.972}, "geometry": {"type": "Point", "coordinates": [19.0281457, 47.5110075]}}, {"type": "Feature", "properties": {"code": "Vt-V/SZ-1", "reg": "ii-kesz", "conf": 0.971}, "geometry": {"type": "Point", "coordinates": [19.0329907, 47.5135167]}}, {"type": "Feature", "properties": {"code": "Vt-V/Z-24", "reg": "ii-kesz", "conf": 0.971}, "geometry": {"type": "Point", "coordinates": [19.0379158, 47.5139693]}}, {"type": "Feature", "properties": {"code": "Ln-2/Z-14", "reg": "ii-kesz", "conf": 0.971}, "geometry": {"type": "Point", "coordinates": [19.0363856, 47.5114058]}}, {"type": "Feature", "properties": {"code": "Zkp-Kk/10", "reg": "ii-kesz", "conf": 0.971}, "geometry": {"type": "Point", "coordinates": [19.0385704, 47.5122471]}}, {"type": "Feature", "properties": {"code": "Lk-2/Z-1", "reg": "ii-kesz", "conf": 0.97}, "geometry": {"type": "Point", "coordinates": [19.0335975, 47.5150005]}}, {"type": "Feature", "properties": {"code": "Ln-2/Z-5", "reg": "ii-kesz", "conf": 0.97}, "geometry": {"type": "Point", "coordinates": [19.0313772, 47.5137287]}}, {"type": "Feature", "properties": {"code": "Vt-V/Z-16", "reg": "ii-kesz", "conf": 0.97}, "geometry": {"type": "Point", "coordinates": [19.0309229, 47.5101139]}}, {"type": "Feature", "properties": {"code": "Vt-V/Z-16", "reg": "ii-kesz", "conf": 0.97}, "geometry": {"type": "Point", "coordinates": [19.0288927, 47.5083853]}}, {"type": "Feature", "properties": {"code": "Vt-V/Z-24", "reg": "ii-kesz", "conf": 0.969}, "geometry": {"type": "Point", "coordinates": [19.0389295, 47.5131207]}}, {"type": "Feature", "properties": {"code": "Vt-V/Z-16", "reg": "ii-kesz", "conf": 0.969}, "geometry": {"type": "Point", "coordinates": [19.0339245, 47.510607]}}, {"type": "Feature", "properties": {"code": "Ln-2/Z-1", "reg": "ii-kesz", "conf": 0.969}, "geometry": {"type": "Point", "coordinates": [19.0335921, 47.5086925]}}, {"type": "Feature", "properties": {"code": "Zkp-Kk/8", "reg": "ii-kesz", "conf": 0.968}, "geometry": {"type": "Point", "coordinates": [19.0321127, 47.5121531]}}, {"type": "Feature", "properties": {"code": "Vt-V/Z-21", "reg": "ii-kesz", "conf": 0.968}, "geometry": {"type": "Point", "coordinates": [19.037614, 47.5080656]}}, {"type": "Feature", "properties": {"code": "Lk-2/EI/SZ-1", "reg": "ii-kesz", "conf": 0.967}, "geometry": {"type": "Point", "coordinates": [19.0308346, 47.5181017]}}, {"type": "Feature", "properties": {"code": "Vt-V/Z-17", "reg": "ii-kesz", "conf": 0.967}, "geometry": {"type": "Point", "coordinates": [19.0267286, 47.509328]}}, {"type": "Feature", "properties": {"code": "Lk-2/SZ-5", "reg": "ii-kesz", "conf": 0.966}, "geometry": {"type": "Point", "coordinates": [19.0329994, 47.5193574]}}, {"type": "Feature", "properties": {"code": "Lk-2/SZ-5", "reg": "ii-kesz", "conf": 0.966}, "geometry": {"type": "Point", "coordinates": [19.0249805, 47.5147969]}}, {"type": "Feature", "properties": {"code": "Zkp-Kk/6", "reg": "ii-kesz", "conf": 0.966}, "geometry": {"type": "Point", "coordinates": [19.0269798, 47.5097802]}}, {"type": "Feature", "properties": {"code": "Ln-2/Z-10", "reg": "ii-kesz", "conf": 0.965}, "geometry": {"type": "Point", "coordinates": [19.0259868, 47.5122227]}}, {"type": "Feature", "properties": {"code": "Lk-2/SZ-5", "reg": "ii-kesz", "conf": 0.964}, "geometry": {"type": "Point", "coordinates": [19.0244866, 47.5186786]}}, {"type": "Feature", "properties": {"code": "Vt-V/Z-26", "reg": "ii-kesz", "conf": 0.964}, "geometry": {"type": "Point", "coordinates": [19.0249386, 47.5103725]}}, {"type": "Feature", "properties": {"code": "Lk-2/SZ-12", "reg": "ii-kesz", "conf": 0.963}, "geometry": {"type": "Point", "coordinates": [19.0303735, 47.5192628]}}, {"type": "Feature", "properties": {"code": "Ln-2/EI/SZ-3", "reg": "ii-kesz", "conf": 0.962}, "geometry": {"type": "Point", "coordinates": [19.0353295, 47.5115159]}}, {"type": "Feature", "properties": {"code": "Vt-V/Z-21", "reg": "ii-kesz", "conf": 0.962}, "geometry": {"type": "Point", "coordinates": [19.0376876, 47.5114434]}}, {"type": "Feature", "properties": {"code": "Vt-V/Z-12", "reg": "ii-kesz", "conf": 0.962}, "geometry": {"type": "Point", "coordinates": [19.0240842, 47.5092265]}}, {"type": "Feature", "properties": {"code": "Lk-2/SZ-6", "reg": "ii-kesz", "conf": 0.961}, "geometry": {"type": "Point", "coordinates": [19.0240858, 47.5189306]}}, {"type": "Feature", "properties": {"code": "Lk-2/SZ-6", "reg": "ii-kesz", "conf": 0.961}, "geometry": {"type": "Point", "coordinates": [19.0283718, 47.5170589]}}, {"type": "Feature", "properties": {"code": "Ln-2/EI/Z-2", "reg": "ii-kesz", "conf": 0.96}, "geometry": {"type": "Point", "coordinates": [19.0356569, 47.518188]}}, {"type": "Feature", "properties": {"code": "Ln-2/AI/SZ-2", "reg": "ii-kesz", "conf": 0.96}, "geometry": {"type": "Point", "coordinates": [19.0277035, 47.5131201]}}, {"type": "Feature", "properties": {"code": "Vt-V/Z-1", "reg": "ii-kesz", "conf": 0.96}, "geometry": {"type": "Point", "coordinates": [19.0345671, 47.5131431]}}, {"type": "Feature", "properties": {"code": "Lk-2/SZ-5", "reg": "ii-kesz", "conf": 0.959}, "geometry": {"type": "Point", "coordinates": [19.0297226, 47.517116]}}, {"type": "Feature", "properties": {"code": "Zkp-Rek", "reg": "ii-kesz", "conf": 0.959}, "geometry": {"type": "Point", "coordinates": [19.0283219, 47.5088995]}}, {"type": "Feature", "properties": {"code": "Lk-2/SZ-7", "reg": "ii-kesz", "conf": 0.958}, "geometry": {"type": "Point", "coordinates": [19.0309083, 47.5169841]}}, {"type": "Feature", "properties": {"code": "Vt-V/Z-1", "reg": "ii-kesz", "conf": 0.958}, "geometry": {"type": "Point", "coordinates": [19.0338057, 47.5128936]}}, {"type": "Feature", "properties": {"code": "Vt-V/Z-3", "reg": "ii-kesz", "conf": 0.958}, "geometry": {"type": "Point", "coordinates": [19.0277177, 47.5103137]}}, {"type": "Feature", "properties": {"code": "Lk-2/SZ-6", "reg": "ii-kesz", "conf": 0.957}, "geometry": {"type": "Point", "coordinates": [19.0289772, 47.5193501]}}, {"type": "Feature", "properties": {"code": "Ln-2/EI/Z-4", "reg": "ii-kesz", "conf": 0.957}, "geometry": {"type": "Point", "coordinates": [19.0357582, 47.5191486]}}, {"type": "Feature", "properties": {"code": "Lk-2/SZ-15", "reg": "ii-kesz", "conf": 0.957}, "geometry": {"type": "Point", "coordinates": [19.0332069, 47.5154838]}}, {"type": "Feature", "properties": {"code": "Vt-V/Z-15", "reg": "ii-kesz", "conf": 0.957}, "geometry": {"type": "Point", "coordinates": [19.0254113, 47.5087843]}}, {"type": "Feature", "properties": {"code": "Lk-2/SZ-6", "reg": "ii-kesz", "conf": 0.956}, "geometry": {"type": "Point", "coordinates": [19.0258513, 47.5148895]}}, {"type": "Feature", "properties": {"code": "Vt-V/Z-13", "reg": "ii-kesz", "conf": 0.956}, "geometry": {"type": "Point", "coordinates": [19.0356643, 47.5153769]}}, {"type": "Feature", "properties": {"code": "Ln-2/EI/Z-3", "reg": "ii-kesz", "conf": 0.956}, "geometry": {"type": "Point", "coordinates": [19.0276103, 47.5116477]}}, {"type": "Feature", "properties": {"code": "Lk-2/SZ-5", "reg": "ii-kesz", "conf": 0.955}, "geometry": {"type": "Point", "coordinates": [19.0245972, 47.5170469]}}, {"type": "Feature", "properties": {"code": "Zkp-Kk/8", "reg": "ii-kesz", "conf": 0.955}, "geometry": {"type": "Point", "coordinates": [19.0338736, 47.5144291]}}, {"type": "Feature", "properties": {"code": "Vt-V/Z-23", "reg": "ii-kesz", "conf": 0.955}, "geometry": {"type": "Point", "coordinates": [19.0366085, 47.5132459]}}, {"type": "Feature", "properties": {"code": "Ln-2/AI/SZ-1", "reg": "ii-kesz", "conf": 0.955}, "geometry": {"type": "Point", "coordinates": [19.0311868, 47.5086803]}}, {"type": "Feature", "properties": {"code": "Lk-2/SZ-16", "reg": "ii-kesz", "conf": 0.954}, "geometry": {"type": "Point", "coordinates": [19.034188, 47.5178962]}}, {"type": "Feature", "properties": {"code": "Ln-2/AI/Z-4", "reg": "ii-kesz", "conf": 0.954}, "geometry": {"type": "Point", "coordinates": [19.0362733, 47.5082261]}}, {"type": "Feature", "properties": {"code": "Lk-2/EI/SZ-12", "reg": "ii-kesz", "conf": 0.953}, "geometry": {"type": "Point", "coordinates": [19.0288608, 47.5186562]}}, {"type": "Feature", "properties": {"code": "Lk-2/SZ-15", "reg": "ii-kesz", "conf": 0.953}, "geometry": {"type": "Point", "coordinates": [19.0335374, 47.5163494]}}, {"type": "Feature", "properties": {"code": "Zkp-Kk/3", "reg": "ii-kesz", "conf": 0.953}, "geometry": {"type": "Point", "coordinates": [19.0351547, 47.5174254]}}, {"type": "Feature", "properties": {"code": "Vt-V/Z-22", "reg": "ii-kesz", "conf": 0.952}, "geometry": {"type": "Point", "coordinates": [19.0291495, 47.5107715]}}, {"type": "Feature", "properties": {"code": "Lk-2/SZ-5", "reg": "ii-kesz", "conf": 0.951}, "geometry": {"type": "Point", "coordinates": [19.0258773, 47.5171521]}}, {"type": "Feature", "properties": {"code": "Lk-2/SZ-15", "reg": "ii-kesz", "conf": 0.951}, "geometry": {"type": "Point", "coordinates": [19.0335357, 47.5163494]}}, {"type": "Feature", "properties": {"code": "Ln-2/AI/Z-2", "reg": "ii-kesz", "conf": 0.951}, "geometry": {"type": "Point", "coordinates": [19.0252209, 47.5133621]}}, {"type": "Feature", "properties": {"code": "Lk-2/SZ-5", "reg": "ii-kesz", "conf": 0.951}, "geometry": {"type": "Point", "coordinates": [19.0290719, 47.5155382]}}, {"type": "Feature", "properties": {"code": "Vt-V/Z-5", "reg": "ii-kesz", "conf": 0.951}, "geometry": {"type": "Point", "coordinates": [19.0356225, 47.5161887]}}, {"type": "Feature", "properties": {"code": "Lk-2/SZ-6", "reg": "ii-kesz", "conf": 0.95}, "geometry": {"type": "Point", "coordinates": [19.0240984, 47.5163611]}}, {"type": "Feature", "properties": {"code": "Lk-2/SZ-16", "reg": "ii-kesz", "conf": 0.95}, "geometry": {"type": "Point", "coordinates": [19.0339144, 47.5154791]}}, {"type": "Feature", "properties": {"code": "Vt-V/Z-24", "reg": "ii-kesz", "conf": 0.95}, "geometry": {"type": "Point", "coordinates": [19.03874, 47.510628]}}, {"type": "Feature", "properties": {"code": "Lk-2/SZ-15", "reg": "ii-kesz", "conf": 0.949}, "geometry": {"type": "Point", "coordinates": [19.0335716, 47.5179215]}}, {"type": "Feature", "properties": {"code": "Lk-2/SZ-5", "reg": "ii-kesz", "conf": 0.948}, "geometry": {"type": "Point", "coordinates": [19.0250296, 47.5156099]}}, {"type": "Feature", "properties": {"code": "Lk-2/Z-2", "reg": "ii-kesz", "conf": 0.948}, "geometry": {"type": "Point", "coordinates": [19.034315, 47.514942]}}, {"type": "Feature", "properties": {"code": "Lk-2/SZ-5", "reg": "ii-kesz", "conf": 0.946}, "geometry": {"type": "Point", "coordinates": [19.0325307, 47.5179514]}}, {"type": "Feature", "properties": {"code": "Zkp-Kk/7", "reg": "ii-kesz", "conf": 0.945}, "geometry": {"type": "Point", "coordinates": [19.0343373, 47.5159164]}}, {"type": "Feature", "properties": {"code": "Ln-2/Z-14", "reg": "ii-kesz", "conf": 0.943}, "geometry": {"type": "Point", "coordinates": [19.0364207, 47.5107497]}}, {"type": "Feature", "properties": {"code": "Lk-2/SZ-5", "reg": "ii-kesz", "conf": 0.942}, "geometry": {"type": "Point", "coordinates": [19.0281632, 47.517912]}}, {"type": "Feature", "properties": {"code": "Lk-2/SZ-5", "reg": "ii-kesz", "conf": 0.942}, "geometry": {"type": "Point", "coordinates": [19.0315633, 47.5163749]}}, {"type": "Feature", "properties": {"code": "Lk-2/SZ-6", "reg": "ii-kesz", "conf": 0.941}, "geometry": {"type": "Point", "coordinates": [19.0287544, 47.5179074]}}, {"type": "Feature", "properties": {"code": "Lk-2/SZ-5", "reg": "ii-kesz", "conf": 0.94}, "geometry": {"type": "Point", "coordinates": [19.0316079, 47.5187027]}}, {"type": "Feature", "properties": {"code": "Ln-2/AI/Z-3", "reg": "ii-kesz", "conf": 0.94}, "geometry": {"type": "Point", "coordinates": [19.0297252, 47.5146576]}}, {"type": "Feature", "properties": {"code": "Lk-2/SZ-5", "reg": "ii-kesz", "conf": 0.939}, "geometry": {"type": "Point", "coordinates": [19.0246161, 47.5181519]}}, {"type": "Feature", "properties": {"code": "Lk-2/SZ-5", "reg": "ii-kesz", "conf": 0.939}, "geometry": {"type": "Point", "coordinates": [19.0241276, 47.5179825]}}, {"type": "Feature", "properties": {"code": "Lk-2/EI/SZ-2", "reg": "ii-kesz", "conf": 0.939}, "geometry": {"type": "Point", "coordinates": [19.0295967, 47.5182507]}}, {"type": "Feature", "properties": {"code": "Vt-V/Z-2", "reg": "ii-kesz", "conf": 0.938}, "geometry": {"type": "Point", "coordinates": [19.0240633, 47.5121852]}}, {"type": "Feature", "properties": {"code": "Lk-2/SZ-6", "reg": "ii-kesz", "conf": 0.937}, "geometry": {"type": "Point", "coordinates": [19.0261237, 47.5186623]}}, {"type": "Feature", "properties": {"code": "Lk-2/SZ-7", "reg": "ii-kesz", "conf": 0.936}, "geometry": {"type": "Point", "coordinates": [19.0302111, 47.5170506]}}, {"type": "Feature", "properties": {"code": "Lk-2/SZ-3", "reg": "ii-kesz", "conf": 0.936}, "geometry": {"type": "Point", "coordinates": [19.034308, 47.5190492]}}, {"type": "Feature", "properties": {"code": "Lk-2/SZ-5", "reg": "ii-kesz", "conf": 0.936}, "geometry": {"type": "Point", "coordinates": [19.0278875, 47.5145869]}}, {"type": "Feature", "properties": {"code": "Lk-2/SZ-6", "reg": "ii-kesz", "conf": 0.935}, "geometry": {"type": "Point", "coordinates": [19.025686, 47.5192361]}}, {"type": "Feature", "properties": {"code": "Lk-2/SZ-6", "reg": "ii-kesz", "conf": 0.935}, "geometry": {"type": "Point", "coordinates": [19.0289664, 47.5171207]}}, {"type": "Feature", "properties": {"code": "Vt-V/Z-8", "reg": "ii-kesz", "conf": 0.933}, "geometry": {"type": "Point", "coordinates": [19.0261398, 47.51127]}}, {"type": "Feature", "properties": {"code": "Lk-2/SZ-7", "reg": "ii-kesz", "conf": 0.929}, "geometry": {"type": "Point", "coordinates": [19.0323179, 47.5162637]}}, {"type": "Feature", "properties": {"code": "Lk-2/SZ-6", "reg": "ii-kesz", "conf": 0.929}, "geometry": {"type": "Point", "coordinates": [19.026131, 47.5151814]}}, {"type": "Feature", "properties": {"code": "Lk-2/AI/SZ-4", "reg": "ii-kesz", "conf": 0.928}, "geometry": {"type": "Point", "coordinates": [19.0277621, 47.5171529]}}, {"type": "Feature", "properties": {"code": "Lk-2/EI/SZ-18", "reg": "ii-kesz", "conf": 0.928}, "geometry": {"type": "Point", "coordinates": [19.0273809, 47.5156496]}}, {"type": "Feature", "properties": {"code": "Vt-V/Z-4", "reg": "ii-kesz", "conf": 0.927}, "geometry": {"type": "Point", "coordinates": [19.0320205, 47.5133599]}}, {"type": "Feature", "properties": {"code": "Vt-V/Z-16", "reg": "ii-kesz", "conf": 0.927}, "geometry": {"type": "Point", "coordinates": [19.0352473, 47.5123381]}}, {"type": "Feature", "properties": {"code": "Zez-2/Lk", "reg": "ii-kesz", "conf": 0.924}, "geometry": {"type": "Point", "coordinates": [19.0243841, 47.5142863]}}, {"type": "Feature", "properties": {"code": "Ln-2/Z-5", "reg": "ii-kesz", "conf": 0.91}, "geometry": {"type": "Point", "coordinates": [19.031812, 47.5146309]}}, {"type": "Feature", "properties": {"code": "Zkk-1/Ln", "reg": "ii-kesz", "conf": 0.899}, "geometry": {"type": "Point", "coordinates": [19.0267127, 47.5119684]}}, {"type": "Feature", "properties": {"code": "Lk-2/SZ-5", "reg": "ii-kesz", "conf": 0.887}, "geometry": {"type": "Point", "coordinates": [19.0273474, 47.5161208]}}, {"type": "Feature", "properties": {"code": "Vt-V/Z-9", "reg": "ii-kesz", "conf": 0.887}, "geometry": {"type": "Point", "coordinates": [19.0245494, 47.5102077]}}, {"type": "Feature", "properties": {"code": "Lk-2/SZ-5", "reg": "ii-kesz", "conf": 0.869}, "geometry": {"type": "Point", "coordinates": [19.0273474, 47.5161213]}}]}