{"type": "FeatureCollection", "features": [{"type": "Feature", "properties": {"code": "K-Hon/1", "reg": "x-kesz", "conf": 0.999}, "geometry": {"type": "Point", "coordinates": [19.1122953, 47.4984907]}}, {"type": "Feature", "properties": {"code": "K-Sp/5", "reg": "x-kesz", "conf": 0.998}, "geometry": {"type": "Point", "coordinates": [19.1257626, 47.4989377]}}, {"type": "Feature", "properties": {"code": "Gksz-1/29", "reg": "x-kesz", "conf": 0.998}, "geometry": {"type": "Point", "coordinates": [19.1170389, 47.4973402]}}, {"type": "Feature", "properties": {"code": "K-Hon/2", "reg": "x-kesz", "conf": 0.998}, "geometry": {"type": "Point", "coordinates": [19.11164, 47.4952297]}}, {"type": "Feature", "properties": {"code": "K-Hon/1", "reg": "x-kesz", "conf": 0.998}, "geometry": {"type": "Point", "coordinates": [19.1159573, 47.4946436]}}, {"type": "Feature", "properties": {"code": "Vi-2/76", "reg": "x-kesz", "conf": 0.997}, "geometry": {"type": "Point", "coordinates": [19.1168473, 47.4999735]}}, {"type": "Feature", "properties": {"code": "K-Hon/4", "reg": "x-kesz", "conf": 0.996}, "geometry": {"type": "Point", "coordinates": [19.1158596, 47.4962751]}}, {"type": "Feature", "properties": {"code": "Ln-3/AI-1", "reg": "x-kesz", "conf": 0.995}, "geometry": {"type": "Point", "coordinates": [19.1117315, 47.492534]}}, {"type": "Feature", "properties": {"code": "Vi-2/9", "reg": "x-kesz", "conf": 0.987}, "geometry": {"type": "Point", "coordinates": [19.1146623, 47.4964416]}}, {"type": "Feature", "properties": {"code": "Ln-3/3", "reg": "x-kesz", "conf": 0.987}, "geometry": {"type": "Point", "coordinates": [19.1096127, 47.4931746]}}, {"type": "Feature", "properties": {"code": "Ln-3/3", "reg": "x-kesz", "conf": 0.983}, "geometry": {"type": "Point", "coordinates": [19.1115302, 47.4915593]}}, {"type": "Feature", "properties": {"code": "K-Hon/3", "reg": "x-kesz", "conf": 0.983}, "geometry": {"type": "Point", "coordinates": [19.1133608, 47.4914645]}}, {"type": "Feature", "properties": {"code": "Ln-3/5", "reg": "x-kesz", "conf": 0.961}, "geometry": {"type": "Point", "coordinates": [19.1101651, 47.4923701]}}, {"type": "Feature", "properties": {"code": "Ev-Ve/1", "reg": "x-kesz", "conf": 1.0}, "geometry": {"type": "Point", "coordinates": [19.157776, 47.4921333]}}, {"type": "Feature", "properties": {"code": "Ek/1", "reg": "x-kesz", "conf": 0.999}, "geometry": {"type": "Point", "coordinates": [19.1556681, 47.5040906]}}, {"type": "Feature", "properties": {"code": "Ln-T/12", "reg": "x-kesz", "conf": 0.999}, "geometry": {"type": "Point", "coordinates": [19.1438946, 47.501584]}}, {"type": "Feature", "properties": {"code": "Ln-T/12", "reg": "x-kesz", "conf": 0.999}, "geometry": {"type": "Point", "coordinates": [19.1455546, 47.5017683]}}, {"type": "Feature", "properties": {"code": "Lke-1/21", "reg": "x-kesz", "conf": 0.999}, "geometry": {"type": "Point", "coordinates": [19.1551273, 47.5037174]}}, {"type": "Feature", "properties": {"code": "Lke-1/20", "reg": "x-kesz", "conf": 0.999}, "geometry": {"type": "Point", "coordinates": [19.1565816, 47.502589]}}, {"type": "Feature", "properties": {"code": "Lke-1/21", "reg": "x-kesz", "conf": 0.999}, "geometry": {"type": "Point", "coordinates": [19.1558525, 47.5024108]}}, {"type": "Feature", "properties": {"code": "Ln-T/12", "reg": "x-kesz", "conf": 0.999}, "geometry": {"type": "Point", "coordinates": [19.1400591, 47.5011499]}}, {"type": "Feature", "properties": {"code": "Ev-Ve/1", "reg": "x-kesz", "conf": 0.999}, "geometry": {"type": "Point", "coordinates": [19.1475441, 47.5006407]}}, {"type": "Feature", "properties": {"code": "Ev-Ve/1", "reg": "x-kesz", "conf": 0.999}, "geometry": {"type": "Point", "coordinates": [19.1512738, 47.4979868]}}, {"type": "Feature", "properties": {"code": "Lke-1/23", "reg": "x-kesz", "conf": 0.999}, "geometry": {"type": "Point", "coordinates": [19.1544679, 47.5007103]}}, {"type": "Feature", "properties": {"code": "K-Tp", "reg": "x-kesz", "conf": 0.999}, "geometry": {"type": "Point", "coordinates": [19.1517645, 47.4950718]}}, {"type": "Feature", "properties": {"code": "K-Sp/5", "reg": "x-kesz", "conf": 0.999}, "geometry": {"type": "Point", "coordinates": [19.1365436, 47.493892]}}, {"type": "Feature", "properties": {"code": "Ev-Ve/1", "reg": "x-kesz", "conf": 0.999}, "geometry": {"type": "Point", "coordinates": [19.1506137, 47.493346]}}, {"type": "Feature", "properties": {"code": "Ev-Ve/1", "reg": "x-kesz", "conf": 0.999}, "geometry": {"type": "Point", "coordinates": [19.15257, 47.4924005]}}, {"type": "Feature", "properties": {"code": "Ev-Ve/1", "reg": "x-kesz", "conf": 0.999}, "geometry": {"type": "Point", "coordinates": [19.15853, 47.4929749]}}, {"type": "Feature", "properties": {"code": "Lke-1/6", "reg": "x-kesz", "conf": 0.998}, "geometry": {"type": "Point", "coordinates": [19.1596129, 47.5044327]}}, {"type": "Feature", "properties": {"code": "Ln-T/23", "reg": "x-kesz", "conf": 0.998}, "geometry": {"type": "Point", "coordinates": [19.1375044, 47.5014589]}}, {"type": "Feature", "properties": {"code": "Ln-T/12", "reg": "x-kesz", "conf": 0.998}, "geometry": {"type": "Point", "coordinates": [19.1383605, 47.500961]}}, {"type": "Feature", "properties": {"code": "Ln-T/31", "reg": "x-kesz", "conf": 0.998}, "geometry": {"type": "Point", "coordinates": [19.1452587, 47.503054]}}, {"type": "Feature", "properties": {"code": "Ln-T/28", "reg": "x-kesz", "conf": 0.998}, "geometry": {"type": "Point", "coordinates": [19.1430736, 47.5029307]}}, {"type": "Feature", "properties": {"code": "Ln-T/12", "reg": "x-kesz", "conf": 0.998}, "geometry": {"type": "Point", "coordinates": [19.1417108, 47.5013381]}}, {"type": "Feature", "properties": {"code": "Ln-T/32", "reg": "x-kesz", "conf": 0.998}, "geometry": {"type": "Point", "coordinates": [19.1463194, 47.5033831]}}, {"type": "Feature", "properties": {"code": "Ln-T/28", "reg": "x-kesz", "conf": 0.998}, "geometry": {"type": "Point", "coordinates": [19.147196, 47.50304]}}, {"type": "Feature", "properties": {"code": "Kb-Rek-1", "reg": "x-kesz", "conf": 0.998}, "geometry": {"type": "Point", "coordinates": [19.1488808, 47.5007852]}}, {"type": "Feature", "properties": {"code": "Lke-1/19", "reg": "x-kesz", "conf": 0.998}, "geometry": {"type": "Point", "coordinates": [19.1551249, 47.5022875]}}, {"type": "Feature", "properties": {"code": "Ek/3", "reg": "x-kesz", "conf": 0.998}, "geometry": {"type": "Point", "coordinates": [19.1586529, 47.5030286]}}, {"type": "Feature", "properties": {"code": "Vi-2/56", "reg": "x-kesz", "conf": 0.998}, "geometry": {"type": "Point", "coordinates": [19.1386968, 47.4985582]}}, {"type": "Feature", "properties": {"code": "Vi-2/45", "reg": "x-kesz", "conf": 0.998}, "geometry": {"type": "Point", "coordinates": [19.140068, 47.4980795]}}, {"type": "Feature", "properties": {"code": "Vi-2/44", "reg": "x-kesz", "conf": 0.998}, "geometry": {"type": "Point", "coordinates": [19.1482588, 47.4989388]}}, {"type": "Feature", "properties": {"code": "Vi-2/44", "reg": "x-kesz", "conf": 0.998}, "geometry": {"type": "Point", "coordinates": [19.1497295, 47.4987544]}}, {"type": "Feature", "properties": {"code": "K-Sp/5", "reg": "x-kesz", "conf": 0.998}, "geometry": {"type": "Point", "coordinates": [19.1280314, 47.4975035]}}, {"type": "Feature", "properties": {"code": "K-Sp/4", "reg": "x-kesz", "conf": 0.998}, "geometry": {"type": "Point", "coordinates": [19.1352856, 47.4979625]}}, {"type": "Feature", "properties": {"code": "Vi-2/43", "reg": "x-kesz", "conf": 0.998}, "geometry": {"type": "Point", "coordinates": [19.1413758, 47.495888]}}, {"type": "Feature", "properties": {"code": "Gksz-2/17", "reg": "x-kesz", "conf": 0.998}, "geometry": {"type": "Point", "coordinates": [19.1428011, 47.4942863]}}, {"type": "Feature", "properties": {"code": "Ev-Ve/1", "reg": "x-kesz", "conf": 0.998}, "geometry": {"type": "Point", "coordinates": [19.1596622, 47.4926339]}}, {"type": "Feature", "properties": {"code": "Ln-T/31", "reg": "x-kesz", "conf": 0.997}, "geometry": {"type": "Point", "coordinates": [19.1461671, 47.5039081]}}, {"type": "Feature", "properties": {"code": "Ln-T/28", "reg": "x-kesz", "conf": 0.997}, "geometry": {"type": "Point", "coordinates": [19.1439358, 47.502119]}}, {"type": "Feature", "properties": {"code": "Ln-T/28", "reg": "x-kesz", "conf": 0.997}, "geometry": {"type": "Point", "coordinates": [19.1470316, 47.5023849]}}, {"type": "Feature", "properties": {"code": "Lke-1/23", "reg": "x-kesz", "conf": 0.997}, "geometry": {"type": "Point", "coordinates": [19.1540273, 47.5021725]}}, {"type": "Feature", "properties": {"code": "Gksz-2/32", "reg": "x-kesz", "conf": 0.997}, "geometry": {"type": "Point", "coordinates": [19.1570399, 47.500697]}}, {"type": "Feature", "properties": {"code": "Vi-2/55", "reg": "x-kesz", "conf": 0.997}, "geometry": {"type": "Point", "coordinates": [19.143676, 47.4950773]}}, {"type": "Feature", "properties": {"code": "Gksz-2/33", "reg": "x-kesz", "conf": 0.997}, "geometry": {"type": "Point", "coordinates": [19.1567237, 47.4974308]}}, {"type": "Feature", "properties": {"code": "Ln-T/31", "reg": "x-kesz", "conf": 0.996}, "geometry": {"type": "Point", "coordinates": [19.1469248, 47.5040567]}}, {"type": "Feature", "properties": {"code": "Vi-2/53", "reg": "x-kesz", "conf": 0.996}, "geometry": {"type": "Point", "coordinates": [19.1531911, 47.5045986]}}, {"type": "Feature", "properties": {"code": "Vi-2/90", "reg": "x-kesz", "conf": 0.996}, "geometry": {"type": "Point", "coordinates": [19.1509958, 47.5044397]}}, {"type": "Feature", "properties": {"code": "Ln-T/23", "reg": "x-kesz", "conf": 0.996}, "geometry": {"type": "Point", "coordinates": [19.1412805, 47.5018642]}}, {"type": "Feature", "properties": {"code": "Vi-2/54", "reg": "x-kesz", "conf": 0.996}, "geometry": {"type": "Point", "coordinates": [19.1533369, 47.5042572]}}, {"type": "Feature", "properties": {"code": "Lke-1/22", "reg": "x-kesz", "conf": 0.996}, "geometry": {"type": "Point", "coordinates": [19.153619, 47.5037012]}}, {"type": "Feature", "properties": {"code": "Lke-1/23", "reg": "x-kesz", "conf": 0.996}, "geometry": {"type": "Point", "coordinates": [19.1558805, 47.500841]}}, {"type": "Feature", "properties": {"code": "Vi-2/43", "reg": "x-kesz", "conf": 0.996}, "geometry": {"type": "Point", "coordinates": [19.1463216, 47.4969705]}}, {"type": "Feature", "properties": {"code": "Ln-T/23", "reg": "x-kesz", "conf": 0.995}, "geometry": {"type": "Point", "coordinates": [19.1395972, 47.501871]}}, {"type": "Feature", "properties": {"code": "Ln-T/28", "reg": "x-kesz", "conf": 0.995}, "geometry": {"type": "Point", "coordinates": [19.144028, 47.5029965]}}, {"type": "Feature", "properties": {"code": "Ln-T/28", "reg": "x-kesz", "conf": 0.995}, "geometry": {"type": "Point", "coordinates": [19.1421321, 47.5028053]}}, {"type": "Feature", "properties": {"code": "Kt-Zkk/7", "reg": "x-kesz", "conf": 0.995}, "geometry": {"type": "Point", "coordinates": [19.1427475, 47.5022434]}}, {"type": "Feature", "properties": {"code": "Kt-Zkk/7", "reg": "x-kesz", "conf": 0.995}, "geometry": {"type": "Point", "coordinates": [19.1490057, 47.5042578]}}, {"type": "Feature", "properties": {"code": "Vi-2/48", "reg": "x-kesz", "conf": 0.995}, "geometry": {"type": "Point", "coordinates": [19.1487895, 47.5015747]}}, {"type": "Feature", "properties": {"code": "Vi-2/48", "reg": "x-kesz", "conf": 0.995}, "geometry": {"type": "Point", "coordinates": [19.1521323, 47.5012423]}}, {"type": "Feature", "properties": {"code": "Vi-2/26", "reg": "x-kesz", "conf": 0.995}, "geometry": {"type": "Point", "coordinates": [19.1599332, 47.4981618]}}, {"type": "Feature", "properties": {"code": "Zkp/Kp-3", "reg": "x-kesz", "conf": 0.995}, "geometry": {"type": "Point", "coordinates": [19.1450071, 47.4959461]}}, {"type": "Feature", "properties": {"code": "Vi-2/40", "reg": "x-kesz", "conf": 0.994}, "geometry": {"type": "Point", "coordinates": [19.1436575, 47.4984206]}}, {"type": "Feature", "properties": {"code": "Gksz-2/4", "reg": "x-kesz", "conf": 0.994}, "geometry": {"type": "Point", "coordinates": [19.1471548, 47.4923791]}}, {"type": "Feature", "properties": {"code": "Vi-2/11", "reg": "x-kesz", "conf": 0.993}, "geometry": {"type": "Point", "coordinates": [19.1597065, 47.5051692]}}, {"type": "Feature", "properties": {"code": "Vt-M/1", "reg": "x-kesz", "conf": 0.993}, "geometry": {"type": "Point", "coordinates": [19.1392589, 47.5028932]}}, {"type": "Feature", "properties": {"code": "Kt-Zkk/7", "reg": "x-kesz", "conf": 0.993}, "geometry": {"type": "Point", "coordinates": [19.1433287, 47.5036501]}}, {"type": "Feature", "properties": {"code": "Kt-Zkk/7", "reg": "x-kesz", "conf": 0.993}, "geometry": {"type": "Point", "coordinates": [19.1455375, 47.5038283]}}, {"type": "Feature", "properties": {"code": "Ln-T/28", "reg": "x-kesz", "conf": 0.993}, "geometry": {"type": "Point", "coordinates": [19.1487404, 47.5036863]}}, {"type": "Feature", "properties": {"code": "Kt-Zkk/7", "reg": "x-kesz", "conf": 0.993}, "geometry": {"type": "Point", "coordinates": [19.147267, 47.5032257]}}, {"type": "Feature", "properties": {"code": "Vi-2/37", "reg": "x-kesz", "conf": 0.993}, "geometry": {"type": "Point", "coordinates": [19.1494664, 47.497256]}}, {"type": "Feature", "properties": {"code": "Vi-2/85", "reg": "x-kesz", "conf": 0.992}, "geometry": {"type": "Point", "coordinates": [19.151491, 47.503445]}}, {"type": "Feature", "properties": {"code": "Lke-1/22", "reg": "x-kesz", "conf": 0.992}, "geometry": {"type": "Point", "coordinates": [19.1541737, 47.5032105]}}, {"type": "Feature", "properties": {"code": "Kt-Zkk/5", "reg": "x-kesz", "conf": 0.991}, "geometry": {"type": "Point", "coordinates": [19.1463677, 47.5018594]}}, {"type": "Feature", "properties": {"code": "Vi-2/47", "reg": "x-kesz", "conf": 0.991}, "geometry": {"type": "Point", "coordinates": [19.1504348, 47.502128]}}, {"type": "Feature", "properties": {"code": "Vi-2/11", "reg": "x-kesz", "conf": 0.99}, "geometry": {"type": "Point", "coordinates": [19.1598886, 47.5053491]}}, {"type": "Feature", "properties": {"code": "Kt-Zkk/3", "reg": "x-kesz", "conf": 0.99}, "geometry": {"type": "Point", "coordinates": [19.139303, 47.5020293]}}, {"type": "Feature", "properties": {"code": "Kt-Zkk/3", "reg": "x-kesz", "conf": 0.99}, "geometry": {"type": "Point", "coordinates": [19.1507102, 47.4992979]}}, {"type": "Feature", "properties": {"code": "Kt-Zkk/7", "reg": "x-kesz", "conf": 0.989}, "geometry": {"type": "Point", "coordinates": [19.1463913, 47.5029937]}}, {"type": "Feature", "properties": {"code": "Kt-Zkk/5", "reg": "x-kesz", "conf": 0.989}, "geometry": {"type": "Point", "coordinates": [19.1392293, 47.5010613]}}, {"type": "Feature", "properties": {"code": "Ln-T/23", "reg": "x-kesz", "conf": 0.988}, "geometry": {"type": "Point", "coordinates": [19.138437, 47.5015419]}}, {"type": "Feature", "properties": {"code": "Kt-Zkk/5", "reg": "x-kesz", "conf": 0.988}, "geometry": {"type": "Point", "coordinates": [19.1376382, 47.5008699]}}, {"type": "Feature", "properties": {"code": "Gksz-2/19", "reg": "x-kesz", "conf": 0.988}, "geometry": {"type": "Point", "coordinates": [19.1431584, 47.5001178]}}, {"type": "Feature", "properties": {"code": "Vi-2/9", "reg": "x-kesz", "conf": 0.987}, "geometry": {"type": "Point", "coordinates": [19.1583142, 47.5051278]}}, {"type": "Feature", "properties": {"code": "Kt-Zkk/5", "reg": "x-kesz", "conf": 0.987}, "geometry": {"type": "Point", "coordinates": [19.1408823, 47.5012433]}}, {"type": "Feature", "properties": {"code": "Kt-Zkk/5", "reg": "x-kesz", "conf": 0.986}, "geometry": {"type": "Point", "coordinates": [19.1447211, 47.5016785]}}, {"type": "Feature", "properties": {"code": "Kt-Zkk/5", "reg": "x-kesz", "conf": 0.985}, "geometry": {"type": "Point", "coordinates": [19.1428002, 47.5014586]}}, {"type": "Feature", "properties": {"code": "Ek/1", "reg": "x-kesz", "conf": 0.984}, "geometry": {"type": "Point", "coordinates": [19.1581403, 47.5036843]}}, {"type": "Feature", "properties": {"code": "Zkp/Kk-3", "reg": "x-kesz", "conf": 0.98}, "geometry": {"type": "Point", "coordinates": [19.1587399, 47.5038466]}}, {"type": "Feature", "properties": {"code": "Vi-2/14", "reg": "x-kesz", "conf": 0.977}, "geometry": {"type": "Point", "coordinates": [19.1375563, 47.4912836]}}, {"type": "Feature", "properties": {"code": "Kt-Zkk/7", "reg": "x-kesz", "conf": 0.956}, "geometry": {"type": "Point", "coordinates": [19.1464379, 47.5026293]}}, {"type": "Feature", "properties": {"code": "Vi-2/22", "reg": "x-kesz", "conf": 0.956}, "geometry": {"type": "Point", "coordinates": [19.15972, 47.4974917]}}, {"type": "Feature", "properties": {"code": "Vi-2/3", "reg": "x-kesz", "conf": 0.951}, "geometry": {"type": "Point", "coordinates": [19.1404235, 47.4917112]}}, {"type": "Feature", "properties": {"code": "Zkp/Kk-3", "reg": "x-kesz", "conf": 0.942}, "geometry": {"type": "Point", "coordinates": [19.1597605, 47.5030348]}}, {"type": "Feature", "properties": {"code": "Lke-1/20", "reg": "x-kesz", "conf": 0.92}, "geometry": {"type": "Point", "coordinates": [19.1559342, 47.5019479]}}, {"type": "Feature", "properties": {"code": "Vi-2/41", "reg": "x-kesz", "conf": 0.904}, "geometry": {"type": "Point", "coordinates": [19.1401087, 47.4938357]}}, {"type": "Feature", "properties": {"code": "Vi-2/55", "reg": "x-kesz", "conf": 0.899}, "geometry": {"type": "Point", "coordinates": [19.1436742, 47.4950636]}}, {"type": "Feature", "properties": {"code": "Vi-2/49", "reg": "x-kesz", "conf": 0.781}, "geometry": {"type": "Point", "coordinates": [19.1543289, 47.5045692]}}, {"type": "Feature", "properties": {"code": "Lke-1/6", "reg": "x-kesz", "conf": 0.999}, "geometry": {"type": "Point", "coordinates": [19.1637563, 47.5055018]}}, {"type": "Feature", "properties": {"code": "Ek/1", "reg": "x-kesz", "conf": 0.999}, "geometry": {"type": "Point", "coordinates": [19.1675444, 47.5047194]}}, {"type": "Feature", "properties": {"code": "Ek/3", "reg": "x-kesz", "conf": 0.999}, "geometry": {"type": "Point", "coordinates": [19.1602022, 47.5011324]}}, {"type": "Feature", "properties": {"code": "Lke-1/6", "reg": "x-kesz", "conf": 0.999}, "geometry": {"type": "Point", "coordinates": [19.1672115, 47.5000087]}}, {"type": "Feature", "properties": {"code": "Lke-1/5", "reg": "x-kesz", "conf": 0.999}, "geometry": {"type": "Point", "coordinates": [19.1615938, 47.4972061]}}, {"type": "Feature", "properties": {"code": "Lke-1/31", "reg": "x-kesz", "conf": 0.999}, "geometry": {"type": "Point", "coordinates": [19.1629041, 47.4959889]}}, {"type": "Feature", "properties": {"code": "Vi-2/104", "reg": "x-kesz", "conf": 0.999}, "geometry": {"type": "Point", "coordinates": [19.1667882, 47.4956664]}}, {"type": "Feature", "properties": {"code": "Ev-Ve/1", "reg": "x-kesz", "conf": 0.999}, "geometry": {"type": "Point", "coordinates": [19.1596923, 47.4926323]}}, {"type": "Feature", "properties": {"code": "Ev-Ve/1", "reg": "x-kesz", "conf": 0.999}, "geometry": {"type": "Point", "coordinates": [19.1603965, 47.4923984]}}, {"type": "Feature", "properties": {"code": "Ev-Ve/1", "reg": "x-kesz", "conf": 0.999}, "geometry": {"type": "Point", "coordinates": [19.1600528, 47.491721]}}, {"type": "Feature", "properties": {"code": "Ek/3", "reg": "x-kesz", "conf": 0.999}, "geometry": {"type": "Point", "coordinates": [19.1721189, 47.4941428]}}, {"type": "Feature", "properties": {"code": "Gksz-1/36", "reg": "x-kesz", "conf": 0.999}, "geometry": {"type": "Point", "coordinates": [19.1712133, 47.4915171]}}, {"type": "Feature", "properties": {"code": "Lke-1/6", "reg": "x-kesz", "conf": 0.998}, "geometry": {"type": "Point", "coordinates": [19.1692021, 47.5011742]}}, {"type": "Feature", "properties": {"code": "Lke-1/6", "reg": "x-kesz", "conf": 0.998}, "geometry": {"type": "Point", "coordinates": [19.1654055, 47.5002178]}}, {"type": "Feature", "properties": {"code": "Lke-1/6", "reg": "x-kesz", "conf": 0.998}, "geometry": {"type": "Point", "coordinates": [19.1670399, 47.49846]}}, {"type": "Feature", "properties": {"code": "Vi-3/1", "reg": "x-kesz", "conf": 0.998}, "geometry": {"type": "Point", "coordinates": [19.1715742, 47.4989937]}}, {"type": "Feature", "properties": {"code": "Ek/3", "reg": "x-kesz", "conf": 0.998}, "geometry": {"type": "Point", "coordinates": [19.1668514, 47.4965454]}}, {"type": "Feature", "properties": {"code": "Lke-1/31", "reg": "x-kesz", "conf": 0.998}, "geometry": {"type": "Point", "coordinates": [19.1646896, 47.4956938]}}, {"type": "Feature", "properties": {"code": "Gksz-1/33", "reg": "x-kesz", "conf": 0.998}, "geometry": {"type": "Point", "coordinates": [19.1615423, 47.4929072]}}, {"type": "Feature", "properties": {"code": "Gksz-1/36", "reg": "x-kesz", "conf": 0.998}, "geometry": {"type": "Point", "coordinates": [19.1700836, 47.4917758]}}, {"type": "Feature", "properties": {"code": "Lke-1/6", "reg": "x-kesz", "conf": 0.997}, "geometry": {"type": "Point", "coordinates": [19.1637893, 47.5046205]}}, {"type": "Feature", "properties": {"code": "Lke-1/6", "reg": "x-kesz", "conf": 0.997}, "geometry": {"type": "Point", "coordinates": [19.1596288, 47.50442]}}, {"type": "Feature", "properties": {"code": "Lke-1/6", "reg": "x-kesz", "conf": 0.997}, "geometry": {"type": "Point", "coordinates": [19.168626, 47.5017774]}}, {"type": "Feature", "properties": {"code": "Lk-2/11", "reg": "x-kesz", "conf": 0.997}, "geometry": {"type": "Point", "coordinates": [19.1712273, 47.5003284]}}, {"type": "Feature", "properties": {"code": "Vi-3/1", "reg": "x-kesz", "conf": 0.997}, "geometry": {"type": "Point", "coordinates": [19.1729915, 47.4988419]}}, {"type": "Feature", "properties": {"code": "Lke-1/32", "reg": "x-kesz", "conf": 0.997}, "geometry": {"type": "Point", "coordinates": [19.162325, 47.4970363]}}, {"type": "Feature", "properties": {"code": "Lke-1/36", "reg": "x-kesz", "conf": 0.997}, "geometry": {"type": "Point", "coordinates": [19.1629081, 47.4965268]}}, {"type": "Feature", "properties": {"code": "Lke-1/4", "reg": "x-kesz", "conf": 0.997}, "geometry": {"type": "Point", "coordinates": [19.165516, 47.496498]}}, {"type": "Feature", "properties": {"code": "Lke-1/25", "reg": "x-kesz", "conf": 0.997}, "geometry": {"type": "Point", "coordinates": [19.1639077, 47.4940827]}}, {"type": "Feature", "properties": {"code": "Vi-2/101", "reg": "x-kesz", "conf": 0.997}, "geometry": {"type": "Point", "coordinates": [19.1704705, 47.4936435]}}, {"type": "Feature", "properties": {"code": "Lke-1/6", "reg": "x-kesz", "conf": 0.996}, "geometry": {"type": "Point", "coordinates": [19.1603046, 47.5042547]}}, {"type": "Feature", "properties": {"code": "Lk-2/6", "reg": "x-kesz", "conf": 0.996}, "geometry": {"type": "Point", "coordinates": [19.1706476, 47.5021839]}}, {"type": "Feature", "properties": {"code": "Ek/3", "reg": "x-kesz", "conf": 0.996}, "geometry": {"type": "Point", "coordinates": [19.1635992, 47.4982032]}}, {"type": "Feature", "properties": {"code": "Lke-1/6", "reg": "x-kesz", "conf": 0.996}, "geometry": {"type": "Point", "coordinates": [19.1682575, 47.4999294]}}, {"type": "Feature", "properties": {"code": "Vi-3/1", "reg": "x-kesz", "conf": 0.996}, "geometry": {"type": "Point", "coordinates": [19.1727674, 47.4983418]}}, {"type": "Feature", "properties": {"code": "Lke-1/5", "reg": "x-kesz", "conf": 0.996}, "geometry": {"type": "Point", "coordinates": [19.163516, 47.4972658]}}, {"type": "Feature", "properties": {"code": "Gksz-1/33", "reg": "x-kesz", "conf": 0.996}, "geometry": {"type": "Point", "coordinates": [19.1623719, 47.4936634]}}, {"type": "Feature", "properties": {"code": "Gksz-1/37", "reg": "x-kesz", "conf": 0.996}, "geometry": {"type": "Point", "coordinates": [19.1681222, 47.4928835]}}, {"type": "Feature", "properties": {"code": "Ek/6", "reg": "x-kesz", "conf": 0.996}, "geometry": {"type": "Point", "coordinates": [19.18258, 47.4940199]}}, {"type": "Feature", "properties": {"code": "Lke-1/6", "reg": "x-kesz", "conf": 0.995}, "geometry": {"type": "Point", "coordinates": [19.1638668, 47.5032757]}}, {"type": "Feature", "properties": {"code": "Lk-2/17", "reg": "x-kesz", "conf": 0.995}, "geometry": {"type": "Point", "coordinates": [19.169105, 47.4983287]}}, {"type": "Feature", "properties": {"code": "Vi-2/105", "reg": "x-kesz", "conf": 0.995}, "geometry": {"type": "Point", "coordinates": [19.1660066, 47.495992]}}, {"type": "Feature", "properties": {"code": "Vi-2/105", "reg": "x-kesz", "conf": 0.995}, "geometry": {"type": "Point", "coordinates": [19.1658122, 47.4949608]}}, {"type": "Feature", "properties": {"code": "Vi-2/104", "reg": "x-kesz", "conf": 0.995}, "geometry": {"type": "Point", "coordinates": [19.1640992, 47.4938674]}}, {"type": "Feature", "properties": {"code": "Vi-2/105", "reg": "x-kesz", "conf": 0.995}, "geometry": {"type": "Point", "coordinates": [19.1650208, 47.4939848]}}, {"type": "Feature", "properties": {"code": "Vi-2/32", "reg": "x-kesz", "conf": 0.994}, "geometry": {"type": "Point", "coordinates": [19.1617658, 47.5056894]}}, {"type": "Feature", "properties": {"code": "Vi-2/11", "reg": "x-kesz", "conf": 0.994}, "geometry": {"type": "Point", "coordinates": [19.159727, 47.5051558]}}, {"type": "Feature", "properties": {"code": "Lk-2/14", "reg": "x-kesz", "conf": 0.994}, "geometry": {"type": "Point", "coordinates": [19.169755, 47.5009151]}}, {"type": "Feature", "properties": {"code": "Ek/3", "reg": "x-kesz", "conf": 0.994}, "geometry": {"type": "Point", "coordinates": [19.1616764, 47.4990271]}}, {"type": "Feature", "properties": {"code": "Vi-2/26", "reg": "x-kesz", "conf": 0.994}, "geometry": {"type": "Point", "coordinates": [19.1599569, 47.4981569]}}, {"type": "Feature", "properties": {"code": "Lke-1/10", "reg": "x-kesz", "conf": 0.994}, "geometry": {"type": "Point", "coordinates": [19.1651944, 47.4976942]}}, {"type": "Feature", "properties": {"code": "Lk-2/7", "reg": "x-kesz", "conf": 0.994}, "geometry": {"type": "Point", "coordinates": [19.1685227, 47.4978964]}}, {"type": "Feature", "properties": {"code": "Lk-2/18", "reg": "x-kesz", "conf": 0.994}, "geometry": {"type": "Point", "coordinates": [19.1716867, 47.4972367]}}, {"type": "Feature", "properties": {"code": "Vi-2/32", "reg": "x-kesz", "conf": 0.993}, "geometry": {"type": "Point", "coordinates": [19.1636223, 47.5059836]}}, {"type": "Feature", "properties": {"code": "Gksz-1/31", "reg": "x-kesz", "conf": 0.993}, "geometry": {"type": "Point", "coordinates": [19.1619171, 47.4958726]}}, {"type": "Feature", "properties": {"code": "Zkp/Kk-3", "reg": "x-kesz", "conf": 0.992}, "geometry": {"type": "Point", "coordinates": [19.1641688, 47.499423]}}, {"type": "Feature", "properties": {"code": "Lk-2/14", "reg": "x-kesz", "conf": 0.992}, "geometry": {"type": "Point", "coordinates": [19.1727111, 47.4959429]}}, {"type": "Feature", "properties": {"code": "Lk-2/11", "reg": "x-kesz", "conf": 0.991}, "geometry": {"type": "Point", "coordinates": [19.1724818, 47.5003244]}}, {"type": "Feature", "properties": {"code": "Lk-2/17", "reg": "x-kesz", "conf": 0.991}, "geometry": {"type": "Point", "coordinates": [19.1769518, 47.4940456]}}, {"type": "Feature", "properties": {"code": "Ek/3", "reg": "x-kesz", "conf": 0.99}, "geometry": {"type": "Point", "coordinates": [19.1630908, 47.4991831]}}, {"type": "Feature", "properties": {"code": "Lk-2/18", "reg": "x-kesz", "conf": 0.99}, "geometry": {"type": "Point", "coordinates": [19.1773428, 47.4979106]}}, {"type": "Feature", "properties": {"code": "Lk-2/12", "reg": "x-kesz", "conf": 0.989}, "geometry": {"type": "Point", "coordinates": [19.172806, 47.499935]}}, {"type": "Feature", "properties": {"code": "Lk-2/7", "reg": "x-kesz", "conf": 0.989}, "geometry": {"type": "Point", "coordinates": [19.1720941, 47.4976978]}}, {"type": "Feature", "properties": {"code": "Zkp/Kk-1", "reg": "x-kesz", "conf": 0.989}, "geometry": {"type": "Point", "coordinates": [19.1744326, 47.4955678]}}, {"type": "Feature", "properties": {"code": "Lke-1/6", "reg": "x-kesz", "conf": 0.988}, "geometry": {"type": "Point", "coordinates": [19.1616474, 47.5052694]}}, {"type": "Feature", "properties": {"code": "Lk-2/14", "reg": "x-kesz", "conf": 0.988}, "geometry": {"type": "Point", "coordinates": [19.1686556, 47.499572]}}, {"type": "Feature", "properties": {"code": "Lk-2/18", "reg": "x-kesz", "conf": 0.988}, "geometry": {"type": "Point", "coordinates": [19.1759635, 47.4960226]}}, {"type": "Feature", "properties": {"code": "Vi-2/105", "reg": "x-kesz", "conf": 0.988}, "geometry": {"type": "Point", "coordinates": [19.1645571, 47.494325]}}, {"type": "Feature", "properties": {"code": "Lk-2/7", "reg": "x-kesz", "conf": 0.988}, "geometry": {"type": "Point", "coordinates": [19.1754277, 47.4949963]}}, {"type": "Feature", "properties": {"code": "Lk-2/17", "reg": "x-kesz", "conf": 0.988}, "geometry": {"type": "Point", "coordinates": [19.1772921, 47.4944368]}}, {"type": "Feature", "properties": {"code": "Lk-2/14", "reg": "x-kesz", "conf": 0.987}, "geometry": {"type": "Point", "coordinates": [19.1676419, 47.4981886]}}, {"type": "Feature", "properties": {"code": "Lke-1/6", "reg": "x-kesz", "conf": 0.986}, "geometry": {"type": "Point", "coordinates": [19.1650021, 47.5019326]}}, {"type": "Feature", "properties": {"code": "Zkp/Kk-3", "reg": "x-kesz", "conf": 0.986}, "geometry": {"type": "Point", "coordinates": [19.1665654, 47.4981125]}}, {"type": "Feature", "properties": {"code": "Vi-2/25", "reg": "x-kesz", "conf": 0.985}, "geometry": {"type": "Point", "coordinates": [19.1665504, 47.5063955]}}, {"type": "Feature", "properties": {"code": "Vi-3/1", "reg": "x-kesz", "conf": 0.985}, "geometry": {"type": "Point", "coordinates": [19.1697004, 47.4984773]}}, {"type": "Feature", "properties": {"code": "Lk-2/14", "reg": "x-kesz", "conf": 0.985}, "geometry": {"type": "Point", "coordinates": [19.1713699, 47.4966166]}}, {"type": "Feature", "properties": {"code": "Vi-2/22", "reg": "x-kesz", "conf": 0.984}, "geometry": {"type": "Point", "coordinates": [19.1602866, 47.4967318]}}, {"type": "Feature", "properties": {"code": "Zkp/Kk-2", "reg": "x-kesz", "conf": 0.982}, "geometry": {"type": "Point", "coordinates": [19.175164, 47.4968848]}}, {"type": "Feature", "properties": {"code": "Vi-2/104", "reg": "x-kesz", "conf": 0.982}, "geometry": {"type": "Point", "coordinates": [19.1661465, 47.4947832]}}, {"type": "Feature", "properties": {"code": "Lk-2/11", "reg": "x-kesz", "conf": 0.981}, "geometry": {"type": "Point", "coordinates": [19.1719667, 47.5013695]}}, {"type": "Feature", "properties": {"code": "Lk-2/9", "reg": "x-kesz", "conf": 0.981}, "geometry": {"type": "Point", "coordinates": [19.1742183, 47.4980206]}}, {"type": "Feature", "properties": {"code": "Vi-2/11", "reg": "x-kesz", "conf": 0.98}, "geometry": {"type": "Point", "coordinates": [19.1599155, 47.5053356]}}, {"type": "Feature", "properties": {"code": "Lk-2/18", "reg": "x-kesz", "conf": 0.98}, "geometry": {"type": "Point", "coordinates": [19.1769196, 47.4969882]}}, {"type": "Feature", "properties": {"code": "Lk-2/9", "reg": "x-kesz", "conf": 0.979}, "geometry": {"type": "Point", "coordinates": [19.175757, 47.4979614]}}, {"type": "Feature", "properties": {"code": "Lk-2/18", "reg": "x-kesz", "conf": 0.979}, "geometry": {"type": "Point", "coordinates": [19.1764465, 47.496511]}}, {"type": "Feature", "properties": {"code": "Lk-2/9", "reg": "x-kesz", "conf": 0.978}, "geometry": {"type": "Point", "coordinates": [19.1765789, 47.4992054]}}, {"type": "Feature", "properties": {"code": "Lk-2/7", "reg": "x-kesz", "conf": 0.978}, "geometry": {"type": "Point", "coordinates": [19.1736338, 47.4971625]}}, {"type": "Feature", "properties": {"code": "Zkp/Kk-2", "reg": "x-kesz", "conf": 0.977}, "geometry": {"type": "Point", "coordinates": [19.1694034, 47.4991766]}}, {"type": "Feature", "properties": {"code": "Lk-2/14", "reg": "x-kesz", "conf": 0.977}, "geometry": {"type": "Point", "coordinates": [19.1766121, 47.495513]}}, {"type": "Feature", "properties": {"code": "Lk-2/7", "reg": "x-kesz", "conf": 0.975}, "geometry": {"type": "Point", "coordinates": [19.1705501, 47.5006481]}}, {"type": "Feature", "properties": {"code": "Kt-Zkk/1", "reg": "x-kesz", "conf": 0.975}, "geometry": {"type": "Point", "coordinates": [19.1764841, 47.4985884]}}, {"type": "Feature", "properties": {"code": "Lk-2/18", "reg": "x-kesz", "conf": 0.975}, "geometry": {"type": "Point", "coordinates": [19.1750214, 47.4957769]}}, {"type": "Feature", "properties": {"code": "Zkp/Kk-3", "reg": "x-kesz", "conf": 0.972}, "geometry": {"type": "Point", "coordinates": [19.1597871, 47.5030235]}}, {"type": "Feature", "properties": {"code": "Tk", "reg": "x-kesz", "conf": 0.972}, "geometry": {"type": "Point", "coordinates": [19.1742303, 47.4950175]}}, {"type": "Feature", "properties": {"code": "Tk", "reg": "x-kesz", "conf": 0.968}, "geometry": {"type": "Point", "coordinates": [19.1677067, 47.4975282]}}, {"type": "Feature", "properties": {"code": "Vi-2/22", "reg": "x-kesz", "conf": 0.967}, "geometry": {"type": "Point", "coordinates": [19.1597461, 47.4974862]}}, {"type": "Feature", "properties": {"code": "Lk-2/6", "reg": "x-kesz", "conf": 0.966}, "geometry": {"type": "Point", "coordinates": [19.179188, 47.5000671]}}, {"type": "Feature", "properties": {"code": "Lk-2/18", "reg": "x-kesz", "conf": 0.966}, "geometry": {"type": "Point", "coordinates": [19.1731154, 47.49665]}}, {"type": "Feature", "properties": {"code": "Tk", "reg": "x-kesz", "conf": 0.964}, "geometry": {"type": "Point", "coordinates": [19.171364, 47.4959265]}}, {"type": "Feature", "properties": {"code": "Zkp/Kk-3", "reg": "x-kesz", "conf": 0.962}, "geometry": {"type": "Point", "coordinates": [19.1618185, 47.501411]}}, {"type": "Feature", "properties": {"code": "Lk-2/6", "reg": "x-kesz", "conf": 0.958}, "geometry": {"type": "Point", "coordinates": [19.1781827, 47.4988142]}}, {"type": "Feature", "properties": {"code": "Lk-2/14", "reg": "x-kesz", "conf": 0.956}, "geometry": {"type": "Point", "coordinates": [19.1771019, 47.4961079]}}, {"type": "Feature", "properties": {"code": "Lke-1/31", "reg": "x-kesz", "conf": 0.952}, "geometry": {"type": "Point", "coordinates": [19.1638227, 47.4946733]}}, {"type": "Feature", "properties": {"code": "Vi-2/104", "reg": "x-kesz", "conf": 0.95}, "geometry": {"type": "Point", "coordinates": [19.1651953, 47.4935887]}}, {"type": "Feature", "properties": {"code": "Lk-2/11", "reg": "x-kesz", "conf": 0.949}, "geometry": {"type": "Point", "coordinates": [19.1730444, 47.5013015]}}, {"type": "Feature", "properties": {"code": "Zkp/Kk-1", "reg": "x-kesz", "conf": 0.939}, "geometry": {"type": "Point", "coordinates": [19.1747357, 47.4944414]}}, {"type": "Feature", "properties": {"code": "Lk-2/7", "reg": "x-kesz", "conf": 0.937}, "geometry": {"type": "Point", "coordinates": [19.1706887, 47.4980441]}}, {"type": "Feature", "properties": {"code": "Lk-2/14", "reg": "x-kesz", "conf": 0.934}, "geometry": {"type": "Point", "coordinates": [19.1780375, 47.4973676]}}, {"type": "Feature", "properties": {"code": "Lke-1/10", "reg": "x-kesz", "conf": 0.93}, "geometry": {"type": "Point", "coordinates": [19.1661357, 47.4972703]}}, {"type": "Feature", "properties": {"code": "Lk-2/7", "reg": "x-kesz", "conf": 0.923}, "geometry": {"type": "Point", "coordinates": [19.170687, 47.4980453]}}, {"type": "Feature", "properties": {"code": "Lk-2/6", "reg": "x-kesz", "conf": 0.915}, "geometry": {"type": "Point", "coordinates": [19.1743627, 47.5010319]}}, {"type": "Feature", "properties": {"code": "Tk", "reg": "x-kesz", "conf": 0.914}, "geometry": {"type": "Point", "coordinates": [19.1924637, 47.4916757]}}, {"type": "Feature", "properties": {"code": "Lk-2/7", "reg": "x-kesz", "conf": 0.909}, "geometry": {"type": "Point", "coordinates": [19.1765816, 47.4936714]}}, {"type": "Feature", "properties": {"code": "Vi-2/26", "reg": "x-kesz", "conf": 0.817}, "geometry": {"type": "Point", "coordinates": [19.1599637, 47.4981454]}}, {"type": "Feature", "properties": {"code": "Ek/3", "reg": "x-kesz", "conf": 0.999}, "geometry": {"type": "Point", "coordinates": [19.2173699, 47.4914002]}}, {"type": "Feature", "properties": {"code": "Ek/3", "reg": "x-kesz", "conf": 0.999}, "geometry": {"type": "Point", "coordinates": [19.2213606, 47.4921041]}}, {"type": "Feature", "properties": {"code": "Ek/3", "reg": "x-kesz", "conf": 0.998}, "geometry": {"type": "Point", "coordinates": [19.2021239, 47.4947781]}}, {"type": "Feature", "properties": {"code": "Ek/3", "reg": "x-kesz", "conf": 0.998}, "geometry": {"type": "Point", "coordinates": [19.2169264, 47.4919755]}}, {"type": "Feature", "properties": {"code": "Tk", "reg": "x-kesz", "conf": 0.966}, "geometry": {"type": "Point", "coordinates": [19.1925513, 47.4916655]}}, {"type": "Feature", "properties": {"code": "Tk", "reg": "x-kesz", "conf": 0.923}, "geometry": {"type": "Point", "coordinates": [19.2038631, 47.491771]}}, {"type": "Feature", "properties": {"code": "Tk", "reg": "x-kesz", "conf": 0.923}, "geometry": {"type": "Point", "coordinates": [19.2051937, 47.4926008]}}, {"type": "Feature", "properties": {"code": "Tk", "reg": "x-kesz", "conf": 0.905}, "geometry": {"type": "Point", "coordinates": [19.1994332, 47.4952571]}}, {"type": "Feature", "properties": {"code": "Tk", "reg": "x-kesz", "conf": 0.891}, "geometry": {"type": "Point", "coordinates": [19.1989152, 47.4927751]}}, {"type": "Feature", "properties": {"code": "Tk", "reg": "x-kesz", "conf": 0.8}, "geometry": {"type": "Point", "coordinates": [19.1947247, 47.4912816]}}, {"type": "Feature", "properties": {"code": "Tk", "reg": "x-kesz", "conf": 0.774}, "geometry": {"type": "Point", "coordinates": [19.1947355, 47.4961542]}}, {"type": "Feature", "properties": {"code": "K-Sp/1", "reg": "x-kesz", "conf": 0.999}, "geometry": {"type": "Point", "coordinates": [19.1161378, 47.4810562]}}, {"type": "Feature", "properties": {"code": "K-Sp/2", "reg": "x-kesz", "conf": 0.999}, "geometry": {"type": "Point", "coordinates": [19.112759, 47.476658]}}, {"type": "Feature", "properties": {"code": "Lke-1/24", "reg": "x-kesz", "conf": 0.998}, "geometry": {"type": "Point", "coordinates": [19.1119443, 47.4890508]}}, {"type": "Feature", "properties": {"code": "Lk-T/1", "reg": "x-kesz", "conf": 0.998}, "geometry": {"type": "Point", "coordinates": [19.1193052, 47.4895166]}}, {"type": "Feature", "properties": {"code": "Lk-1/18", "reg": "x-kesz", "conf": 0.998}, "geometry": {"type": "Point", "coordinates": [19.1268577, 47.4849987]}}, {"type": "Feature", "properties": {"code": "Gksz-1/13", "reg": "x-kesz", "conf": 0.998}, "geometry": {"type": "Point", "coordinates": [19.1210725, 47.4800611]}}, {"type": "Feature", "properties": {"code": "Gksz-2/11", "reg": "x-kesz", "conf": 0.998}, "geometry": {"type": "Point", "coordinates": [19.1266239, 47.479952]}}, {"type": "Feature", "properties": {"code": "Lke-1/24", "reg": "x-kesz", "conf": 0.997}, "geometry": {"type": "Point", "coordinates": [19.111739, 47.4901542]}}, {"type": "Feature", "properties": {"code": "Lk-T/1", "reg": "x-kesz", "conf": 0.997}, "geometry": {"type": "Point", "coordinates": [19.118846, 47.490273]}}, {"type": "Feature", "properties": {"code": "Lk-2/19", "reg": "x-kesz", "conf": 0.997}, "geometry": {"type": "Point", "coordinates": [19.1225837, 47.4872804]}}, {"type": "Feature", "properties": {"code": "Lk-2/19", "reg": "x-kesz", "conf": 0.997}, "geometry": {"type": "Point", "coordinates": [19.123193, 47.4855993]}}, {"type": "Feature", "properties": {"code": "Gksz-2/44", "reg": "x-kesz", "conf": 0.997}, "geometry": {"type": "Point", "coordinates": [19.1192824, 47.4771432]}}, {"type": "Feature", "properties": {"code": "Gksz-2/11", "reg": "x-kesz", "conf": 0.997}, "geometry": {"type": "Point", "coordinates": [19.1254483, 47.4791277]}}, {"type": "Feature", "properties": {"code": "Lk-T/1", "reg": "x-kesz", "conf": 0.996}, "geometry": {"type": "Point", "coordinates": [19.1181344, 47.4907195]}}, {"type": "Feature", "properties": {"code": "Lk-T/1", "reg": "x-kesz", "conf": 0.996}, "geometry": {"type": "Point", "coordinates": [19.1200099, 47.4897778]}}, {"type": "Feature", "properties": {"code": "Lk-T/1", "reg": "x-kesz", "conf": 0.996}, "geometry": {"type": "Point", "coordinates": [19.1178892, 47.4895496]}}, {"type": "Feature", "properties": {"code": "Vi-2/52", "reg": "x-kesz", "conf": 0.996}, "geometry": {"type": "Point", "coordinates": [19.1175987, 47.4831627]}}, {"type": "Feature", "properties": {"code": "K-Rek/4", "reg": "x-kesz", "conf": 0.996}, "geometry": {"type": "Point", "coordinates": [19.1243608, 47.4778089]}}, {"type": "Feature", "properties": {"code": "Gksz-2/11", "reg": "x-kesz", "conf": 0.996}, "geometry": {"type": "Point", "coordinates": [19.1267253, 47.4783198]}}, {"type": "Feature", "properties": {"code": "Gksz-2/45", "reg": "x-kesz", "conf": 0.996}, "geometry": {"type": "Point", "coordinates": [19.1154828, 47.4760826]}}, {"type": "Feature", "properties": {"code": "Gksz-2/10", "reg": "x-kesz", "conf": 0.996}, "geometry": {"type": "Point", "coordinates": [19.1258296, 47.4761482]}}, {"type": "Feature", "properties": {"code": "Lk-T/AI-1", "reg": "x-kesz", "conf": 0.995}, "geometry": {"type": "Point", "coordinates": [19.1199205, 47.4901235]}}, {"type": "Feature", "properties": {"code": "Lk-2/20", "reg": "x-kesz", "conf": 0.995}, "geometry": {"type": "Point", "coordinates": [19.1232368, 47.4847498]}}, {"type": "Feature", "properties": {"code": "Lk-1/20", "reg": "x-kesz", "conf": 0.994}, "geometry": {"type": "Point", "coordinates": [19.1241472, 47.4886622]}}, {"type": "Feature", "properties": {"code": "Lk-2/19", "reg": "x-kesz", "conf": 0.994}, "geometry": {"type": "Point", "coordinates": [19.1227821, 47.4864998]}}, {"type": "Feature", "properties": {"code": "Lk-2/19", "reg": "x-kesz", "conf": 0.994}, "geometry": {"type": "Point", "coordinates": [19.1220289, 47.4861404]}}, {"type": "Feature", "properties": {"code": "Zvp-U", "reg": "x-kesz", "conf": 0.994}, "geometry": {"type": "Point", "coordinates": [19.1106434, 47.4821748]}}, {"type": "Feature", "properties": {"code": "Gksz-2/10", "reg": "x-kesz", "conf": 0.994}, "geometry": {"type": "Point", "coordinates": [19.1269479, 47.4765285]}}, {"type": "Feature", "properties": {"code": "Kt-Zkk/3", "reg": "x-kesz", "conf": 0.993}, "geometry": {"type": "Point", "coordinates": [19.1177833, 47.4891467]}}, {"type": "Feature", "properties": {"code": "Lk-2/19", "reg": "x-kesz", "conf": 0.993}, "geometry": {"type": "Point", "coordinates": [19.1224592, 47.4870344]}}, {"type": "Feature", "properties": {"code": "Lk-2/19", "reg": "x-kesz", "conf": 0.993}, "geometry": {"type": "Point", "coordinates": [19.1220911, 47.4865055]}}, {"type": "Feature", "properties": {"code": "Lk-2/19", "reg": "x-kesz", "conf": 0.993}, "geometry": {"type": "Point", "coordinates": [19.1226817, 47.4858782]}}, {"type": "Feature", "properties": {"code": "Lk-2/19", "reg": "x-kesz", "conf": 0.993}, "geometry": {"type": "Point", "coordinates": [19.1244071, 47.4854597]}}, {"type": "Feature", "properties": {"code": "Vi-2/31", "reg": "x-kesz", "conf": 0.993}, "geometry": {"type": "Point", "coordinates": [19.1232096, 47.480604]}}, {"type": "Feature", "properties": {"code": "Lk-T/AI-1", "reg": "x-kesz", "conf": 0.992}, "geometry": {"type": "Point", "coordinates": [19.1177916, 47.4899719]}}, {"type": "Feature", "properties": {"code": "Gksz-1/23", "reg": "x-kesz", "conf": 0.992}, "geometry": {"type": "Point", "coordinates": [19.1206399, 47.4862673]}}, {"type": "Feature", "properties": {"code": "Lk-2/19", "reg": "x-kesz", "conf": 0.992}, "geometry": {"type": "Point", "coordinates": [19.1235154, 47.4863993]}}, {"type": "Feature", "properties": {"code": "Gksz-2/45", "reg": "x-kesz", "conf": 0.992}, "geometry": {"type": "Point", "coordinates": [19.1177183, 47.4775584]}}, {"type": "Feature", "properties": {"code": "Gksz-2/10", "reg": "x-kesz", "conf": 0.992}, "geometry": {"type": "Point", "coordinates": [19.1256343, 47.476652]}}, {"type": "Feature", "properties": {"code": "K-Hon/3", "reg": "x-kesz", "conf": 0.991}, "geometry": {"type": "Point", "coordinates": [19.113373, 47.4914857]}}, {"type": "Feature", "properties": {"code": "Lk-T/1", "reg": "x-kesz", "conf": 0.991}, "geometry": {"type": "Point", "coordinates": [19.1189466, 47.4906451]}}, {"type": "Feature", "properties": {"code": "Lk-T/1", "reg": "x-kesz", "conf": 0.991}, "geometry": {"type": "Point", "coordinates": [19.1204285, 47.4897273]}}, {"type": "Feature", "properties": {"code": "Vi-2/39", "reg": "x-kesz", "conf": 0.991}, "geometry": {"type": "Point", "coordinates": [19.1114607, 47.4867591]}}, {"type": "Feature", "properties": {"code": "Lk-2/19", "reg": "x-kesz", "conf": 0.991}, "geometry": {"type": "Point", "coordinates": [19.1236183, 47.485653]}}, {"type": "Feature", "properties": {"code": "Vi-2/50", "reg": "x-kesz", "conf": 0.991}, "geometry": {"type": "Point", "coordinates": [19.1183231, 47.4840313]}}, {"type": "Feature", "properties": {"code": "Lk-2/19", "reg": "x-kesz", "conf": 0.991}, "geometry": {"type": "Point", "coordinates": [19.1222344, 47.4851389]}}, {"type": "Feature", "properties": {"code": "Kt-Zkk/3", "reg": "x-kesz", "conf": 0.99}, "geometry": {"type": "Point", "coordinates": [19.1205579, 47.4898763]}}, {"type": "Feature", "properties": {"code": "Kt-Zkk/3", "reg": "x-kesz", "conf": 0.99}, "geometry": {"type": "Point", "coordinates": [19.1194177, 47.4897112]}}, {"type": "Feature", "properties": {"code": "Vi-2/36", "reg": "x-kesz", "conf": 0.99}, "geometry": {"type": "Point", "coordinates": [19.1147605, 47.4862274]}}, {"type": "Feature", "properties": {"code": "Lk-2/19", "reg": "x-kesz", "conf": 0.99}, "geometry": {"type": "Point", "coordinates": [19.1232532, 47.4859551]}}, {"type": "Feature", "properties": {"code": "Lk-T/2", "reg": "x-kesz", "conf": 0.989}, "geometry": {"type": "Point", "coordinates": [19.1212609, 47.4898248]}}, {"type": "Feature", "properties": {"code": "Lk-1/18", "reg": "x-kesz", "conf": 0.989}, "geometry": {"type": "Point", "coordinates": [19.125378, 47.4889063]}}, {"type": "Feature", "properties": {"code": "Kt-Zkk/3", "reg": "x-kesz", "conf": 0.988}, "geometry": {"type": "Point", "coordinates": [19.1178788, 47.4906004]}}, {"type": "Feature", "properties": {"code": "Gksz-2/41", "reg": "x-kesz", "conf": 0.988}, "geometry": {"type": "Point", "coordinates": [19.1211225, 47.4760845]}}, {"type": "Feature", "properties": {"code": "Lk-T/1", "reg": "x-kesz", "conf": 0.987}, "geometry": {"type": "Point", "coordinates": [19.1206048, 47.4905813]}}, {"type": "Feature", "properties": {"code": "Kt-Zkk/3", "reg": "x-kesz", "conf": 0.987}, "geometry": {"type": "Point", "coordinates": [19.1198619, 47.4896255]}}, {"type": "Feature", "properties": {"code": "Lk-2/19", "reg": "x-kesz", "conf": 0.987}, "geometry": {"type": "Point", "coordinates": [19.124466, 47.4852548]}}, {"type": "Feature", "properties": {"code": "Kt-Zkk/3", "reg": "x-kesz", "conf": 0.985}, "geometry": {"type": "Point", "coordinates": [19.1202716, 47.4909498]}}, {"type": "Feature", "properties": {"code": "Kt-Fk/1", "reg": "x-kesz", "conf": 0.985}, "geometry": {"type": "Point", "coordinates": [19.120773, 47.4907794]}}, {"type": "Feature", "properties": {"code": "Kt-Fk/1", "reg": "x-kesz", "conf": 0.985}, "geometry": {"type": "Point", "coordinates": [19.1210573, 47.4902621]}}, {"type": "Feature", "properties": {"code": "Lk-2/19", "reg": "x-kesz", "conf": 0.985}, "geometry": {"type": "Point", "coordinates": [19.1227588, 47.48609]}}, {"type": "Feature", "properties": {"code": "Kt-Zkk/3", "reg": "x-kesz", "conf": 0.984}, "geometry": {"type": "Point", "coordinates": [19.1195537, 47.4907026]}}, {"type": "Feature", "properties": {"code": "Vi-2/31", "reg": "x-kesz", "conf": 0.984}, "geometry": {"type": "Point", "coordinates": [19.1199213, 47.4826924]}}, {"type": "Feature", "properties": {"code": "Lk-2/19", "reg": "x-kesz", "conf": 0.984}, "geometry": {"type": "Point", "coordinates": [19.1244053, 47.4858225]}}, {"type": "Feature", "properties": {"code": "Lk-2/20", "reg": "x-kesz", "conf": 0.984}, "geometry": {"type": "Point", "coordinates": [19.1241332, 47.4846859]}}, {"type": "Feature", "properties": {"code": "Kt-Zkk/3", "reg": "x-kesz", "conf": 0.983}, "geometry": {"type": "Point", "coordinates": [19.1173943, 47.4904802]}}, {"type": "Feature", "properties": {"code": "Lk-2/19", "reg": "x-kesz", "conf": 0.983}, "geometry": {"type": "Point", "coordinates": [19.121612, 47.4862456]}}, {"type": "Feature", "properties": {"code": "Lk-T/1", "reg": "x-kesz", "conf": 0.982}, "geometry": {"type": "Point", "coordinates": [19.1207614, 47.4900583]}}, {"type": "Feature", "properties": {"code": "Kt-Zkk/3", "reg": "x-kesz", "conf": 0.981}, "geometry": {"type": "Point", "coordinates": [19.1187499, 47.4908066]}}, {"type": "Feature", "properties": {"code": "Kt-Zkk/3", "reg": "x-kesz", "conf": 0.981}, "geometry": {"type": "Point", "coordinates": [19.1191517, 47.4907631]}}, {"type": "Feature", "properties": {"code": "Lk-T/1", "reg": "x-kesz", "conf": 0.981}, "geometry": {"type": "Point", "coordinates": [19.1189134, 47.4898095]}}, {"type": "Feature", "properties": {"code": "Lk-1/16", "reg": "x-kesz", "conf": 0.981}, "geometry": {"type": "Point", "coordinates": [19.1267688, 47.4894721]}}, {"type": "Feature", "properties": {"code": "Lk-2/19", "reg": "x-kesz", "conf": 0.981}, "geometry": {"type": "Point", "coordinates": [19.1217953, 47.4859503]}}, {"type": "Feature", "properties": {"code": "Lk-2/19", "reg": "x-kesz", "conf": 0.981}, "geometry": {"type": "Point", "coordinates": [19.123968, 47.4858694]}}, {"type": "Feature", "properties": {"code": "Lk-T/1", "reg": "x-kesz", "conf": 0.98}, "geometry": {"type": "Point", "coordinates": [19.1186138, 47.490517]}}, {"type": "Feature", "properties": {"code": "Kt-Zkk/3", "reg": "x-kesz", "conf": 0.98}, "geometry": {"type": "Point", "coordinates": [19.1182324, 47.4893219]}}, {"type": "Feature", "properties": {"code": "Lk-2/20", "reg": "x-kesz", "conf": 0.98}, "geometry": {"type": "Point", "coordinates": [19.1225745, 47.4837562]}}, {"type": "Feature", "properties": {"code": "Lk-T/1", "reg": "x-kesz", "conf": 0.979}, "geometry": {"type": "Point", "coordinates": [19.1179478, 47.4903326]}}, {"type": "Feature", "properties": {"code": "Ln-3/3", "reg": "x-kesz", "conf": 0.978}, "geometry": {"type": "Point", "coordinates": [19.1115484, 47.491577]}}, {"type": "Feature", "properties": {"code": "Kt-Zkk/3", "reg": "x-kesz", "conf": 0.978}, "geometry": {"type": "Point", "coordinates": [19.1199304, 47.4908319]}}, {"type": "Feature", "properties": {"code": "Lk-2/19", "reg": "x-kesz", "conf": 0.978}, "geometry": {"type": "Point", "coordinates": [19.1227237, 47.4856288]}}, {"type": "Feature", "properties": {"code": "Lk-2/19", "reg": "x-kesz", "conf": 0.977}, "geometry": {"type": "Point", "coordinates": [19.1214608, 47.4855507]}}, {"type": "Feature", "properties": {"code": "Lk-2/20", "reg": "x-kesz", "conf": 0.976}, "geometry": {"type": "Point", "coordinates": [19.1242699, 47.4836008]}}, {"type": "Feature", "properties": {"code": "Vi-2/46", "reg": "x-kesz", "conf": 0.974}, "geometry": {"type": "Point", "coordinates": [19.1081312, 47.4858464]}}, {"type": "Feature", "properties": {"code": "Lk-T/1", "reg": "x-kesz", "conf": 0.973}, "geometry": {"type": "Point", "coordinates": [19.1174503, 47.4893046]}}, {"type": "Feature", "properties": {"code": "Lk-2/1", "reg": "x-kesz", "conf": 0.97}, "geometry": {"type": "Point", "coordinates": [19.1214372, 47.4855531]}}, {"type": "Feature", "properties": {"code": "Lk-T/1", "reg": "x-kesz", "conf": 0.969}, "geometry": {"type": "Point", "coordinates": [19.1176163, 47.4907377]}}, {"type": "Feature", "properties": {"code": "Vi-2/31", "reg": "x-kesz", "conf": 0.969}, "geometry": {"type": "Point", "coordinates": [19.1214165, 47.4821512]}}, {"type": "Feature", "properties": {"code": "Vi-2/38", "reg": "x-kesz", "conf": 0.968}, "geometry": {"type": "Point", "coordinates": [19.1171538, 47.4853979]}}, {"type": "Feature", "properties": {"code": "Lk-T/1", "reg": "x-kesz", "conf": 0.964}, "geometry": {"type": "Point", "coordinates": [19.1193974, 47.4905732]}}, {"type": "Feature", "properties": {"code": "Gksz-2/Kozmu1", "reg": "x-kesz", "conf": 0.959}, "geometry": {"type": "Point", "coordinates": [19.1155968, 47.4901388]}}, {"type": "Feature", "properties": {"code": "Lk-T/1", "reg": "x-kesz", "conf": 0.956}, "geometry": {"type": "Point", "coordinates": [19.119734, 47.489448]}}, {"type": "Feature", "properties": {"code": "Lk-2/19", "reg": "x-kesz", "conf": 0.952}, "geometry": {"type": "Point", "coordinates": [19.1240286, 47.4857011]}}, {"type": "Feature", "properties": {"code": "Lk-T/1", "reg": "x-kesz", "conf": 0.949}, "geometry": {"type": "Point", "coordinates": [19.1201356, 47.4907037]}}, {"type": "Feature", "properties": {"code": "Lk-1/18", "reg": "x-kesz", "conf": 0.944}, "geometry": {"type": "Point", "coordinates": [19.1261216, 47.4883398]}}, {"type": "Feature", "properties": {"code": "Lk-2/AI-2", "reg": "x-kesz", "conf": 0.944}, "geometry": {"type": "Point", "coordinates": [19.1216497, 47.4841373]}}, {"type": "Feature", "properties": {"code": "Lk-1/19", "reg": "x-kesz", "conf": 0.942}, "geometry": {"type": "Point", "coordinates": [19.12694, 47.4854726]}}, {"type": "Feature", "properties": {"code": "Lk-1/19", "reg": "x-kesz", "conf": 0.938}, "geometry": {"type": "Point", "coordinates": [19.1267007, 47.4866688]}}, {"type": "Feature", "properties": {"code": "Lk-1/16", "reg": "x-kesz", "conf": 0.932}, "geometry": {"type": "Point", "coordinates": [19.1255192, 47.4892841]}}, {"type": "Feature", "properties": {"code": "Lk-1/19", "reg": "x-kesz", "conf": 0.929}, "geometry": {"type": "Point", "coordinates": [19.126452, 47.4860757]}}, {"type": "Feature", "properties": {"code": "Zvp-O", "reg": "x-kesz", "conf": 0.926}, "geometry": {"type": "Point", "coordinates": [19.1061781, 47.4776012]}}, {"type": "Feature", "properties": {"code": "Lk-2/19", "reg": "x-kesz", "conf": 0.91}, "geometry": {"type": "Point", "coordinates": [19.1240202, 47.4857023]}}, {"type": "Feature", "properties": {"code": "Ln-3/6", "reg": "x-kesz", "conf": 0.91}, "geometry": {"type": "Point", "coordinates": [19.114916, 47.4835433]}}, {"type": "Feature", "properties": {"code": "Ln-3/6", "reg": "x-kesz", "conf": 0.866}, "geometry": {"type": "Point", "coordinates": [19.1130055, 47.484548]}}, {"type": "Feature", "properties": {"code": "Ln-3/11", "reg": "x-kesz", "conf": 1.0}, "geometry": {"type": "Point", "coordinates": [19.1508994, 47.478477]}}, {"type": "Feature", "properties": {"code": "Ln-T/1", "reg": "x-kesz", "conf": 0.999}, "geometry": {"type": "Point", "coordinates": [19.1430155, 47.4855583]}}, {"type": "Feature", "properties": {"code": "Zkp/Kp-2", "reg": "x-kesz", "conf": 0.999}, "geometry": {"type": "Point", "coordinates": [19.1449513, 47.4856786]}}, {"type": "Feature", "properties": {"code": "Vt-H/13", "reg": "x-kesz", "conf": 0.999}, "geometry": {"type": "Point", "coordinates": [19.1356984, 47.4854754]}}, {"type": "Feature", "properties": {"code": "Ln-T/9", "reg": "x-kesz", "conf": 0.999}, "geometry": {"type": "Point", "coordinates": [19.1346777, 47.4850188]}}, {"type": "Feature", "properties": {"code": "Ln-T/9", "reg": "x-kesz", "conf": 0.999}, "geometry": {"type": "Point", "coordinates": [19.1328407, 47.4832095]}}, {"type": "Feature", "properties": {"code": "Lke-1/2", "reg": "x-kesz", "conf": 0.999}, "geometry": {"type": "Point", "coordinates": [19.1459515, 47.4845518]}}, {"type": "Feature", "properties": {"code": "Lk-1/15", "reg": "x-kesz", "conf": 0.999}, "geometry": {"type": "Point", "coordinates": [19.1306693, 47.4803811]}}, {"type": "Feature", "properties": {"code": "Gksz-2/11", "reg": "x-kesz", "conf": 0.999}, "geometry": {"type": "Point", "coordinates": [19.1286467, 47.4796628]}}, {"type": "Feature", "properties": {"code": "Ln-T/7", "reg": "x-kesz", "conf": 0.999}, "geometry": {"type": "Point", "coordinates": [19.1313384, 47.4826354]}}, {"type": "Feature", "properties": {"code": "Lke-1/2", "reg": "x-kesz", "conf": 0.999}, "geometry": {"type": "Point", "coordinates": [19.1404924, 47.4804259]}}, {"type": "Feature", "properties": {"code": "Lke-1/2", "reg": "x-kesz", "conf": 0.999}, "geometry": {"type": "Point", "coordinates": [19.1408382, 47.480892]}}, {"type": "Feature", "properties": {"code": "Lke-1/2", "reg": "x-kesz", "conf": 0.999}, "geometry": {"type": "Point", "coordinates": [19.1413223, 47.4803567]}}, {"type": "Feature", "properties": {"code": "Lke-1/7", "reg": "x-kesz", "conf": 0.999}, "geometry": {"type": "Point", "coordinates": [19.1475548, 47.4825137]}}, {"type": "Feature", "properties": {"code": "Ln-T/17", "reg": "x-kesz", "conf": 0.999}, "geometry": {"type": "Point", "coordinates": [19.1492132, 47.4815677]}}, {"type": "Feature", "properties": {"code": "Ln-T/18", "reg": "x-kesz", "conf": 0.999}, "geometry": {"type": "Point", "coordinates": [19.1510198, 47.4819069]}}, {"type": "Feature", "properties": {"code": "Lke-1/17", "reg": "x-kesz", "conf": 0.999}, "geometry": {"type": "Point", "coordinates": [19.1534874, 47.4819056]}}, {"type": "Feature", "properties": {"code": "Ln-T/17", "reg": "x-kesz", "conf": 0.999}, "geometry": {"type": "Point", "coordinates": [19.1497463, 47.4812239]}}, {"type": "Feature", "properties": {"code": "Gksz-2/11", "reg": "x-kesz", "conf": 0.999}, "geometry": {"type": "Point", "coordinates": [19.1305768, 47.4765295]}}, {"type": "Feature", "properties": {"code": "Lk-1/1", "reg": "x-kesz", "conf": 0.999}, "geometry": {"type": "Point", "coordinates": [19.1350095, 47.4769681]}}, {"type": "Feature", "properties": {"code": "Lke-1/3", "reg": "x-kesz", "conf": 0.999}, "geometry": {"type": "Point", "coordinates": [19.1429486, 47.4791047]}}, {"type": "Feature", "properties": {"code": "Lke-1/14", "reg": "x-kesz", "conf": 0.999}, "geometry": {"type": "Point", "coordinates": [19.1445012, 47.4768206]}}, {"type": "Feature", "properties": {"code": "Ln-3/11", "reg": "x-kesz", "conf": 0.999}, "geometry": {"type": "Point", "coordinates": [19.1492218, 47.4790312]}}, {"type": "Feature", "properties": {"code": "Lke-1/30", "reg": "x-kesz", "conf": 0.999}, "geometry": {"type": "Point", "coordinates": [19.1477161, 47.4782611]}}, {"type": "Feature", "properties": {"code": "Lke-1/1", "reg": "x-kesz", "conf": 0.999}, "geometry": {"type": "Point", "coordinates": [19.1456085, 47.4780847]}}, {"type": "Feature", "properties": {"code": "Lke-1/18", "reg": "x-kesz", "conf": 0.999}, "geometry": {"type": "Point", "coordinates": [19.1493714, 47.4762667]}}, {"type": "Feature", "properties": {"code": "Ln-T/17", "reg": "x-kesz", "conf": 0.999}, "geometry": {"type": "Point", "coordinates": [19.1502512, 47.4797593]}}, {"type": "Feature", "properties": {"code": "Ln-T/17", "reg": "x-kesz", "conf": 0.999}, "geometry": {"type": "Point", "coordinates": [19.1515488, 47.4795306]}}, {"type": "Feature", "properties": {"code": "Ln-T/17", "reg": "x-kesz", "conf": 0.999}, "geometry": {"type": "Point", "coordinates": [19.1515619, 47.4791996]}}, {"type": "Feature", "properties": {"code": "Ln-T/22", "reg": "x-kesz", "conf": 0.999}, "geometry": {"type": "Point", "coordinates": [19.1530365, 47.4780587]}}, {"type": "Feature", "properties": {"code": "Ln-T/18", "reg": "x-kesz", "conf": 0.999}, "geometry": {"type": "Point", "coordinates": [19.1516303, 47.4773905]}}, {"type": "Feature", "properties": {"code": "Ln-T/19", "reg": "x-kesz", "conf": 0.999}, "geometry": {"type": "Point", "coordinates": [19.1542893, 47.4770407]}}, {"type": "Feature", "properties": {"code": "Lke-1/6", "reg": "x-kesz", "conf": 0.999}, "geometry": {"type": "Point", "coordinates": [19.1575731, 47.4769964]}}, {"type": "Feature", "properties": {"code": "Lke-1/6", "reg": "x-kesz", "conf": 0.999}, "geometry": {"type": "Point", "coordinates": [19.1596699, 47.4777317]}}, {"type": "Feature", "properties": {"code": "Lke-1/6", "reg": "x-kesz", "conf": 0.999}, "geometry": {"type": "Point", "coordinates": [19.1591473, 47.477055]}}, {"type": "Feature", "properties": {"code": "Lke-1/18", "reg": "x-kesz", "conf": 0.999}, "geometry": {"type": "Point", "coordinates": [19.1468714, 47.4764955]}}, {"type": "Feature", "properties": {"code": "Lke-1/9", "reg": "x-kesz", "conf": 0.999}, "geometry": {"type": "Point", "coordinates": [19.1456398, 47.4761651]}}, {"type": "Feature", "properties": {"code": "Ln-T/4", "reg": "x-kesz", "conf": 0.998}, "geometry": {"type": "Point", "coordinates": [19.1381432, 47.489061]}}, {"type": "Feature", "properties": {"code": "Vi-1/3", "reg": "x-kesz", "conf": 0.998}, "geometry": {"type": "Point", "coordinates": [19.1519804, 47.4896729]}}, {"type": "Feature", "properties": {"code": "Vt-H/3", "reg": "x-kesz", "conf": 0.998}, "geometry": {"type": "Point", "coordinates": [19.130903, 47.4871954]}}, {"type": "Feature", "properties": {"code": "Vt-H/12", "reg": "x-kesz", "conf": 0.998}, "geometry": {"type": "Point", "coordinates": [19.1344873, 47.4862655]}}, {"type": "Feature", "properties": {"code": "Lk-1/4", "reg": "x-kesz", "conf": 0.998}, "geometry": {"type": "Point", "coordinates": [19.1394761, 47.4887245]}}, {"type": "Feature", "properties": {"code": "Ln-T/2", "reg": "x-kesz", "conf": 0.998}, "geometry": {"type": "Point", "coordinates": [19.1374442, 47.4885184]}}, {"type": "Feature", "properties": {"code": "Ln-T/2", "reg": "x-kesz", "conf": 0.998}, "geometry": {"type": "Point", "coordinates": [19.1364678, 47.4884549]}}, {"type": "Feature", "properties": {"code": "Ln-T/2", "reg": "x-kesz", "conf": 0.998}, "geometry": {"type": "Point", "coordinates": [19.1369049, 47.4880331]}}, {"type": "Feature", "properties": {"code": "Vt-H/14", "reg": "x-kesz", "conf": 0.998}, "geometry": {"type": "Point", "coordinates": [19.1362753, 47.4864637]}}, {"type": "Feature", "properties": {"code": "Vi-2/12", "reg": "x-kesz", "conf": 0.998}, "geometry": {"type": "Point", "coordinates": [19.1430878, 47.4883158]}}, {"type": "Feature", "properties": {"code": "Vi-2/72", "reg": "x-kesz", "conf": 0.998}, "geometry": {"type": "Point", "coordinates": [19.1576011, 47.4873783]}}, {"type": "Feature", "properties": {"code": "Vt-H/11", "reg": "x-kesz", "conf": 0.998}, "geometry": {"type": "Point", "coordinates": [19.1298579, 47.4831312]}}, {"type": "Feature", "properties": {"code": "Vi-2/83", "reg": "x-kesz", "conf": 0.998}, "geometry": {"type": "Point", "coordinates": [19.1358348, 47.4841577]}}, {"type": "Feature", "properties": {"code": "Vi-2/102", "reg": "x-kesz", "conf": 0.998}, "geometry": {"type": "Point", "coordinates": [19.1374123, 47.4832586]}}, {"type": "Feature", "properties": {"code": "Lke-1/2", "reg": "x-kesz", "conf": 0.998}, "geometry": {"type": "Point", "coordinates": [19.143994, 47.4831862]}}, {"type": "Feature", "properties": {"code": "Lke-1/7", "reg": "x-kesz", "conf": 0.998}, "geometry": {"type": "Point", "coordinates": [19.1486127, 47.4832005]}}, {"type": "Feature", "properties": {"code": "Ln-T/6", "reg": "x-kesz", "conf": 0.998}, "geometry": {"type": "Point", "coordinates": [19.1300734, 47.4818033]}}, {"type": "Feature", "properties": {"code": "Vi-2/102", "reg": "x-kesz", "conf": 0.998}, "geometry": {"type": "Point", "coordinates": [19.1347621, 47.4825545]}}, {"type": "Feature", "properties": {"code": "Ln-T/9", "reg": "x-kesz", "conf": 0.998}, "geometry": {"type": "Point", "coordinates": [19.1339907, 47.4823005]}}, {"type": "Feature", "properties": {"code": "Zkp/Kp-1", "reg": "x-kesz", "conf": 0.998}, "geometry": {"type": "Point", "coordinates": [19.1449095, 47.4803845]}}, {"type": "Feature", "properties": {"code": "Ln-3/11", "reg": "x-kesz", "conf": 0.998}, "geometry": {"type": "Point", "coordinates": [19.1481633, 47.4806302]}}, {"type": "Feature", "properties": {"code": "Ln-3/11", "reg": "x-kesz", "conf": 0.998}, "geometry": {"type": "Point", "coordinates": [19.1491907, 47.4796765]}}, {"type": "Feature", "properties": {"code": "Ln-T/17", "reg": "x-kesz", "conf": 0.998}, "geometry": {"type": "Point", "coordinates": [19.150379, 47.4811374]}}, {"type": "Feature", "properties": {"code": "Lke-1/18", "reg": "x-kesz", "conf": 0.998}, "geometry": {"type": "Point", "coordinates": [19.1542943, 47.4810538]}}, {"type": "Feature", "properties": {"code": "Ln-T/18", "reg": "x-kesz", "conf": 0.998}, "geometry": {"type": "Point", "coordinates": [19.1529739, 47.4804029]}}, {"type": "Feature", "properties": {"code": "Ln-T/17", "reg": "x-kesz", "conf": 0.998}, "geometry": {"type": "Point", "coordinates": [19.1515024, 47.480108]}}, {"type": "Feature", "properties": {"code": "Lke-1/18", "reg": "x-kesz", "conf": 0.998}, "geometry": {"type": "Point", "coordinates": [19.1563779, 47.4794889]}}, {"type": "Feature", "properties": {"code": "Lk-1/15", "reg": "x-kesz", "conf": 0.998}, "geometry": {"type": "Point", "coordinates": [19.134958, 47.4789147]}}, {"type": "Feature", "properties": {"code": "Lk-1/13", "reg": "x-kesz", "conf": 0.998}, "geometry": {"type": "Point", "coordinates": [19.1326514, 47.4771263]}}, {"type": "Feature", "properties": {"code": "Lke-1/12", "reg": "x-kesz", "conf": 0.998}, "geometry": {"type": "Point", "coordinates": [19.1420746, 47.4789426]}}, {"type": "Feature", "properties": {"code": "Lke-1/15", "reg": "x-kesz", "conf": 0.998}, "geometry": {"type": "Point", "coordinates": [19.1428042, 47.4780508]}}, {"type": "Feature", "properties": {"code": "Lke-1/17", "reg": "x-kesz", "conf": 0.998}, "geometry": {"type": "Point", "coordinates": [19.1435864, 47.4775726]}}, {"type": "Feature", "properties": {"code": "Lke-1/14", "reg": "x-kesz", "conf": 0.998}, "geometry": {"type": "Point", "coordinates": [19.1448187, 47.4764091]}}, {"type": "Feature", "properties": {"code": "Lke-1/11", "reg": "x-kesz", "conf": 0.998}, "geometry": {"type": "Point", "coordinates": [19.1464075, 47.4776708]}}, {"type": "Feature", "properties": {"code": "Lke-1/18", "reg": "x-kesz", "conf": 0.998}, "geometry": {"type": "Point", "coordinates": [19.1458547, 47.4772036]}}, {"type": "Feature", "properties": {"code": "Lke-1/3", "reg": "x-kesz", "conf": 0.998}, "geometry": {"type": "Point", "coordinates": [19.1483549, 47.4763246]}}, {"type": "Feature", "properties": {"code": "Ln-T/17", "reg": "x-kesz", "conf": 0.998}, "geometry": {"type": "Point", "coordinates": [19.1512283, 47.4789327]}}, {"type": "Feature", "properties": {"code": "Lke-1/30", "reg": "x-kesz", "conf": 0.998}, "geometry": {"type": "Point", "coordinates": [19.1505509, 47.4770668]}}, {"type": "Feature", "properties": {"code": "Ln-T/21", "reg": "x-kesz", "conf": 0.998}, "geometry": {"type": "Point", "coordinates": [19.1553381, 47.4785089]}}, {"type": "Feature", "properties": {"code": "Ln-T/20", "reg": "x-kesz", "conf": 0.998}, "geometry": {"type": "Point", "coordinates": [19.154568, 47.4777646]}}, {"type": "Feature", "properties": {"code": "Ln-T/1", "reg": "x-kesz", "conf": 0.998}, "geometry": {"type": "Point", "coordinates": [19.1551081, 47.47762]}}, {"type": "Feature", "properties": {"code": "Lke-1/13", "reg": "x-kesz", "conf": 0.998}, "geometry": {"type": "Point", "coordinates": [19.1570356, 47.4764342]}}, {"type": "Feature", "properties": {"code": "Lke-1/11", "reg": "x-kesz", "conf": 0.998}, "geometry": {"type": "Point", "coordinates": [19.1596726, 47.4771555]}}, {"type": "Feature", "properties": {"code": "Lke-1/6", "reg": "x-kesz", "conf": 0.998}, "geometry": {"type": "Point", "coordinates": [19.1554089, 47.476521]}}, {"type": "Feature", "properties": {"code": "Lke-1/6", "reg": "x-kesz", "conf": 0.998}, "geometry": {"type": "Point", "coordinates": [19.1566097, 47.4765381]}}, {"type": "Feature", "properties": {"code": "Ln-T/1", "reg": "x-kesz", "conf": 0.997}, "geometry": {"type": "Point", "coordinates": [19.1391989, 47.4891739]}}, {"type": "Feature", "properties": {"code": "Lk-1/18", "reg": "x-kesz", "conf": 0.997}, "geometry": {"type": "Point", "coordinates": [19.1289405, 47.4872893]}}, {"type": "Feature", "properties": {"code": "Ln-T/2", "reg": "x-kesz", "conf": 0.997}, "geometry": {"type": "Point", "coordinates": [19.1352892, 47.4881496]}}, {"type": "Feature", "properties": {"code": "Ln-T/27", "reg": "x-kesz", "conf": 0.997}, "geometry": {"type": "Point", "coordinates": [19.1390026, 47.4883502]}}, {"type": "Feature", "properties": {"code": "Ln-T/1", "reg": "x-kesz", "conf": 0.997}, "geometry": {"type": "Point", "coordinates": [19.1440843, 47.4869334]}}, {"type": "Feature", "properties": {"code": "Lk-2/13", "reg": "x-kesz", "conf": 0.997}, "geometry": {"type": "Point", "coordinates": [19.1424479, 47.4868314]}}, {"type": "Feature", "properties": {"code": "Vi-1/2", "reg": "x-kesz", "conf": 0.997}, "geometry": {"type": "Point", "coordinates": [19.152415, 47.4885591]}}, {"type": "Feature", "properties": {"code": "Vt-H/15", "reg": "x-kesz", "conf": 0.997}, "geometry": {"type": "Point", "coordinates": [19.1292815, 47.4839392]}}, {"type": "Feature", "properties": {"code": "Vt-H/5", "reg": "x-kesz", "conf": 0.997}, "geometry": {"type": "Point", "coordinates": [19.1334276, 47.4855855]}}, {"type": "Feature", "properties": {"code": "Ln-T/9", "reg": "x-kesz", "conf": 0.997}, "geometry": {"type": "Point", "coordinates": [19.1338731, 47.4851625]}}, {"type": "Feature", "properties": {"code": "Ln-T/9", "reg": "x-kesz", "conf": 0.997}, "geometry": {"type": "Point", "coordinates": [19.13361, 47.4846149]}}, {"type": "Feature", "properties": {"code": "Vi-2/84", "reg": "x-kesz", "conf": 0.997}, "geometry": {"type": "Point", "coordinates": [19.1394999, 47.4834306]}}, {"type": "Feature", "properties": {"code": "Vi-2/88", "reg": "x-kesz", "conf": 0.997}, "geometry": {"type": "Point", "coordinates": [19.1409451, 47.4857221]}}, {"type": "Feature", "properties": {"code": "Ln-3/2", "reg": "x-kesz", "conf": 0.997}, "geometry": {"type": "Point", "coordinates": [19.1490271, 47.4849326]}}, {"type": "Feature", "properties": {"code": "Lke-1/30", "reg": "x-kesz", "conf": 0.997}, "geometry": {"type": "Point", "coordinates": [19.1495476, 47.4824343]}}, {"type": "Feature", "properties": {"code": "Ln-3/2", "reg": "x-kesz", "conf": 0.997}, "geometry": {"type": "Point", "coordinates": [19.1507498, 47.4840691]}}, {"type": "Feature", "properties": {"code": "Gksz-1/9", "reg": "x-kesz", "conf": 0.997}, "geometry": {"type": "Point", "coordinates": [19.1526483, 47.4839247]}}, {"type": "Feature", "properties": {"code": "Vi-2/97", "reg": "x-kesz", "conf": 0.997}, "geometry": {"type": "Point", "coordinates": [19.1395546, 47.4813797]}}, {"type": "Feature", "properties": {"code": "Lke-1/2", "reg": "x-kesz", "conf": 0.997}, "geometry": {"type": "Point", "coordinates": [19.1437528, 47.4829204]}}, {"type": "Feature", "properties": {"code": "Lke-1/2", "reg": "x-kesz", "conf": 0.997}, "geometry": {"type": "Point", "coordinates": [19.1437655, 47.48224]}}, {"type": "Feature", "properties": {"code": "Lke-1/2", "reg": "x-kesz", "conf": 0.997}, "geometry": {"type": "Point", "coordinates": [19.1415311, 47.4817257]}}, {"type": "Feature", "properties": {"code": "Lke-1/12", "reg": "x-kesz", "conf": 0.997}, "geometry": {"type": "Point", "coordinates": [19.1463156, 47.4824115]}}, {"type": "Feature", "properties": {"code": "Lke-1/34", "reg": "x-kesz", "conf": 0.997}, "geometry": {"type": "Point", "coordinates": [19.148648, 47.4818201]}}, {"type": "Feature", "properties": {"code": "Ln-T/1", "reg": "x-kesz", "conf": 0.997}, "geometry": {"type": "Point", "coordinates": [19.1498127, 47.4817302]}}, {"type": "Feature", "properties": {"code": "Lke-1/2", "reg": "x-kesz", "conf": 0.997}, "geometry": {"type": "Point", "coordinates": [19.1528265, 47.4823264]}}, {"type": "Feature", "properties": {"code": "Ln-T/17", "reg": "x-kesz", "conf": 0.997}, "geometry": {"type": "Point", "coordinates": [19.1502203, 47.4819602]}}, {"type": "Feature", "properties": {"code": "Ln-T/17", "reg": "x-kesz", "conf": 0.997}, "geometry": {"type": "Point", "coordinates": [19.1511043, 47.4807098]}}, {"type": "Feature", "properties": {"code": "Ln-T/17", "reg": "x-kesz", "conf": 0.997}, "geometry": {"type": "Point", "coordinates": [19.1504289, 47.4805418]}}, {"type": "Feature", "properties": {"code": "Gksz-1/12", "reg": "x-kesz", "conf": 0.997}, "geometry": {"type": "Point", "coordinates": [19.1594428, 47.4804426]}}, {"type": "Feature", "properties": {"code": "Lk-2/16", "reg": "x-kesz", "conf": 0.997}, "geometry": {"type": "Point", "coordinates": [19.1591315, 47.4793613]}}, {"type": "Feature", "properties": {"code": "Gksz-2/11", "reg": "x-kesz", "conf": 0.997}, "geometry": {"type": "Point", "coordinates": [19.1271313, 47.4792249]}}, {"type": "Feature", "properties": {"code": "Gksz-2/11", "reg": "x-kesz", "conf": 0.997}, "geometry": {"type": "Point", "coordinates": [19.1295715, 47.4775576]}}, {"type": "Feature", "properties": {"code": "Gksz-2/11", "reg": "x-kesz", "conf": 0.997}, "geometry": {"type": "Point", "coordinates": [19.1313089, 47.4763962]}}, {"type": "Feature", "properties": {"code": "Lke-1/15", "reg": "x-kesz", "conf": 0.997}, "geometry": {"type": "Point", "coordinates": [19.1421397, 47.4784316]}}, {"type": "Feature", "properties": {"code": "Lke-1/3", "reg": "x-kesz", "conf": 0.997}, "geometry": {"type": "Point", "coordinates": [19.1440655, 47.4784005]}}, {"type": "Feature", "properties": {"code": "Ln-3/13", "reg": "x-kesz", "conf": 0.997}, "geometry": {"type": "Point", "coordinates": [19.1486375, 47.4788861]}}, {"type": "Feature", "properties": {"code": "Lke-1/18", "reg": "x-kesz", "conf": 0.997}, "geometry": {"type": "Point", "coordinates": [19.1471215, 47.4778592]}}, {"type": "Feature", "properties": {"code": "Lke-1/18", "reg": "x-kesz", "conf": 0.997}, "geometry": {"type": "Point", "coordinates": [19.144817, 47.4777655]}}, {"type": "Feature", "properties": {"code": "Lke-1/18", "reg": "x-kesz", "conf": 0.997}, "geometry": {"type": "Point", "coordinates": [19.1478073, 47.4771635]}}, {"type": "Feature", "properties": {"code": "Lke-1/18", "reg": "x-kesz", "conf": 0.997}, "geometry": {"type": "Point", "coordinates": [19.158036, 47.4782025]}}, {"type": "Feature", "properties": {"code": "Ln-T/Kozmu1", "reg": "x-kesz", "conf": 0.997}, "geometry": {"type": "Point", "coordinates": [19.1545045, 47.4780819]}}, {"type": "Feature", "properties": {"code": "Lke-1/6", "reg": "x-kesz", "conf": 0.997}, "geometry": {"type": "Point", "coordinates": [19.1567171, 47.4775078]}}, {"type": "Feature", "properties": {"code": "Ln-T/1", "reg": "x-kesz", "conf": 0.997}, "geometry": {"type": "Point", "coordinates": [19.1546667, 47.4773463]}}, {"type": "Feature", "properties": {"code": "Gksz-2/11", "reg": "x-kesz", "conf": 0.997}, "geometry": {"type": "Point", "coordinates": [19.1291249, 47.4763665]}}, {"type": "Feature", "properties": {"code": "Lke-1/9", "reg": "x-kesz", "conf": 0.997}, "geometry": {"type": "Point", "coordinates": [19.1461551, 47.4763729]}}, {"type": "Feature", "properties": {"code": "Lke-1/AI-1", "reg": "x-kesz", "conf": 0.997}, "geometry": {"type": "Point", "coordinates": [19.1475419, 47.4762213]}}, {"type": "Feature", "properties": {"code": "Lk-1/16", "reg": "x-kesz", "conf": 0.996}, "geometry": {"type": "Point", "coordinates": [19.1298354, 47.489563]}}, {"type": "Feature", "properties": {"code": "Lk-1/16", "reg": "x-kesz", "conf": 0.996}, "geometry": {"type": "Point", "coordinates": [19.1343544, 47.4904758]}}, {"type": "Feature", "properties": {"code": "Gksz-2/4", "reg": "x-kesz", "conf": 0.996}, "geometry": {"type": "Point", "coordinates": [19.1510533, 47.4911971]}}, {"type": "Feature", "properties": {"code": "Gksz-2/37", "reg": "x-kesz", "conf": 0.996}, "geometry": {"type": "Point", "coordinates": [19.1563704, 47.4912113]}}, {"type": "Feature", "properties": {"code": "Gksz-2/37", "reg": "x-kesz", "conf": 0.996}, "geometry": {"type": "Point", "coordinates": [19.1579567, 47.4905024]}}, {"type": "Feature", "properties": {"code": "K-Hon/5", "reg": "x-kesz", "conf": 0.996}, "geometry": {"type": "Point", "coordinates": [19.1598989, 47.4887038]}}, {"type": "Feature", "properties": {"code": "Vt-H/4", "reg": "x-kesz", "conf": 0.996}, "geometry": {"type": "Point", "coordinates": [19.1340606, 47.4884105]}}, {"type": "Feature", "properties": {"code": "Ln-T/2", "reg": "x-kesz", "conf": 0.996}, "geometry": {"type": "Point", "coordinates": [19.1355698, 47.4876475]}}, {"type": "Feature", "properties": {"code": "Lk-2/13", "reg": "x-kesz", "conf": 0.996}, "geometry": {"type": "Point", "coordinates": [19.1412605, 47.4876054]}}, {"type": "Feature", "properties": {"code": "Gksz-2/29", "reg": "x-kesz", "conf": 0.996}, "geometry": {"type": "Point", "coordinates": [19.1543811, 47.4873768]}}, {"type": "Feature", "properties": {"code": "Lke-1/2", "reg": "x-kesz", "conf": 0.996}, "geometry": {"type": "Point", "coordinates": [19.144378, 47.483406]}}, {"type": "Feature", "properties": {"code": "Lk-1/12", "reg": "x-kesz", "conf": 0.996}, "geometry": {"type": "Point", "coordinates": [19.1335279, 47.479605]}}, {"type": "Feature", "properties": {"code": "Lke-1/2", "reg": "x-kesz", "conf": 0.996}, "geometry": {"type": "Point", "coordinates": [19.1432407, 47.482592]}}, {"type": "Feature", "properties": {"code": "Lke-1/2", "reg": "x-kesz", "conf": 0.996}, "geometry": {"type": "Point", "coordinates": [19.14238, 47.4821777]}}, {"type": "Feature", "properties": {"code": "Vi-2/103", "reg": "x-kesz", "conf": 0.996}, "geometry": {"type": "Point", "coordinates": [19.1402482, 47.4816176]}}, {"type": "Feature", "properties": {"code": "Ln-T/18", "reg": "x-kesz", "conf": 0.996}, "geometry": {"type": "Point", "coordinates": [19.151975, 47.4811687]}}, {"type": "Feature", "properties": {"code": "Gksz-2/11", "reg": "x-kesz", "conf": 0.996}, "geometry": {"type": "Point", "coordinates": [19.1278259, 47.4773582]}}, {"type": "Feature", "properties": {"code": "Gksz-2/11", "reg": "x-kesz", "conf": 0.996}, "geometry": {"type": "Point", "coordinates": [19.1290404, 47.4767343]}}, {"type": "Feature", "properties": {"code": "Ln-T/17", "reg": "x-kesz", "conf": 0.996}, "geometry": {"type": "Point", "coordinates": [19.1523233, 47.4797547]}}, {"type": "Feature", "properties": {"code": "Lke-1/AI-2", "reg": "x-kesz", "conf": 0.996}, "geometry": {"type": "Point", "coordinates": [19.152976, 47.4794096]}}, {"type": "Feature", "properties": {"code": "Ln-T/17", "reg": "x-kesz", "conf": 0.996}, "geometry": {"type": "Point", "coordinates": [19.1537972, 47.479243]}}, {"type": "Feature", "properties": {"code": "Lke-1/28", "reg": "x-kesz", "conf": 0.996}, "geometry": {"type": "Point", "coordinates": [19.1520448, 47.4764908]}}, {"type": "Feature", "properties": {"code": "Ln-T/17", "reg": "x-kesz", "conf": 0.996}, "geometry": {"type": "Point", "coordinates": [19.1548959, 47.4788768]}}, {"type": "Feature", "properties": {"code": "Lke-1/9", "reg": "x-kesz", "conf": 0.996}, "geometry": {"type": "Point", "coordinates": [19.145455, 47.47649]}}, {"type": "Feature", "properties": {"code": "Ln-T/16", "reg": "x-kesz", "conf": 0.996}, "geometry": {"type": "Point", "coordinates": [19.1584191, 47.4763989]}}, {"type": "Feature", "properties": {"code": "Ln-T/2", "reg": "x-kesz", "conf": 0.995}, "geometry": {"type": "Point", "coordinates": [19.136445, 47.48907]}}, {"type": "Feature", "properties": {"code": "Ln-T/2", "reg": "x-kesz", "conf": 0.995}, "geometry": {"type": "Point", "coordinates": [19.1357788, 47.4879017]}}, {"type": "Feature", "properties": {"code": "Ln-T/9", "reg": "x-kesz", "conf": 0.995}, "geometry": {"type": "Point", "coordinates": [19.1329551, 47.4846166]}}, {"type": "Feature", "properties": {"code": "Ln-T/7", "reg": "x-kesz", "conf": 0.995}, "geometry": {"type": "Point", "coordinates": [19.1317613, 47.4842495]}}, {"type": "Feature", "properties": {"code": "Ln-T/9", "reg": "x-kesz", "conf": 0.995}, "geometry": {"type": "Point", "coordinates": [19.1329728, 47.4826116]}}, {"type": "Feature", "properties": {"code": "Ln-T/9", "reg": "x-kesz", "conf": 0.995}, "geometry": {"type": "Point", "coordinates": [19.1325909, 47.482826]}}, {"type": "Feature", "properties": {"code": "Lke-1/2", "reg": "x-kesz", "conf": 0.995}, "geometry": {"type": "Point", "coordinates": [19.1444429, 47.482919]}}, {"type": "Feature", "properties": {"code": "Lk-1/22", "reg": "x-kesz", "conf": 0.995}, "geometry": {"type": "Point", "coordinates": [19.1401559, 47.4777819]}}, {"type": "Feature", "properties": {"code": "Lke-1/17", "reg": "x-kesz", "conf": 0.995}, "geometry": {"type": "Point", "coordinates": [19.1411976, 47.4789717]}}, {"type": "Feature", "properties": {"code": "Lke-1/30", "reg": "x-kesz", "conf": 0.995}, "geometry": {"type": "Point", "coordinates": [19.1481189, 47.4788314]}}, {"type": "Feature", "properties": {"code": "Lke-1/3", "reg": "x-kesz", "conf": 0.995}, "geometry": {"type": "Point", "coordinates": [19.1485522, 47.4765335]}}, {"type": "Feature", "properties": {"code": "Kt-Zkk/2", "reg": "x-kesz", "conf": 0.994}, "geometry": {"type": "Point", "coordinates": [19.1338406, 47.4889386]}}, {"type": "Feature", "properties": {"code": "Vi-2/19", "reg": "x-kesz", "conf": 0.994}, "geometry": {"type": "Point", "coordinates": [19.1391214, 47.4906129]}}, {"type": "Feature", "properties": {"code": "Gksz-2/28", "reg": "x-kesz", "conf": 0.994}, "geometry": {"type": "Point", "coordinates": [19.1568558, 47.4889919]}}, {"type": "Feature", "properties": {"code": "Gksz-2/34", "reg": "x-kesz", "conf": 0.994}, "geometry": {"type": "Point", "coordinates": [19.1592159, 47.4904811]}}, {"type": "Feature", "properties": {"code": "Lk-1/18", "reg": "x-kesz", "conf": 0.994}, "geometry": {"type": "Point", "coordinates": [19.1283106, 47.4882899]}}, {"type": "Feature", "properties": {"code": "Lk-1/19", "reg": "x-kesz", "conf": 0.994}, "geometry": {"type": "Point", "coordinates": [19.1278791, 47.4862864]}}, {"type": "Feature", "properties": {"code": "Vt-H/3", "reg": "x-kesz", "conf": 0.994}, "geometry": {"type": "Point", "coordinates": [19.1324825, 47.4877444]}}, {"type": "Feature", "properties": {"code": "Vt-H/7", "reg": "x-kesz", "conf": 0.994}, "geometry": {"type": "Point", "coordinates": [19.1310529, 47.4844962]}}, {"type": "Feature", "properties": {"code": "K-Vke/1", "reg": "x-kesz", "conf": 0.994}, "geometry": {"type": "Point", "coordinates": [19.1415423, 47.48279]}}, {"type": "Feature", "properties": {"code": "Lke-1/7", "reg": "x-kesz", "conf": 0.994}, "geometry": {"type": "Point", "coordinates": [19.1471624, 47.4837421]}}, {"type": "Feature", "properties": {"code": "Gksz-1/5", "reg": "x-kesz", "conf": 0.994}, "geometry": {"type": "Point", "coordinates": [19.1539472, 47.4848062]}}, {"type": "Feature", "properties": {"code": "Ln-T/AI-1", "reg": "x-kesz", "conf": 0.994}, "geometry": {"type": "Point", "coordinates": [19.1522769, 47.4816623]}}, {"type": "Feature", "properties": {"code": "Gksz-2/11", "reg": "x-kesz", "conf": 0.994}, "geometry": {"type": "Point", "coordinates": [19.127138, 47.4778925]}}, {"type": "Feature", "properties": {"code": "Lk-1/24", "reg": "x-kesz", "conf": 0.994}, "geometry": {"type": "Point", "coordinates": [19.1404138, 47.4786227]}}, {"type": "Feature", "properties": {"code": "Lke-1/30", "reg": "x-kesz", "conf": 0.994}, "geometry": {"type": "Point", "coordinates": [19.1537003, 47.4798124]}}, {"type": "Feature", "properties": {"code": "Kt-Zkk/1", "reg": "x-kesz", "conf": 0.994}, "geometry": {"type": "Point", "coordinates": [19.153871, 47.4790298]}}, {"type": "Feature", "properties": {"code": "Lke-1/30", "reg": "x-kesz", "conf": 0.994}, "geometry": {"type": "Point", "coordinates": [19.1500851, 47.4775666]}}, {"type": "Feature", "properties": {"code": "Lk-1/21", "reg": "x-kesz", "conf": 0.994}, "geometry": {"type": "Point", "coordinates": [19.1408193, 47.4765293]}}, {"type": "Feature", "properties": {"code": "Ln-T/4", "reg": "x-kesz", "conf": 0.993}, "geometry": {"type": "Point", "coordinates": [19.1372574, 47.4899185]}}, {"type": "Feature", "properties": {"code": "Ln-T/2", "reg": "x-kesz", "conf": 0.993}, "geometry": {"type": "Point", "coordinates": [19.1360069, 47.4873885]}}, {"type": "Feature", "properties": {"code": "Ln-T/2", "reg": "x-kesz", "conf": 0.993}, "geometry": {"type": "Point", "coordinates": [19.1378537, 47.4875558]}}, {"type": "Feature", "properties": {"code": "Ln-T/1", "reg": "x-kesz", "conf": 0.993}, "geometry": {"type": "Point", "coordinates": [19.1432704, 47.4860783]}}, {"type": "Feature", "properties": {"code": "Ln-T/AI-2", "reg": "x-kesz", "conf": 0.993}, "geometry": {"type": "Point", "coordinates": [19.1321861, 47.4821171]}}, {"type": "Feature", "properties": {"code": "Lk-1/21", "reg": "x-kesz", "conf": 0.993}, "geometry": {"type": "Point", "coordinates": [19.1418549, 47.4768335]}}, {"type": "Feature", "properties": {"code": "Ln-T/17", "reg": "x-kesz", "conf": 0.993}, "geometry": {"type": "Point", "coordinates": [19.15206, 47.4791487]}}, {"type": "Feature", "properties": {"code": "Ln-T/17", "reg": "x-kesz", "conf": 0.993}, "geometry": {"type": "Point", "coordinates": [19.1539649, 47.4787811]}}, {"type": "Feature", "properties": {"code": "Kt-Fk/2", "reg": "x-kesz", "conf": 0.993}, "geometry": {"type": "Point", "coordinates": [19.154204, 47.4773682]}}, {"type": "Feature", "properties": {"code": "Lke-1/30", "reg": "x-kesz", "conf": 0.993}, "geometry": {"type": "Point", "coordinates": [19.1550619, 47.4770758]}}, {"type": "Feature", "properties": {"code": "Lk-1/21", "reg": "x-kesz", "conf": 0.993}, "geometry": {"type": "Point", "coordinates": [19.1434816, 47.4765753]}}, {"type": "Feature", "properties": {"code": "Lk-1/21", "reg": "x-kesz", "conf": 0.993}, "geometry": {"type": "Point", "coordinates": [19.1415665, 47.4763938]}}, {"type": "Feature", "properties": {"code": "Ln-T/9", "reg": "x-kesz", "conf": 0.992}, "geometry": {"type": "Point", "coordinates": [19.1330986, 47.482214]}}, {"type": "Feature", "properties": {"code": "Lke-1/8", "reg": "x-kesz", "conf": 0.992}, "geometry": {"type": "Point", "coordinates": [19.147042, 47.4816035]}}, {"type": "Feature", "properties": {"code": "Ln-3/11", "reg": "x-kesz", "conf": 0.992}, "geometry": {"type": "Point", "coordinates": [19.1484009, 47.4794661]}}, {"type": "Feature", "properties": {"code": "Gksz-2/11", "reg": "x-kesz", "conf": 0.992}, "geometry": {"type": "Point", "coordinates": [19.1309323, 47.4767711]}}, {"type": "Feature", "properties": {"code": "Vi-2/33", "reg": "x-kesz", "conf": 0.992}, "geometry": {"type": "Point", "coordinates": [19.1381992, 47.4768861]}}, {"type": "Feature", "properties": {"code": "Lke-1/30", "reg": "x-kesz", "conf": 0.992}, "geometry": {"type": "Point", "coordinates": [19.14889, 47.4774848]}}, {"type": "Feature", "properties": {"code": "Vi-2/33", "reg": "x-kesz", "conf": 0.992}, "geometry": {"type": "Point", "coordinates": [19.1376732, 47.4764142]}}, {"type": "Feature", "properties": {"code": "Gksz-2/7", "reg": "x-kesz", "conf": 0.991}, "geometry": {"type": "Point", "coordinates": [19.1455146, 47.4893409]}}, {"type": "Feature", "properties": {"code": "Vt-H/2", "reg": "x-kesz", "conf": 0.991}, "geometry": {"type": "Point", "coordinates": [19.1319567, 47.4871571]}}, {"type": "Feature", "properties": {"code": "Vi-2/96", "reg": "x-kesz", "conf": 0.991}, "geometry": {"type": "Point", "coordinates": [19.1384063, 47.4865966]}}, {"type": "Feature", "properties": {"code": "Vt-H/8", "reg": "x-kesz", "conf": 0.991}, "geometry": {"type": "Point", "coordinates": [19.1289243, 47.4849659]}}, {"type": "Feature", "properties": {"code": "Lk-1/15", "reg": "x-kesz", "conf": 0.991}, "geometry": {"type": "Point", "coordinates": [19.1369082, 47.4797486]}}, {"type": "Feature", "properties": {"code": "Lk-1/15", "reg": "x-kesz", "conf": 0.991}, "geometry": {"type": "Point", "coordinates": [19.1342972, 47.4795657]}}, {"type": "Feature", "properties": {"code": "Lk-1/15", "reg": "x-kesz", "conf": 0.991}, "geometry": {"type": "Point", "coordinates": [19.1327272, 47.4785263]}}, {"type": "Feature", "properties": {"code": "Lke-1/30", "reg": "x-kesz", "conf": 0.991}, "geometry": {"type": "Point", "coordinates": [19.152741, 47.4785928]}}, {"type": "Feature", "properties": {"code": "Kt-Zkk/5", "reg": "x-kesz", "conf": 0.991}, "geometry": {"type": "Point", "coordinates": [19.1500998, 47.4785072]}}, {"type": "Feature", "properties": {"code": "Lk-2/5", "reg": "x-kesz", "conf": 0.991}, "geometry": {"type": "Point", "coordinates": [19.1594274, 47.4790988]}}, {"type": "Feature", "properties": {"code": "Lk-1/14", "reg": "x-kesz", "conf": 0.991}, "geometry": {"type": "Point", "coordinates": [19.1334334, 47.476674]}}, {"type": "Feature", "properties": {"code": "Lk-1/16", "reg": "x-kesz", "conf": 0.99}, "geometry": {"type": "Point", "coordinates": [19.1278368, 47.4889192]}}, {"type": "Feature", "properties": {"code": "Lk-1/5", "reg": "x-kesz", "conf": 0.99}, "geometry": {"type": "Point", "coordinates": [19.1410832, 47.4897629]}}, {"type": "Feature", "properties": {"code": "Lk-1/17", "reg": "x-kesz", "conf": 0.99}, "geometry": {"type": "Point", "coordinates": [19.1296248, 47.4865694]}}, {"type": "Feature", "properties": {"code": "Lk-1/19", "reg": "x-kesz", "conf": 0.99}, "geometry": {"type": "Point", "coordinates": [19.1319648, 47.488258]}}, {"type": "Feature", "properties": {"code": "Ln-T/2", "reg": "x-kesz", "conf": 0.99}, "geometry": {"type": "Point", "coordinates": [19.1368435, 47.4873662]}}, {"type": "Feature", "properties": {"code": "Kt-Fk/2", "reg": "x-kesz", "conf": 0.99}, "geometry": {"type": "Point", "coordinates": [19.1293662, 47.4815884]}}, {"type": "Feature", "properties": {"code": "Lk-1/3", "reg": "x-kesz", "conf": 0.99}, "geometry": {"type": "Point", "coordinates": [19.1375724, 47.480619]}}, {"type": "Feature", "properties": {"code": "Lk-2/8", "reg": "x-kesz", "conf": 0.99}, "geometry": {"type": "Point", "coordinates": [19.1507869, 47.4827939]}}, {"type": "Feature", "properties": {"code": "Kt-Zkk/3", "reg": "x-kesz", "conf": 0.99}, "geometry": {"type": "Point", "coordinates": [19.1509852, 47.4769384]}}, {"type": "Feature", "properties": {"code": "Lk-1/14", "reg": "x-kesz", "conf": 0.989}, "geometry": {"type": "Point", "coordinates": [19.1326687, 47.4775868]}}, {"type": "Feature", "properties": {"code": "Ln-T/17", "reg": "x-kesz", "conf": 0.989}, "geometry": {"type": "Point", "coordinates": [19.1524283, 47.4788691]}}, {"type": "Feature", "properties": {"code": "Lk-1/16", "reg": "x-kesz", "conf": 0.988}, "geometry": {"type": "Point", "coordinates": [19.1325293, 47.4901916]}}, {"type": "Feature", "properties": {"code": "Lk-1/19", "reg": "x-kesz", "conf": 0.988}, "geometry": {"type": "Point", "coordinates": [19.1342124, 47.4899248]}}, {"type": "Feature", "properties": {"code": "Ln-T/4", "reg": "x-kesz", "conf": 0.988}, "geometry": {"type": "Point", "coordinates": [19.1378502, 47.4887977]}}, {"type": "Feature", "properties": {"code": "Ln-T/2", "reg": "x-kesz", "conf": 0.988}, "geometry": {"type": "Point", "coordinates": [19.136178, 47.4882212]}}, {"type": "Feature", "properties": {"code": "Kt-Fk/2", "reg": "x-kesz", "conf": 0.988}, "geometry": {"type": "Point", "coordinates": [19.1312899, 47.482805]}}, {"type": "Feature", "properties": {"code": "Lk-1/20", "reg": "x-kesz", "conf": 0.988}, "geometry": {"type": "Point", "coordinates": [19.1315787, 47.4794859]}}, {"type": "Feature", "properties": {"code": "Kt-Fk/2", "reg": "x-kesz", "conf": 0.988}, "geometry": {"type": "Point", "coordinates": [19.1320728, 47.4816394]}}, {"type": "Feature", "properties": {"code": "Lk-1/20", "reg": "x-kesz", "conf": 0.988}, "geometry": {"type": "Point", "coordinates": [19.1313266, 47.4798068]}}, {"type": "Feature", "properties": {"code": "Zkp/Kp-6", "reg": "x-kesz", "conf": 0.988}, "geometry": {"type": "Point", "coordinates": [19.1361891, 47.4820586]}}, {"type": "Feature", "properties": {"code": "Lk-1/20", "reg": "x-kesz", "conf": 0.988}, "geometry": {"type": "Point", "coordinates": [19.1314333, 47.4790356]}}, {"type": "Feature", "properties": {"code": "Ln-T/Kozmu1", "reg": "x-kesz", "conf": 0.988}, "geometry": {"type": "Point", "coordinates": [19.1510862, 47.4771135]}}, {"type": "Feature", "properties": {"code": "Ln-T/Kozmu1", "reg": "x-kesz", "conf": 0.988}, "geometry": {"type": "Point", "coordinates": [19.1541001, 47.4791648]}}, {"type": "Feature", "properties": {"code": "Lke-1/6", "reg": "x-kesz", "conf": 0.988}, "geometry": {"type": "Point", "coordinates": [19.1598538, 47.4767419]}}, {"type": "Feature", "properties": {"code": "Lk-1/16", "reg": "x-kesz", "conf": 0.987}, "geometry": {"type": "Point", "coordinates": [19.127459, 47.4895804]}}, {"type": "Feature", "properties": {"code": "Lk-1/19", "reg": "x-kesz", "conf": 0.987}, "geometry": {"type": "Point", "coordinates": [19.1329197, 47.488702]}}, {"type": "Feature", "properties": {"code": "Zkp/Kk-1", "reg": "x-kesz", "conf": 0.987}, "geometry": {"type": "Point", "coordinates": [19.1442101, 47.483917]}}, {"type": "Feature", "properties": {"code": "Kt-Fk/2", "reg": "x-kesz", "conf": 0.987}, "geometry": {"type": "Point", "coordinates": [19.1316873, 47.4816843]}}, {"type": "Feature", "properties": {"code": "Ln-T/Kozmu1", "reg": "x-kesz", "conf": 0.987}, "geometry": {"type": "Point", "coordinates": [19.1545202, 47.4771734]}}, {"type": "Feature", "properties": {"code": "Zkp/Kk-1", "reg": "x-kesz", "conf": 0.986}, "geometry": {"type": "Point", "coordinates": [19.1319745, 47.4865843]}}, {"type": "Feature", "properties": {"code": "Zkp/Kk-1", "reg": "x-kesz", "conf": 0.986}, "geometry": {"type": "Point", "coordinates": [19.1333206, 47.4861619]}}, {"type": "Feature", "properties": {"code": "Kt-Zkk/2", "reg": "x-kesz", "conf": 0.986}, "geometry": {"type": "Point", "coordinates": [19.1324106, 47.4825534]}}, {"type": "Feature", "properties": {"code": "Kt-Zkk/4", "reg": "x-kesz", "conf": 0.986}, "geometry": {"type": "Point", "coordinates": [19.1416583, 47.4811391]}}, {"type": "Feature", "properties": {"code": "Kt-Zkk/3", "reg": "x-kesz", "conf": 0.986}, "geometry": {"type": "Point", "coordinates": [19.1522133, 47.4793494]}}, {"type": "Feature", "properties": {"code": "Gksz-2/10", "reg": "x-kesz", "conf": 0.986}, "geometry": {"type": "Point", "coordinates": [19.1269713, 47.476512]}}, {"type": "Feature", "properties": {"code": "Ln-T/17", "reg": "x-kesz", "conf": 0.986}, "geometry": {"type": "Point", "coordinates": [19.1538824, 47.4773296]}}, {"type": "Feature", "properties": {"code": "Lk-1/19", "reg": "x-kesz", "conf": 0.985}, "geometry": {"type": "Point", "coordinates": [19.1269954, 47.4878404]}}, {"type": "Feature", "properties": {"code": "Kt-Fk/3", "reg": "x-kesz", "conf": 0.985}, "geometry": {"type": "Point", "coordinates": [19.1315667, 47.4834235]}}, {"type": "Feature", "properties": {"code": "Vi-2/95", "reg": "x-kesz", "conf": 0.985}, "geometry": {"type": "Point", "coordinates": [19.1423042, 47.4849743]}}, {"type": "Feature", "properties": {"code": "Ln-T/5", "reg": "x-kesz", "conf": 0.985}, "geometry": {"type": "Point", "coordinates": [19.1301601, 47.4811661]}}, {"type": "Feature", "properties": {"code": "Ln-T/18", "reg": "x-kesz", "conf": 0.985}, "geometry": {"type": "Point", "coordinates": [19.1506529, 47.4764836]}}, {"type": "Feature", "properties": {"code": "Ln-T/4", "reg": "x-kesz", "conf": 0.984}, "geometry": {"type": "Point", "coordinates": [19.1383752, 47.4900806]}}, {"type": "Feature", "properties": {"code": "Vi-2/73", "reg": "x-kesz", "conf": 0.984}, "geometry": {"type": "Point", "coordinates": [19.1569858, 47.48521]}}, {"type": "Feature", "properties": {"code": "Kt-Zkk/2", "reg": "x-kesz", "conf": 0.984}, "geometry": {"type": "Point", "coordinates": [19.1340677, 47.4818788]}}, {"type": "Feature", "properties": {"code": "Kt-Zkk/1", "reg": "x-kesz", "conf": 0.984}, "geometry": {"type": "Point", "coordinates": [19.1488552, 47.4793499]}}, {"type": "Feature", "properties": {"code": "Zkp/Kp-5", "reg": "x-kesz", "conf": 0.983}, "geometry": {"type": "Point", "coordinates": [19.1350489, 47.4870683]}}, {"type": "Feature", "properties": {"code": "Lk-2/2", "reg": "x-kesz", "conf": 0.983}, "geometry": {"type": "Point", "coordinates": [19.1402598, 47.4882016]}}, {"type": "Feature", "properties": {"code": "Lk-2/8", "reg": "x-kesz", "conf": 0.983}, "geometry": {"type": "Point", "coordinates": [19.1513227, 47.4832989]}}, {"type": "Feature", "properties": {"code": "Lk-1/15", "reg": "x-kesz", "conf": 0.983}, "geometry": {"type": "Point", "coordinates": [19.1325317, 47.4798039]}}, {"type": "Feature", "properties": {"code": "Lk-1/14", "reg": "x-kesz", "conf": 0.983}, "geometry": {"type": "Point", "coordinates": [19.1331233, 47.4777252]}}, {"type": "Feature", "properties": {"code": "Lk-1/24", "reg": "x-kesz", "conf": 0.983}, "geometry": {"type": "Point", "coordinates": [19.1391971, 47.4760548]}}, {"type": "Feature", "properties": {"code": "Lk-1/16", "reg": "x-kesz", "conf": 0.982}, "geometry": {"type": "Point", "coordinates": [19.1309428, 47.487979]}}, {"type": "Feature", "properties": {"code": "Kt-Zkk/2", "reg": "x-kesz", "conf": 0.982}, "geometry": {"type": "Point", "coordinates": [19.1337264, 47.4849025]}}, {"type": "Feature", "properties": {"code": "Kt-Zkk/2", "reg": "x-kesz", "conf": 0.982}, "geometry": {"type": "Point", "coordinates": [19.1333353, 47.4830307]}}, {"type": "Feature", "properties": {"code": "Ln-T/9", "reg": "x-kesz", "conf": 0.982}, "geometry": {"type": "Point", "coordinates": [19.1333432, 47.4827099]}}, {"type": "Feature", "properties": {"code": "Lk-1/15", "reg": "x-kesz", "conf": 0.982}, "geometry": {"type": "Point", "coordinates": [19.1387328, 47.4783476]}}, {"type": "Feature", "properties": {"code": "Kt-Zkk/3", "reg": "x-kesz", "conf": 0.981}, "geometry": {"type": "Point", "coordinates": [19.1512334, 47.4803832]}}, {"type": "Feature", "properties": {"code": "Lk-1/13", "reg": "x-kesz", "conf": 0.981}, "geometry": {"type": "Point", "coordinates": [19.1319823, 47.4779528]}}, {"type": "Feature", "properties": {"code": "Lk-1/14", "reg": "x-kesz", "conf": 0.981}, "geometry": {"type": "Point", "coordinates": [19.1344416, 47.4765433]}}, {"type": "Feature", "properties": {"code": "Ln-T/4", "reg": "x-kesz", "conf": 0.98}, "geometry": {"type": "Point", "coordinates": [19.1387314, 47.4895394]}}, {"type": "Feature", "properties": {"code": "Gksz-1/12", "reg": "x-kesz", "conf": 0.98}, "geometry": {"type": "Point", "coordinates": [19.1579162, 47.4808216]}}, {"type": "Feature", "properties": {"code": "Lke-1/18", "reg": "x-kesz", "conf": 0.98}, "geometry": {"type": "Point", "coordinates": [19.1475878, 47.4766595]}}, {"type": "Feature", "properties": {"code": "Lk-1/18", "reg": "x-kesz", "conf": 0.979}, "geometry": {"type": "Point", "coordinates": [19.1324475, 47.4893702]}}, {"type": "Feature", "properties": {"code": "Lke-1/13", "reg": "x-kesz", "conf": 0.979}, "geometry": {"type": "Point", "coordinates": [19.1560275, 47.4764772]}}, {"type": "Feature", "properties": {"code": "Kt-Fk/3", "reg": "x-kesz", "conf": 0.978}, "geometry": {"type": "Point", "coordinates": [19.1316869, 47.4839469]}}, {"type": "Feature", "properties": {"code": "Gksz-1/8", "reg": "x-kesz", "conf": 0.978}, "geometry": {"type": "Point", "coordinates": [19.1501053, 47.4857088]}}, {"type": "Feature", "properties": {"code": "Kt-Fk/2", "reg": "x-kesz", "conf": 0.978}, "geometry": {"type": "Point", "coordinates": [19.1546697, 47.4852342]}}, {"type": "Feature", "properties": {"code": "Kt-Fk/2", "reg": "x-kesz", "conf": 0.978}, "geometry": {"type": "Point", "coordinates": [19.1296866, 47.4820614]}}, {"type": "Feature", "properties": {"code": "Ln-T/AI-2", "reg": "x-kesz", "conf": 0.978}, "geometry": {"type": "Point", "coordinates": [19.1333371, 47.4819389]}}, {"type": "Feature", "properties": {"code": "Kt-Fk/2", "reg": "x-kesz", "conf": 0.978}, "geometry": {"type": "Point", "coordinates": [19.1311708, 47.4817752]}}, {"type": "Feature", "properties": {"code": "Lk-1/12", "reg": "x-kesz", "conf": 0.978}, "geometry": {"type": "Point", "coordinates": [19.1344737, 47.4807204]}}, {"type": "Feature", "properties": {"code": "Ln-T/2", "reg": "x-kesz", "conf": 0.977}, "geometry": {"type": "Point", "coordinates": [19.1360624, 47.4887206]}}, {"type": "Feature", "properties": {"code": "Ln-2/1", "reg": "x-kesz", "conf": 0.977}, "geometry": {"type": "Point", "coordinates": [19.1359875, 47.4907005]}}, {"type": "Feature", "properties": {"code": "Lk-1/5", "reg": "x-kesz", "conf": 0.977}, "geometry": {"type": "Point", "coordinates": [19.1421257, 47.4890933]}}, {"type": "Feature", "properties": {"code": "Lk-2/AI-3", "reg": "x-kesz", "conf": 0.976}, "geometry": {"type": "Point", "coordinates": [19.1418548, 47.4863299]}}, {"type": "Feature", "properties": {"code": "Zkp/Kk-1", "reg": "x-kesz", "conf": 0.976}, "geometry": {"type": "Point", "coordinates": [19.1553387, 47.4857046]}}, {"type": "Feature", "properties": {"code": "Ln-T/2", "reg": "x-kesz", "conf": 0.975}, "geometry": {"type": "Point", "coordinates": [19.1364712, 47.4871028]}}, {"type": "Feature", "properties": {"code": "Kt-Fk/2", "reg": "x-kesz", "conf": 0.975}, "geometry": {"type": "Point", "coordinates": [19.1306979, 47.4818751]}}, {"type": "Feature", "properties": {"code": "Lk-1/15", "reg": "x-kesz", "conf": 0.974}, "geometry": {"type": "Point", "coordinates": [19.1318516, 47.481038]}}, {"type": "Feature", "properties": {"code": "Lk-1/3", "reg": "x-kesz", "conf": 0.974}, "geometry": {"type": "Point", "coordinates": [19.1357668, 47.4808777]}}, {"type": "Feature", "properties": {"code": "Lk-1/24", "reg": "x-kesz", "conf": 0.974}, "geometry": {"type": "Point", "coordinates": [19.1384375, 47.476352]}}, {"type": "Feature", "properties": {"code": "Vt-H/7", "reg": "x-kesz", "conf": 0.973}, "geometry": {"type": "Point", "coordinates": [19.1305181, 47.484839]}}, {"type": "Feature", "properties": {"code": "Kt-Zkk/2", "reg": "x-kesz", "conf": 0.973}, "geometry": {"type": "Point", "coordinates": [19.1333744, 47.4833904]}}, {"type": "Feature", "properties": {"code": "Gksz-2/36", "reg": "x-kesz", "conf": 0.973}, "geometry": {"type": "Point", "coordinates": [19.1597898, 47.4848635]}}, {"type": "Feature", "properties": {"code": "Ln-T/AI-3", "reg": "x-kesz", "conf": 0.972}, "geometry": {"type": "Point", "coordinates": [19.1326965, 47.4836703]}}, {"type": "Feature", "properties": {"code": "Lk-1/20", "reg": "x-kesz", "conf": 0.972}, "geometry": {"type": "Point", "coordinates": [19.1430116, 47.4769108]}}, {"type": "Feature", "properties": {"code": "Vt-H/2", "reg": "x-kesz", "conf": 0.97}, "geometry": {"type": "Point", "coordinates": [19.1334974, 47.4890521]}}, {"type": "Feature", "properties": {"code": "Ln-T/17", "reg": "x-kesz", "conf": 0.969}, "geometry": {"type": "Point", "coordinates": [19.1492716, 47.4812321]}}, {"type": "Feature", "properties": {"code": "Ln-T/4", "reg": "x-kesz", "conf": 0.968}, "geometry": {"type": "Point", "coordinates": [19.1372161, 47.4891784]}}, {"type": "Feature", "properties": {"code": "Lk-1/3", "reg": "x-kesz", "conf": 0.968}, "geometry": {"type": "Point", "coordinates": [19.133659, 47.4780296]}}, {"type": "Feature", "properties": {"code": "Kt-Zkk/2", "reg": "x-kesz", "conf": 0.965}, "geometry": {"type": "Point", "coordinates": [19.1328917, 47.482355]}}, {"type": "Feature", "properties": {"code": "Lk-1/14", "reg": "x-kesz", "conf": 0.964}, "geometry": {"type": "Point", "coordinates": [19.1344524, 47.476407]}}, {"type": "Feature", "properties": {"code": "Lk-1/12", "reg": "x-kesz", "conf": 0.962}, "geometry": {"type": "Point", "coordinates": [19.1345563, 47.4782067]}}, {"type": "Feature", "properties": {"code": "Kt-Fk/3", "reg": "x-kesz", "conf": 0.961}, "geometry": {"type": "Point", "coordinates": [19.1318659, 47.4844613]}}, {"type": "Feature", "properties": {"code": "Vi-2/13", "reg": "x-kesz", "conf": 0.961}, "geometry": {"type": "Point", "coordinates": [19.1399344, 47.479598]}}, {"type": "Feature", "properties": {"code": "Kt-Zkk/3", "reg": "x-kesz", "conf": 0.96}, "geometry": {"type": "Point", "coordinates": [19.1500443, 47.4814024]}}, {"type": "Feature", "properties": {"code": "Lk-1/19", "reg": "x-kesz", "conf": 0.959}, "geometry": {"type": "Point", "coordinates": [19.1311156, 47.4888828]}}, {"type": "Feature", "properties": {"code": "Vi-2/14", "reg": "x-kesz", "conf": 0.959}, "geometry": {"type": "Point", "coordinates": [19.1375385, 47.4913263]}}, {"type": "Feature", "properties": {"code": "Ln-T/1", "reg": "x-kesz", "conf": 0.957}, "geometry": {"type": "Point", "coordinates": [19.1435957, 47.4865443]}}, {"type": "Feature", "properties": {"code": "Vi-2/1", "reg": "x-kesz", "conf": 0.956}, "geometry": {"type": "Point", "coordinates": [19.1395262, 47.480209]}}, {"type": "Feature", "properties": {"code": "Lk-2/3", "reg": "x-kesz", "conf": 0.956}, "geometry": {"type": "Point", "coordinates": [19.1591452, 47.4780725]}}, {"type": "Feature", "properties": {"code": "Kt-Fk/2", "reg": "x-kesz", "conf": 0.954}, "geometry": {"type": "Point", "coordinates": [19.1301797, 47.4819705]}}, {"type": "Feature", "properties": {"code": "Ln-T/2", "reg": "x-kesz", "conf": 0.953}, "geometry": {"type": "Point", "coordinates": [19.1368337, 47.4888349]}}, {"type": "Feature", "properties": {"code": "Ln-T/AI-2", "reg": "x-kesz", "conf": 0.953}, "geometry": {"type": "Point", "coordinates": [19.1339107, 47.4828047]}}, {"type": "Feature", "properties": {"code": "Lk-1/14", "reg": "x-kesz", "conf": 0.953}, "geometry": {"type": "Point", "coordinates": [19.1336406, 47.4761658]}}, {"type": "Feature", "properties": {"code": "Gksz-1/6", "reg": "x-kesz", "conf": 0.952}, "geometry": {"type": "Point", "coordinates": [19.1517327, 47.4853767]}}, {"type": "Feature", "properties": {"code": "K-Rek/7", "reg": "x-kesz", "conf": 0.951}, "geometry": {"type": "Point", "coordinates": [19.1534987, 47.4761142]}}, {"type": "Feature", "properties": {"code": "Kt-Fk/2", "reg": "x-kesz", "conf": 0.95}, "geometry": {"type": "Point", "coordinates": [19.1318945, 47.4830476]}}, {"type": "Feature", "properties": {"code": "Lk-1/21", "reg": "x-kesz", "conf": 0.95}, "geometry": {"type": "Point", "coordinates": [19.1439297, 47.4762147]}}, {"type": "Feature", "properties": {"code": "Lk-1/13", "reg": "x-kesz", "conf": 0.948}, "geometry": {"type": "Point", "coordinates": [19.1305221, 47.4798909]}}, {"type": "Feature", "properties": {"code": "Ln-T/17", "reg": "x-kesz", "conf": 0.948}, "geometry": {"type": "Point", "coordinates": [19.1525292, 47.4801418]}}, {"type": "Feature", "properties": {"code": "Vt-H/2", "reg": "x-kesz", "conf": 0.945}, "geometry": {"type": "Point", "coordinates": [19.1338201, 47.4886465]}}, {"type": "Feature", "properties": {"code": "Vi-2/106", "reg": "x-kesz", "conf": 0.942}, "geometry": {"type": "Point", "coordinates": [19.1388923, 47.4808107]}}, {"type": "Feature", "properties": {"code": "Lk-1/I-4", "reg": "x-kesz", "conf": 0.941}, "geometry": {"type": "Point", "coordinates": [19.1401903, 47.4769433]}}, {"type": "Feature", "properties": {"code": "Lk-1/18", "reg": "x-kesz", "conf": 0.94}, "geometry": {"type": "Point", "coordinates": [19.1268893, 47.4849923]}}, {"type": "Feature", "properties": {"code": "Lk-1/15", "reg": "x-kesz", "conf": 0.94}, "geometry": {"type": "Point", "coordinates": [19.1324921, 47.4791131]}}, {"type": "Feature", "properties": {"code": "Lk-1/15", "reg": "x-kesz", "conf": 0.939}, "geometry": {"type": "Point", "coordinates": [19.1378739, 47.4793677]}}, {"type": "Feature", "properties": {"code": "Lk-1/21", "reg": "x-kesz", "conf": 0.938}, "geometry": {"type": "Point", "coordinates": [19.1395099, 47.4766149]}}, {"type": "Feature", "properties": {"code": "Gksz-1/7", "reg": "x-kesz", "conf": 0.934}, "geometry": {"type": "Point", "coordinates": [19.1548409, 47.4834584]}}, {"type": "Feature", "properties": {"code": "Vt-H/10", "reg": "x-kesz", "conf": 0.933}, "geometry": {"type": "Point", "coordinates": [19.1293695, 47.4842668]}}, {"type": "Feature", "properties": {"code": "Lk-1/I-2", "reg": "x-kesz", "conf": 0.928}, "geometry": {"type": "Point", "coordinates": [19.1357637, 47.4798192]}}, {"type": "Feature", "properties": {"code": "Vi-2/18", "reg": "x-kesz", "conf": 0.922}, "geometry": {"type": "Point", "coordinates": [19.1445679, 47.4872404]}}, {"type": "Feature", "properties": {"code": "Ev-Ve/1", "reg": "x-kesz", "conf": 0.92}, "geometry": {"type": "Point", "coordinates": [19.1599969, 47.4917604]}}, {"type": "Feature", "properties": {"code": "Vi-2/3", "reg": "x-kesz", "conf": 0.911}, "geometry": {"type": "Point", "coordinates": [19.1419256, 47.4905048]}}, {"type": "Feature", "properties": {"code": "Vi-2/16", "reg": "x-kesz", "conf": 0.911}, "geometry": {"type": "Point", "coordinates": [19.1354499, 47.4764832]}}, {"type": "Feature", "properties": {"code": "Ln-T/2", "reg": "x-kesz", "conf": 0.908}, "geometry": {"type": "Point", "coordinates": [19.1369708, 47.4868368]}}, {"type": "Feature", "properties": {"code": "Vt-H/1", "reg": "x-kesz", "conf": 0.906}, "geometry": {"type": "Point", "coordinates": [19.1352705, 47.4893537]}}, {"type": "Feature", "properties": {"code": "Lk-1/12", "reg": "x-kesz", "conf": 0.899}, "geometry": {"type": "Point", "coordinates": [19.1365403, 47.4803204]}}, {"type": "Feature", "properties": {"code": "Lk-1/I-2", "reg": "x-kesz", "conf": 0.892}, "geometry": {"type": "Point", "coordinates": [19.1357554, 47.4798169]}}, {"type": "Feature", "properties": {"code": "Ev-Ve/1", "reg": "x-kesz", "conf": 0.999}, "geometry": {"type": "Point", "coordinates": [19.1600495, 47.4917537]}}, {"type": "Feature", "properties": {"code": "Gksz-2/21", "reg": "x-kesz", "conf": 0.999}, "geometry": {"type": "Point", "coordinates": [19.1813354, 47.4852878]}}, {"type": "Feature", "properties": {"code": "Kb-En/2", "reg": "x-kesz", "conf": 0.999}, "geometry": {"type": "Point", "coordinates": [19.1725964, 47.4837093]}}, {"type": "Feature", "properties": {"code": "Gksz-1/12", "reg": "x-kesz", "conf": 0.999}, "geometry": {"type": "Point", "coordinates": [19.1604351, 47.4808068]}}, {"type": "Feature", "properties": {"code": "Ev-Ve/1", "reg": "x-kesz", "conf": 0.999}, "geometry": {"type": "Point", "coordinates": [19.1701412, 47.4814753]}}, {"type": "Feature", "properties": {"code": "Kb-En/1", "reg": "x-kesz", "conf": 0.999}, "geometry": {"type": "Point", "coordinates": [19.1719413, 47.4803486]}}, {"type": "Feature", "properties": {"code": "Lke-1/11", "reg": "x-kesz", "conf": 0.999}, "geometry": {"type": "Point", "coordinates": [19.1608905, 47.4770382]}}, {"type": "Feature", "properties": {"code": "Lke-1/6", "reg": "x-kesz", "conf": 0.999}, "geometry": {"type": "Point", "coordinates": [19.1622371, 47.4764126]}}, {"type": "Feature", "properties": {"code": "Lke-1/6", "reg": "x-kesz", "conf": 0.999}, "geometry": {"type": "Point", "coordinates": [19.160158, 47.4763986]}}, {"type": "Feature", "properties": {"code": "Lke-1/11", "reg": "x-kesz", "conf": 0.999}, "geometry": {"type": "Point", "coordinates": [19.1604995, 47.4761326]}}, {"type": "Feature", "properties": {"code": "Gksz-2/34", "reg": "x-kesz", "conf": 0.998}, "geometry": {"type": "Point", "coordinates": [19.162297, 47.4902549]}}, {"type": "Feature", "properties": {"code": "Gksz-1/36", "reg": "x-kesz", "conf": 0.998}, "geometry": {"type": "Point", "coordinates": [19.1700761, 47.4918037]}}, {"type": "Feature", "properties": {"code": "Gksz-1/36", "reg": "x-kesz", "conf": 0.998}, "geometry": {"type": "Point", "coordinates": [19.1712106, 47.4915439]}}, {"type": "Feature", "properties": {"code": "K-Hon/5", "reg": "x-kesz", "conf": 0.998}, "geometry": {"type": "Point", "coordinates": [19.1599345, 47.4886963]}}, {"type": "Feature", "properties": {"code": "Gksz-2/8", "reg": "x-kesz", "conf": 0.998}, "geometry": {"type": "Point", "coordinates": [19.1652958, 47.4885454]}}, {"type": "Feature", "properties": {"code": "Gksz-2/4", "reg": "x-kesz", "conf": 0.998}, "geometry": {"type": "Point", "coordinates": [19.1675179, 47.4894286]}}, {"type": "Feature", "properties": {"code": "Gksz-2/47", "reg": "x-kesz", "conf": 0.998}, "geometry": {"type": "Point", "coordinates": [19.1871728, 47.4887618]}}, {"type": "Feature", "properties": {"code": "Gksz-2/8", "reg": "x-kesz", "conf": 0.998}, "geometry": {"type": "Point", "coordinates": [19.1776481, 47.4847891]}}, {"type": "Feature", "properties": {"code": "Gksz-2/22", "reg": "x-kesz", "conf": 0.998}, "geometry": {"type": "Point", "coordinates": [19.1809149, 47.4836266]}}, {"type": "Feature", "properties": {"code": "Gksz-2/40", "reg": "x-kesz", "conf": 0.998}, "geometry": {"type": "Point", "coordinates": [19.1874428, 47.4854101]}}, {"type": "Feature", "properties": {"code": "Gksz-1/1", "reg": "x-kesz", "conf": 0.998}, "geometry": {"type": "Point", "coordinates": [19.1783517, 47.48233]}}, {"type": "Feature", "properties": {"code": "K-T/2", "reg": "x-kesz", "conf": 0.998}, "geometry": {"type": "Point", "coordinates": [19.1810696, 47.4819892]}}, {"type": "Feature", "properties": {"code": "Gksz-1/21", "reg": "x-kesz", "conf": 0.998}, "geometry": {"type": "Point", "coordinates": [19.1923176, 47.4821769]}}, {"type": "Feature", "properties": {"code": "Gksz-2/8", "reg": "x-kesz", "conf": 0.998}, "geometry": {"type": "Point", "coordinates": [19.1653232, 47.4800939]}}, {"type": "Feature", "properties": {"code": "Gksz-2/8", "reg": "x-kesz", "conf": 0.998}, "geometry": {"type": "Point", "coordinates": [19.1678841, 47.4815737]}}, {"type": "Feature", "properties": {"code": "K-T/2", "reg": "x-kesz", "conf": 0.998}, "geometry": {"type": "Point", "coordinates": [19.1859414, 47.4801146]}}, {"type": "Feature", "properties": {"code": "Lke-1/6", "reg": "x-kesz", "conf": 0.998}, "geometry": {"type": "Point", "coordinates": [19.1605487, 47.4776805]}}, {"type": "Feature", "properties": {"code": "Lke-1/11", "reg": "x-kesz", "conf": 0.998}, "geometry": {"type": "Point", "coordinates": [19.1604234, 47.4767586]}}, {"type": "Feature", "properties": {"code": "Gksz-2/8", "reg": "x-kesz", "conf": 0.998}, "geometry": {"type": "Point", "coordinates": [19.1708172, 47.4764983]}}, {"type": "Feature", "properties": {"code": "Gksz-2/8", "reg": "x-kesz", "conf": 0.998}, "geometry": {"type": "Point", "coordinates": [19.1706765, 47.4762443]}}, {"type": "Feature", "properties": {"code": "Gksz-2/47", "reg": "x-kesz", "conf": 0.997}, "geometry": {"type": "Point", "coordinates": [19.1833298, 47.4893616]}}, {"type": "Feature", "properties": {"code": "Gksz-2/5", "reg": "x-kesz", "conf": 0.997}, "geometry": {"type": "Point", "coordinates": [19.1704934, 47.486978]}}, {"type": "Feature", "properties": {"code": "Gksz-2/8", "reg": "x-kesz", "conf": 0.997}, "geometry": {"type": "Point", "coordinates": [19.1655069, 47.4854395]}}, {"type": "Feature", "properties": {"code": "Gksz-2/6", "reg": "x-kesz", "conf": 0.997}, "geometry": {"type": "Point", "coordinates": [19.176528, 47.4799572]}}, {"type": "Feature", "properties": {"code": "Gksz-2/En", "reg": "x-kesz", "conf": 0.997}, "geometry": {"type": "Point", "coordinates": [19.1727762, 47.4779008]}}, {"type": "Feature", "properties": {"code": "Lke-1/11", "reg": "x-kesz", "conf": 0.997}, "geometry": {"type": "Point", "coordinates": [19.1597021, 47.4771554]}}, {"type": "Feature", "properties": {"code": "Lke-1/11", "reg": "x-kesz", "conf": 0.997}, "geometry": {"type": "Point", "coordinates": [19.1619359, 47.4766633]}}, {"type": "Feature", "properties": {"code": "Gksz-2/8", "reg": "x-kesz", "conf": 0.997}, "geometry": {"type": "Point", "coordinates": [19.1733623, 47.4761112]}}, {"type": "Feature", "properties": {"code": "Gksz-2/8", "reg": "x-kesz", "conf": 0.997}, "geometry": {"type": "Point", "coordinates": [19.1761183, 47.4770603]}}, {"type": "Feature", "properties": {"code": "Gksz-1/37", "reg": "x-kesz", "conf": 0.996}, "geometry": {"type": "Point", "coordinates": [19.1730915, 47.4910872]}}, {"type": "Feature", "properties": {"code": "Gksz-1/37", "reg": "x-kesz", "conf": 0.996}, "geometry": {"type": "Point", "coordinates": [19.1778859, 47.4902858]}}, {"type": "Feature", "properties": {"code": "Lk-2/15", "reg": "x-kesz", "conf": 0.996}, "geometry": {"type": "Point", "coordinates": [19.1609388, 47.4792371]}}, {"type": "Feature", "properties": {"code": "Gksz-2/8", "reg": "x-kesz", "conf": 0.996}, "geometry": {"type": "Point", "coordinates": [19.1697724, 47.4777686]}}, {"type": "Feature", "properties": {"code": "Gksz-2/47", "reg": "x-kesz", "conf": 0.995}, "geometry": {"type": "Point", "coordinates": [19.1902748, 47.4882712]}}, {"type": "Feature", "properties": {"code": "Vi-2/7", "reg": "x-kesz", "conf": 0.992}, "geometry": {"type": "Point", "coordinates": [19.1684097, 47.4765243]}}, {"type": "Feature", "properties": {"code": "Lk-2/10", "reg": "x-kesz", "conf": 0.991}, "geometry": {"type": "Point", "coordinates": [19.1643925, 47.4768426]}}, {"type": "Feature", "properties": {"code": "Gksz-2/36", "reg": "x-kesz", "conf": 0.99}, "geometry": {"type": "Point", "coordinates": [19.1620607, 47.4860542]}}, {"type": "Feature", "properties": {"code": "Lk-2/5", "reg": "x-kesz", "conf": 0.99}, "geometry": {"type": "Point", "coordinates": [19.1604885, 47.4795161]}}, {"type": "Feature", "properties": {"code": "Lk-2/10", "reg": "x-kesz", "conf": 0.99}, "geometry": {"type": "Point", "coordinates": [19.1644864, 47.4777912]}}, {"type": "Feature", "properties": {"code": "Gksz-2/13", "reg": "x-kesz", "conf": 0.99}, "geometry": {"type": "Point", "coordinates": [19.1775339, 47.4761805]}}, {"type": "Feature", "properties": {"code": "Gksz-2/13", "reg": "x-kesz", "conf": 0.989}, "geometry": {"type": "Point", "coordinates": [19.1774625, 47.4780108]}}, {"type": "Feature", "properties": {"code": "Lk-2/1", "reg": "x-kesz", "conf": 0.989}, "geometry": {"type": "Point", "coordinates": [19.1638732, 47.4762386]}}, {"type": "Feature", "properties": {"code": "Lk-2/16", "reg": "x-kesz", "conf": 0.988}, "geometry": {"type": "Point", "coordinates": [19.1600924, 47.479921]}}, {"type": "Feature", "properties": {"code": "Ev-Ve/1", "reg": "x-kesz", "conf": 0.988}, "geometry": {"type": "Point", "coordinates": [19.1702996, 47.4789191]}}, {"type": "Feature", "properties": {"code": "Gksz-2/34", "reg": "x-kesz", "conf": 0.986}, "geometry": {"type": "Point", "coordinates": [19.1647013, 47.4895519]}}, {"type": "Feature", "properties": {"code": "Gksz-2/36", "reg": "x-kesz", "conf": 0.986}, "geometry": {"type": "Point", "coordinates": [19.1630759, 47.4877659]}}, {"type": "Feature", "properties": {"code": "Lke-1/11", "reg": "x-kesz", "conf": 0.98}, "geometry": {"type": "Point", "coordinates": [19.1612238, 47.4760915]}}, {"type": "Feature", "properties": {"code": "Lk-2/1", "reg": "x-kesz", "conf": 0.98}, "geometry": {"type": "Point", "coordinates": [19.1634791, 47.4770747]}}, {"type": "Feature", "properties": {"code": "Lk-2/4", "reg": "x-kesz", "conf": 0.978}, "geometry": {"type": "Point", "coordinates": [19.1662888, 47.4763538]}}, {"type": "Feature", "properties": {"code": "Lk-2/4", "reg": "x-kesz", "conf": 0.963}, "geometry": {"type": "Point", "coordinates": [19.1651763, 47.4762656]}}, {"type": "Feature", "properties": {"code": "Tk", "reg": "x-kesz", "conf": 0.962}, "geometry": {"type": "Point", "coordinates": [19.1924707, 47.4916922]}}, {"type": "Feature", "properties": {"code": "Gksz-2/36", "reg": "x-kesz", "conf": 0.96}, "geometry": {"type": "Point", "coordinates": [19.1598223, 47.4848595]}}, {"type": "Feature", "properties": {"code": "Lk-2/10", "reg": "x-kesz", "conf": 0.927}, "geometry": {"type": "Point", "coordinates": [19.1644909, 47.4777858]}}, {"type": "Feature", "properties": {"code": "Tk", "reg": "x-kesz", "conf": 0.924}, "geometry": {"type": "Point", "coordinates": [19.1903487, 47.489893]}}, {"type": "Feature", "properties": {"code": "Ek/3", "reg": "x-kesz", "conf": 0.782}, "geometry": {"type": "Point", "coordinates": [19.1806339, 47.490925]}}, {"type": "Feature", "properties": {"code": "Ek/3", "reg": "x-kesz", "conf": 0.999}, "geometry": {"type": "Point", "coordinates": [19.1974475, 47.4910945]}}, {"type": "Feature", "properties": {"code": "Ek/3", "reg": "x-kesz", "conf": 0.999}, "geometry": {"type": "Point", "coordinates": [19.1981719, 47.4895788]}}, {"type": "Feature", "properties": {"code": "Ek/5", "reg": "x-kesz", "conf": 0.999}, "geometry": {"type": "Point", "coordinates": [19.2066566, 47.4903694]}}, {"type": "Feature", "properties": {"code": "Lke-1/6", "reg": "x-kesz", "conf": 0.999}, "geometry": {"type": "Point", "coordinates": [19.1961678, 47.4855734]}}, {"type": "Feature", "properties": {"code": "Ek/3", "reg": "x-kesz", "conf": 0.999}, "geometry": {"type": "Point", "coordinates": [19.2119236, 47.4876355]}}, {"type": "Feature", "properties": {"code": "Ek/4", "reg": "x-kesz", "conf": 0.999}, "geometry": {"type": "Point", "coordinates": [19.2161183, 47.4874552]}}, {"type": "Feature", "properties": {"code": "Lke-1/6", "reg": "x-kesz", "conf": 0.999}, "geometry": {"type": "Point", "coordinates": [19.2048562, 47.4837248]}}, {"type": "Feature", "properties": {"code": "Lke-1/6", "reg": "x-kesz", "conf": 0.999}, "geometry": {"type": "Point", "coordinates": [19.2079987, 47.4834671]}}, {"type": "Feature", "properties": {"code": "Ev-Ve/1", "reg": "x-kesz", "conf": 0.999}, "geometry": {"type": "Point", "coordinates": [19.2118155, 47.4830321]}}, {"type": "Feature", "properties": {"code": "Ev-Ve/1", "reg": "x-kesz", "conf": 0.999}, "geometry": {"type": "Point", "coordinates": [19.2133472, 47.4826458]}}, {"type": "Feature", "properties": {"code": "Lke-1/6", "reg": "x-kesz", "conf": 0.999}, "geometry": {"type": "Point", "coordinates": [19.2063308, 47.4820533]}}, {"type": "Feature", "properties": {"code": "Ek/3", "reg": "x-kesz", "conf": 0.998}, "geometry": {"type": "Point", "coordinates": [19.2054485, 47.4886682]}}, {"type": "Feature", "properties": {"code": "Ek/3", "reg": "x-kesz", "conf": 0.998}, "geometry": {"type": "Point", "coordinates": [19.2143403, 47.4889838]}}, {"type": "Feature", "properties": {"code": "Ek/3", "reg": "x-kesz", "conf": 0.998}, "geometry": {"type": "Point", "coordinates": [19.2173854, 47.4914126]}}, {"type": "Feature", "properties": {"code": "Ek/5", "reg": "x-kesz", "conf": 0.998}, "geometry": {"type": "Point", "coordinates": [19.2169008, 47.4905463]}}, {"type": "Feature", "properties": {"code": "Gksz-2/43", "reg": "x-kesz", "conf": 0.998}, "geometry": {"type": "Point", "coordinates": [19.1966193, 47.4879438]}}, {"type": "Feature", "properties": {"code": "Lke-1/6", "reg": "x-kesz", "conf": 0.998}, "geometry": {"type": "Point", "coordinates": [19.1983521, 47.4860211]}}, {"type": "Feature", "properties": {"code": "Lke-1/6", "reg": "x-kesz", "conf": 0.998}, "geometry": {"type": "Point", "coordinates": [19.2008937, 47.4856341]}}, {"type": "Feature", "properties": {"code": "Gksz-2/43", "reg": "x-kesz", "conf": 0.998}, "geometry": {"type": "Point", "coordinates": [19.2036109, 47.4873073]}}, {"type": "Feature", "properties": {"code": "Lke-1/6", "reg": "x-kesz", "conf": 0.998}, "geometry": {"type": "Point", "coordinates": [19.2008132, 47.4843833]}}, {"type": "Feature", "properties": {"code": "Lke-1/6", "reg": "x-kesz", "conf": 0.998}, "geometry": {"type": "Point", "coordinates": [19.2051452, 47.4853929]}}, {"type": "Feature", "properties": {"code": "Gksz-1/20", "reg": "x-kesz", "conf": 0.998}, "geometry": {"type": "Point", "coordinates": [19.1938079, 47.481358]}}, {"type": "Feature", "properties": {"code": "Gksz-1/20", "reg": "x-kesz", "conf": 0.998}, "geometry": {"type": "Point", "coordinates": [19.1974971, 47.4810734]}}, {"type": "Feature", "properties": {"code": "Gksz-1/17", "reg": "x-kesz", "conf": 0.998}, "geometry": {"type": "Point", "coordinates": [19.2021155, 47.481157]}}, {"type": "Feature", "properties": {"code": "Lke-1/6", "reg": "x-kesz", "conf": 0.998}, "geometry": {"type": "Point", "coordinates": [19.2077969, 47.4817037]}}, {"type": "Feature", "properties": {"code": "K-T/1", "reg": "x-kesz", "conf": 0.998}, "geometry": {"type": "Point", "coordinates": [19.1975947, 47.4779073]}}, {"type": "Feature", "properties": {"code": "Gksz-2/46", "reg": "x-kesz", "conf": 0.997}, "geometry": {"type": "Point", "coordinates": [19.1942243, 47.488288]}}, {"type": "Feature", "properties": {"code": "Lke-1/6", "reg": "x-kesz", "conf": 0.997}, "geometry": {"type": "Point", "coordinates": [19.202233, 47.4855642]}}, {"type": "Feature", "properties": {"code": "Lke-1/6", "reg": "x-kesz", "conf": 0.997}, "geometry": {"type": "Point", "coordinates": [19.2020497, 47.4843205]}}, {"type": "Feature", "properties": {"code": "Lke-1/6", "reg": "x-kesz", "conf": 0.997}, "geometry": {"type": "Point", "coordinates": [19.2033955, 47.4837181]}}, {"type": "Feature", "properties": {"code": "Lke-1/6", "reg": "x-kesz", "conf": 0.997}, "geometry": {"type": "Point", "coordinates": [19.2095025, 47.4850371]}}, {"type": "Feature", "properties": {"code": "Lke-1/6", "reg": "x-kesz", "conf": 0.997}, "geometry": {"type": "Point", "coordinates": [19.2092964, 47.4839244]}}, {"type": "Feature", "properties": {"code": "Gksz-1/22", "reg": "x-kesz", "conf": 0.997}, "geometry": {"type": "Point", "coordinates": [19.2004852, 47.4821882]}}, {"type": "Feature", "properties": {"code": "Gksz-1/18", "reg": "x-kesz", "conf": 0.997}, "geometry": {"type": "Point", "coordinates": [19.2053575, 47.4800861]}}, {"type": "Feature", "properties": {"code": "Vi-2/21", "reg": "x-kesz", "conf": 0.996}, "geometry": {"type": "Point", "coordinates": [19.2032199, 47.4857698]}}, {"type": "Feature", "properties": {"code": "Lke-1/6", "reg": "x-kesz", "conf": 0.996}, "geometry": {"type": "Point", "coordinates": [19.2066273, 47.4853219]}}, {"type": "Feature", "properties": {"code": "Lke-1/6", "reg": "x-kesz", "conf": 0.996}, "geometry": {"type": "Point", "coordinates": [19.2123134, 47.4851871]}}, {"type": "Feature", "properties": {"code": "Lke-1/6", "reg": "x-kesz", "conf": 0.996}, "geometry": {"type": "Point", "coordinates": [19.2089286, 47.4814727]}}, {"type": "Feature", "properties": {"code": "Vi-2/21", "reg": "x-kesz", "conf": 0.995}, "geometry": {"type": "Point", "coordinates": [19.2038296, 47.4854903]}}, {"type": "Feature", "properties": {"code": "Gksz-1/24", "reg": "x-kesz", "conf": 0.995}, "geometry": {"type": "Point", "coordinates": [19.1943717, 47.4845194]}}, {"type": "Feature", "properties": {"code": "Lke-1/6", "reg": "x-kesz", "conf": 0.995}, "geometry": {"type": "Point", "coordinates": [19.1975423, 47.4854486]}}, {"type": "Feature", "properties": {"code": "Gksz-2/43", "reg": "x-kesz", "conf": 0.994}, "geometry": {"type": "Point", "coordinates": [19.1998882, 47.487693]}}, {"type": "Feature", "properties": {"code": "Vi-2/21", "reg": "x-kesz", "conf": 0.994}, "geometry": {"type": "Point", "coordinates": [19.2034969, 47.484735]}}, {"type": "Feature", "properties": {"code": "Lke-1/6", "reg": "x-kesz", "conf": 0.994}, "geometry": {"type": "Point", "coordinates": [19.2080946, 47.4852333]}}, {"type": "Feature", "properties": {"code": "Lke-1/6", "reg": "x-kesz", "conf": 0.994}, "geometry": {"type": "Point", "coordinates": [19.2101074, 47.4830042]}}, {"type": "Feature", "properties": {"code": "Kt-Zkk/4", "reg": "x-kesz", "conf": 0.993}, "geometry": {"type": "Point", "coordinates": [19.2090346, 47.4832134]}}, {"type": "Feature", "properties": {"code": "Ek/3", "reg": "x-kesz", "conf": 0.988}, "geometry": {"type": "Point", "coordinates": [19.1943521, 47.489156]}}, {"type": "Feature", "properties": {"code": "Lke-1/6", "reg": "x-kesz", "conf": 0.987}, "geometry": {"type": "Point", "coordinates": [19.199803, 47.4843084]}}, {"type": "Feature", "properties": {"code": "Kt-Zkk/4", "reg": "x-kesz", "conf": 0.987}, "geometry": {"type": "Point", "coordinates": [19.2031841, 47.4852624]}}, {"type": "Feature", "properties": {"code": "Lke-1/6", "reg": "x-kesz", "conf": 0.984}, "geometry": {"type": "Point", "coordinates": [19.211057, 47.4849302]}}, {"type": "Feature", "properties": {"code": "Tk", "reg": "x-kesz", "conf": 0.97}, "geometry": {"type": "Point", "coordinates": [19.1932709, 47.4898338]}}, {"type": "Feature", "properties": {"code": "Tk", "reg": "x-kesz", "conf": 0.968}, "geometry": {"type": "Point", "coordinates": [19.1954268, 47.4898609]}}, {"type": "Feature", "properties": {"code": "Lke-1/6", "reg": "x-kesz", "conf": 0.959}, "geometry": {"type": "Point", "coordinates": [19.2064274, 47.4835765]}}, {"type": "Feature", "properties": {"code": "Tk", "reg": "x-kesz", "conf": 0.922}, "geometry": {"type": "Point", "coordinates": [19.1947102, 47.4913112]}}, {"type": "Feature", "properties": {"code": "Tk", "reg": "x-kesz", "conf": 0.899}, "geometry": {"type": "Point", "coordinates": [19.2038617, 47.491797]}}, {"type": "Feature", "properties": {"code": "Ln-T/1", "reg": "x-kesz", "conf": 0.999}, "geometry": {"type": "Point", "coordinates": [19.1157405, 47.471575]}}, {"type": "Feature", "properties": {"code": "Ln-3/15", "reg": "x-kesz", "conf": 0.999}, "geometry": {"type": "Point", "coordinates": [19.1201, 47.4707164]}}, {"type": "Feature", "properties": {"code": "Ln-3/8", "reg": "x-kesz", "conf": 0.999}, "geometry": {"type": "Point", "coordinates": [19.1146464, 47.4704032]}}, {"type": "Feature", "properties": {"code": "Ln-T/25", "reg": "x-kesz", "conf": 0.999}, "geometry": {"type": "Point", "coordinates": [19.1170295, 47.4702016]}}, {"type": "Feature", "properties": {"code": "Ln-T/25", "reg": "x-kesz", "conf": 0.999}, "geometry": {"type": "Point", "coordinates": [19.1164077, 47.4699226]}}, {"type": "Feature", "properties": {"code": "Ln-T/25", "reg": "x-kesz", "conf": 0.999}, "geometry": {"type": "Point", "coordinates": [19.1179734, 47.469859]}}, {"type": "Feature", "properties": {"code": "Ln-3/14", "reg": "x-kesz", "conf": 0.999}, "geometry": {"type": "Point", "coordinates": [19.1189014, 47.470179]}}, {"type": "Feature", "properties": {"code": "Ln-T/25", "reg": "x-kesz", "conf": 0.999}, "geometry": {"type": "Point", "coordinates": [19.1190204, 47.4694636]}}, {"type": "Feature", "properties": {"code": "Ln-T/25", "reg": "x-kesz", "conf": 0.999}, "geometry": {"type": "Point", "coordinates": [19.1208588, 47.4687662]}}, {"type": "Feature", "properties": {"code": "Vi-2/62", "reg": "x-kesz", "conf": 0.999}, "geometry": {"type": "Point", "coordinates": [19.1210964, 47.4694134]}}, {"type": "Feature", "properties": {"code": "Ln-T/25", "reg": "x-kesz", "conf": 0.999}, "geometry": {"type": "Point", "coordinates": [19.1213763, 47.4682589]}}, {"type": "Feature", "properties": {"code": "Ln-T/25", "reg": "x-kesz", "conf": 0.999}, "geometry": {"type": "Point", "coordinates": [19.1211612, 47.4676147]}}, {"type": "Feature", "properties": {"code": "Gksz-2/45", "reg": "x-kesz", "conf": 0.998}, "geometry": {"type": "Point", "coordinates": [19.1154755, 47.4761228]}}, {"type": "Feature", "properties": {"code": "Gksz-2/41", "reg": "x-kesz", "conf": 0.998}, "geometry": {"type": "Point", "coordinates": [19.121116, 47.4761199]}}, {"type": "Feature", "properties": {"code": "Vi-2/100", "reg": "x-kesz", "conf": 0.998}, "geometry": {"type": "Point", "coordinates": [19.1212333, 47.4734616]}}, {"type": "Feature", "properties": {"code": "Gksz-2/12", "reg": "x-kesz", "conf": 0.998}, "geometry": {"type": "Point", "coordinates": [19.125762, 47.4737457]}}, {"type": "Feature", "properties": {"code": "Ln-T/1", "reg": "x-kesz", "conf": 0.998}, "geometry": {"type": "Point", "coordinates": [19.1166688, 47.4729165]}}, {"type": "Feature", "properties": {"code": "Ln-T/1", "reg": "x-kesz", "conf": 0.998}, "geometry": {"type": "Point", "coordinates": [19.1171744, 47.4719421]}}, {"type": "Feature", "properties": {"code": "Ln-T/29", "reg": "x-kesz", "conf": 0.998}, "geometry": {"type": "Point", "coordinates": [19.1179716, 47.471753]}}, {"type": "Feature", "properties": {"code": "Ln-T/29", "reg": "x-kesz", "conf": 0.998}, "geometry": {"type": "Point", "coordinates": [19.1171333, 47.4706428]}}, {"type": "Feature", "properties": {"code": "Vi-2/94", "reg": "x-kesz", "conf": 0.998}, "geometry": {"type": "Point", "coordinates": [19.1215313, 47.4724102]}}, {"type": "Feature", "properties": {"code": "Ln-3/7", "reg": "x-kesz", "conf": 0.998}, "geometry": {"type": "Point", "coordinates": [19.1155904, 47.4700926]}}, {"type": "Feature", "properties": {"code": "Gksz-1/25", "reg": "x-kesz", "conf": 0.998}, "geometry": {"type": "Point", "coordinates": [19.1220896, 47.4703136]}}, {"type": "Feature", "properties": {"code": "Gksz-1/26", "reg": "x-kesz", "conf": 0.998}, "geometry": {"type": "Point", "coordinates": [19.1256818, 47.4701364]}}, {"type": "Feature", "properties": {"code": "Ln-T/25", "reg": "x-kesz", "conf": 0.998}, "geometry": {"type": "Point", "coordinates": [19.1194744, 47.4685205]}}, {"type": "Feature", "properties": {"code": "Ln-T/25", "reg": "x-kesz", "conf": 0.998}, "geometry": {"type": "Point", "coordinates": [19.1218702, 47.468412]}}, {"type": "Feature", "properties": {"code": "Ln-T/25", "reg": "x-kesz", "conf": 0.998}, "geometry": {"type": "Point", "coordinates": [19.1228356, 47.4680465]}}, {"type": "Feature", "properties": {"code": "K-Sp/2", "reg": "x-kesz", "conf": 0.997}, "geometry": {"type": "Point", "coordinates": [19.1127526, 47.4766979]}}, {"type": "Feature", "properties": {"code": "Ln-T/Kozmu1", "reg": "x-kesz", "conf": 0.997}, "geometry": {"type": "Point", "coordinates": [19.1160059, 47.4728612]}}, {"type": "Feature", "properties": {"code": "Ln-3/16", "reg": "x-kesz", "conf": 0.997}, "geometry": {"type": "Point", "coordinates": [19.1185642, 47.4736626]}}, {"type": "Feature", "properties": {"code": "Gksz-2/42", "reg": "x-kesz", "conf": 0.997}, "geometry": {"type": "Point", "coordinates": [19.1232543, 47.4746627]}}, {"type": "Feature", "properties": {"code": "Vi-2/89", "reg": "x-kesz", "conf": 0.997}, "geometry": {"type": "Point", "coordinates": [19.1211242, 47.4716456]}}, {"type": "Feature", "properties": {"code": "Gksz-1/30", "reg": "x-kesz", "conf": 0.997}, "geometry": {"type": "Point", "coordinates": [19.1239985, 47.4710643]}}, {"type": "Feature", "properties": {"code": "Ln-T/25", "reg": "x-kesz", "conf": 0.997}, "geometry": {"type": "Point", "coordinates": [19.1170715, 47.4697244]}}, {"type": "Feature", "properties": {"code": "Ln-T/25", "reg": "x-kesz", "conf": 0.997}, "geometry": {"type": "Point", "coordinates": [19.1183414, 47.469148]}}, {"type": "Feature", "properties": {"code": "Vi-2/109", "reg": "x-kesz", "conf": 0.996}, "geometry": {"type": "Point", "coordinates": [19.1189433, 47.4752236]}}, {"type": "Feature", "properties": {"code": "Gksz-2/12", "reg": "x-kesz", "conf": 0.996}, "geometry": {"type": "Point", "coordinates": [19.1269899, 47.4735212]}}, {"type": "Feature", "properties": {"code": "Ln-T/1", "reg": "x-kesz", "conf": 0.996}, "geometry": {"type": "Point", "coordinates": [19.1147886, 47.4726032]}}, {"type": "Feature", "properties": {"code": "Vi-2/98", "reg": "x-kesz", "conf": 0.996}, "geometry": {"type": "Point", "coordinates": [19.119254, 47.4728789]}}, {"type": "Feature", "properties": {"code": "Vi-2/93", "reg": "x-kesz", "conf": 0.996}, "geometry": {"type": "Point", "coordinates": [19.1193887, 47.4721185]}}, {"type": "Feature", "properties": {"code": "Gksz-2/4", "reg": "x-kesz", "conf": 0.996}, "geometry": {"type": "Point", "coordinates": [19.1269225, 47.4710746]}}, {"type": "Feature", "properties": {"code": "Ln-T/25", "reg": "x-kesz", "conf": 0.996}, "geometry": {"type": "Point", "coordinates": [19.1174372, 47.4690341]}}, {"type": "Feature", "properties": {"code": "Ln-T/26", "reg": "x-kesz", "conf": 0.996}, "geometry": {"type": "Point", "coordinates": [19.1198486, 47.4690104]}}, {"type": "Feature", "properties": {"code": "Ln-T/25", "reg": "x-kesz", "conf": 0.996}, "geometry": {"type": "Point", "coordinates": [19.1203213, 47.4685474]}}, {"type": "Feature", "properties": {"code": "Ln-T/25", "reg": "x-kesz", "conf": 0.996}, "geometry": {"type": "Point", "coordinates": [19.1218301, 47.4678281]}}, {"type": "Feature", "properties": {"code": "Vi-2/87", "reg": "x-kesz", "conf": 0.995}, "geometry": {"type": "Point", "coordinates": [19.1113766, 47.4728306]}}, {"type": "Feature", "properties": {"code": "Vi-2/66", "reg": "x-kesz", "conf": 0.995}, "geometry": {"type": "Point", "coordinates": [19.1226108, 47.4716446]}}, {"type": "Feature", "properties": {"code": "Gksz-2/4", "reg": "x-kesz", "conf": 0.995}, "geometry": {"type": "Point", "coordinates": [19.1255764, 47.4725473]}}, {"type": "Feature", "properties": {"code": "Gksz-1/27", "reg": "x-kesz", "conf": 0.995}, "geometry": {"type": "Point", "coordinates": [19.1234421, 47.469434]}}, {"type": "Feature", "properties": {"code": "Ln-T/25", "reg": "x-kesz", "conf": 0.995}, "geometry": {"type": "Point", "coordinates": [19.1208232, 47.4681921]}}, {"type": "Feature", "properties": {"code": "Ln-T/25", "reg": "x-kesz", "conf": 0.995}, "geometry": {"type": "Point", "coordinates": [19.122416, 47.4679193]}}, {"type": "Feature", "properties": {"code": "Zkp/Kp-4", "reg": "x-kesz", "conf": 0.995}, "geometry": {"type": "Point", "coordinates": [19.1246337, 47.4666002]}}, {"type": "Feature", "properties": {"code": "Vi-2/107", "reg": "x-kesz", "conf": 0.994}, "geometry": {"type": "Point", "coordinates": [19.1219358, 47.4733673]}}, {"type": "Feature", "properties": {"code": "Ln-T/25", "reg": "x-kesz", "conf": 0.994}, "geometry": {"type": "Point", "coordinates": [19.119113, 47.4690811]}}, {"type": "Feature", "properties": {"code": "Vi-2/92", "reg": "x-kesz", "conf": 0.993}, "geometry": {"type": "Point", "coordinates": [19.1165119, 47.4753847]}}, {"type": "Feature", "properties": {"code": "Vi-2/92", "reg": "x-kesz", "conf": 0.993}, "geometry": {"type": "Point", "coordinates": [19.1143527, 47.4736593]}}, {"type": "Feature", "properties": {"code": "Vi-2/1", "reg": "x-kesz", "conf": 0.993}, "geometry": {"type": "Point", "coordinates": [19.1211694, 47.4734617]}}, {"type": "Feature", "properties": {"code": "Vi-2/99", "reg": "x-kesz", "conf": 0.993}, "geometry": {"type": "Point", "coordinates": [19.1202774, 47.4732302]}}, {"type": "Feature", "properties": {"code": "Ln-T/25", "reg": "x-kesz", "conf": 0.993}, "geometry": {"type": "Point", "coordinates": [19.1228506, 47.4675327]}}, {"type": "Feature", "properties": {"code": "Gksz-2/10", "reg": "x-kesz", "conf": 0.992}, "geometry": {"type": "Point", "coordinates": [19.1258283, 47.4761756]}}, {"type": "Feature", "properties": {"code": "Ln-T/25", "reg": "x-kesz", "conf": 0.992}, "geometry": {"type": "Point", "coordinates": [19.1175256, 47.4696783]}}, {"type": "Feature", "properties": {"code": "Gksz-2/10", "reg": "x-kesz", "conf": 0.991}, "geometry": {"type": "Point", "coordinates": [19.1269493, 47.4765558]}}, {"type": "Feature", "properties": {"code": "Gksz-2/31", "reg": "x-kesz", "conf": 0.99}, "geometry": {"type": "Point", "coordinates": [19.1234597, 47.4731747]}}, {"type": "Feature", "properties": {"code": "Ln-T/29", "reg": "x-kesz", "conf": 0.99}, "geometry": {"type": "Point", "coordinates": [19.1175951, 47.4711906]}}, {"type": "Feature", "properties": {"code": "Vi-2/58", "reg": "x-kesz", "conf": 0.99}, "geometry": {"type": "Point", "coordinates": [19.1267574, 47.4685585]}}, {"type": "Feature", "properties": {"code": "Kt-Zkk/1", "reg": "x-kesz", "conf": 0.989}, "geometry": {"type": "Point", "coordinates": [19.1159265, 47.4722612]}}, {"type": "Feature", "properties": {"code": "Kt-Zkk/3", "reg": "x-kesz", "conf": 0.989}, "geometry": {"type": "Point", "coordinates": [19.1192191, 47.4688222]}}, {"type": "Feature", "properties": {"code": "Lk-2/24", "reg": "x-kesz", "conf": 0.986}, "geometry": {"type": "Point", "coordinates": [19.1176266, 47.4744343]}}, {"type": "Feature", "properties": {"code": "Vi-2/86", "reg": "x-kesz", "conf": 0.986}, "geometry": {"type": "Point", "coordinates": [19.1092101, 47.4723496]}}, {"type": "Feature", "properties": {"code": "Vi-2/108", "reg": "x-kesz", "conf": 0.985}, "geometry": {"type": "Point", "coordinates": [19.1199674, 47.4744999]}}, {"type": "Feature", "properties": {"code": "Vi-2/110", "reg": "x-kesz", "conf": 0.984}, "geometry": {"type": "Point", "coordinates": [19.1183717, 47.4747361]}}, {"type": "Feature", "properties": {"code": "Kt-Fk/3", "reg": "x-kesz", "conf": 0.982}, "geometry": {"type": "Point", "coordinates": [19.1169552, 47.4715979]}}, {"type": "Feature", "properties": {"code": "Ln-3/14", "reg": "x-kesz", "conf": 0.982}, "geometry": {"type": "Point", "coordinates": [19.11877, 47.4716754]}}, {"type": "Feature", "properties": {"code": "Vi-2/57", "reg": "x-kesz", "conf": 0.98}, "geometry": {"type": "Point", "coordinates": [19.1269786, 47.4663399]}}, {"type": "Feature", "properties": {"code": "Lk-2/23", "reg": "x-kesz", "conf": 0.975}, "geometry": {"type": "Point", "coordinates": [19.1173216, 47.474507]}}, {"type": "Feature", "properties": {"code": "Ln-T/24", "reg": "x-kesz", "conf": 0.971}, "geometry": {"type": "Point", "coordinates": [19.1168684, 47.4713155]}}, {"type": "Feature", "properties": {"code": "Vi-2/59", "reg": "x-kesz", "conf": 0.971}, "geometry": {"type": "Point", "coordinates": [19.1251839, 47.4677854]}}, {"type": "Feature", "properties": {"code": "Ln-T/25", "reg": "x-kesz", "conf": 0.969}, "geometry": {"type": "Point", "coordinates": [19.1181074, 47.4694657]}}, {"type": "Feature", "properties": {"code": "Lk-2/24", "reg": "x-kesz", "conf": 0.967}, "geometry": {"type": "Point", "coordinates": [19.1179054, 47.4740944]}}, {"type": "Feature", "properties": {"code": "Gksz-2/10", "reg": "x-kesz", "conf": 0.964}, "geometry": {"type": "Point", "coordinates": [19.1256294, 47.4766826]}}, {"type": "Feature", "properties": {"code": "Lk-2/24", "reg": "x-kesz", "conf": 0.964}, "geometry": {"type": "Point", "coordinates": [19.1169997, 47.4736889]}}, {"type": "Feature", "properties": {"code": "Zvp-O", "reg": "x-kesz", "conf": 0.948}, "geometry": {"type": "Point", "coordinates": [19.1060457, 47.4748144]}}, {"type": "Feature", "properties": {"code": "Lk-2/23", "reg": "x-kesz", "conf": 0.943}, "geometry": {"type": "Point", "coordinates": [19.1163382, 47.4738878]}}, {"type": "Feature", "properties": {"code": "Vi-2/108", "reg": "x-kesz", "conf": 0.936}, "geometry": {"type": "Point", "coordinates": [19.120992, 47.4740924]}}, {"type": "Feature", "properties": {"code": "Vi-2/77", "reg": "x-kesz", "conf": 0.907}, "geometry": {"type": "Point", "coordinates": [19.1146762, 47.4716651]}}, {"type": "Feature", "properties": {"code": "Zvp-O", "reg": "x-kesz", "conf": 0.897}, "geometry": {"type": "Point", "coordinates": [19.1060485, 47.4748136]}}, {"type": "Feature", "properties": {"code": "Gksz-2/15", "reg": "x-kesz", "conf": 0.999}, "geometry": {"type": "Point", "coordinates": [19.1383739, 47.4739924]}}, {"type": "Feature", "properties": {"code": "Lke-1/14", "reg": "x-kesz", "conf": 0.999}, "geometry": {"type": "Point", "coordinates": [19.1444863, 47.476859]}}, {"type": "Feature", "properties": {"code": "Ln-T/3", "reg": "x-kesz", "conf": 0.999}, "geometry": {"type": "Point", "coordinates": [19.1494701, 47.4756919]}}, {"type": "Feature", "properties": {"code": "Ln-T/3", "reg": "x-kesz", "conf": 0.999}, "geometry": {"type": "Point", "coordinates": [19.1494468, 47.4736569]}}, {"type": "Feature", "properties": {"code": "Lke-1/28", "reg": "x-kesz", "conf": 0.999}, "geometry": {"type": "Point", "coordinates": [19.15157, 47.476014]}}, {"type": "Feature", "properties": {"code": "Gksz-1/19", "reg": "x-kesz", "conf": 0.999}, "geometry": {"type": "Point", "coordinates": [19.1484284, 47.4673642]}}, {"type": "Feature", "properties": {"code": "Ln-T/15", "reg": "x-kesz", "conf": 0.999}, "geometry": {"type": "Point", "coordinates": [19.1573492, 47.4690469]}}, {"type": "Feature", "properties": {"code": "Ln-T/1", "reg": "x-kesz", "conf": 0.999}, "geometry": {"type": "Point", "coordinates": [19.1594336, 47.4688574]}}, {"type": "Feature", "properties": {"code": "Ln-T/13", "reg": "x-kesz", "conf": 0.999}, "geometry": {"type": "Point", "coordinates": [19.158916, 47.4669465]}}, {"type": "Feature", "properties": {"code": "Gksz-2/11", "reg": "x-kesz", "conf": 0.998}, "geometry": {"type": "Point", "coordinates": [19.130578, 47.4765654]}}, {"type": "Feature", "properties": {"code": "Gksz-2/11", "reg": "x-kesz", "conf": 0.998}, "geometry": {"type": "Point", "coordinates": [19.1313463, 47.4755701]}}, {"type": "Feature", "properties": {"code": "Gksz-2/11", "reg": "x-kesz", "conf": 0.998}, "geometry": {"type": "Point", "coordinates": [19.1313148, 47.4764312]}}, {"type": "Feature", "properties": {"code": "Lke-1/14", "reg": "x-kesz", "conf": 0.998}, "geometry": {"type": "Point", "coordinates": [19.1448088, 47.4764455]}}, {"type": "Feature", "properties": {"code": "Lke-1/18", "reg": "x-kesz", "conf": 0.998}, "geometry": {"type": "Point", "coordinates": [19.1468664, 47.4765377]}}, {"type": "Feature", "properties": {"code": "Lke-1/18", "reg": "x-kesz", "conf": 0.998}, "geometry": {"type": "Point", "coordinates": [19.1493628, 47.4763022]}}, {"type": "Feature", "properties": {"code": "Lke-1/18", "reg": "x-kesz", "conf": 0.998}, "geometry": {"type": "Point", "coordinates": [19.1484575, 47.4759052]}}, {"type": "Feature", "properties": {"code": "Lke-1/13", "reg": "x-kesz", "conf": 0.998}, "geometry": {"type": "Point", "coordinates": [19.1570243, 47.4764762]}}, {"type": "Feature", "properties": {"code": "Lke-1/6", "reg": "x-kesz", "conf": 0.998}, "geometry": {"type": "Point", "coordinates": [19.1562804, 47.4760253]}}, {"type": "Feature", "properties": {"code": "Gksz-2/4", "reg": "x-kesz", "conf": 0.998}, "geometry": {"type": "Point", "coordinates": [19.1283845, 47.4716629]}}, {"type": "Feature", "properties": {"code": "Gksz-2/20", "reg": "x-kesz", "conf": 0.998}, "geometry": {"type": "Point", "coordinates": [19.1341412, 47.4714631]}}, {"type": "Feature", "properties": {"code": "Lk-1/6", "reg": "x-kesz", "conf": 0.998}, "geometry": {"type": "Point", "coordinates": [19.1458316, 47.4736455]}}, {"type": "Feature", "properties": {"code": "Lke-1/28", "reg": "x-kesz", "conf": 0.998}, "geometry": {"type": "Point", "coordinates": [19.1514037, 47.4737858]}}, {"type": "Feature", "properties": {"code": "Kb-Ez/2", "reg": "x-kesz", "conf": 0.998}, "geometry": {"type": "Point", "coordinates": [19.1559203, 47.473449]}}, {"type": "Feature", "properties": {"code": "Ln-T/1", "reg": "x-kesz", "conf": 0.998}, "geometry": {"type": "Point", "coordinates": [19.1597583, 47.4713043]}}, {"type": "Feature", "properties": {"code": "Gksz-1/28", "reg": "x-kesz", "conf": 0.998}, "geometry": {"type": "Point", "coordinates": [19.1504959, 47.4696044]}}, {"type": "Feature", "properties": {"code": "Ln-T/1", "reg": "x-kesz", "conf": 0.998}, "geometry": {"type": "Point", "coordinates": [19.1580999, 47.4695621]}}, {"type": "Feature", "properties": {"code": "Ln-T/1", "reg": "x-kesz", "conf": 0.998}, "geometry": {"type": "Point", "coordinates": [19.158574, 47.4687741]}}, {"type": "Feature", "properties": {"code": "Gksz-2/10", "reg": "x-kesz", "conf": 0.998}, "geometry": {"type": "Point", "coordinates": [19.1400504, 47.4650113]}}, {"type": "Feature", "properties": {"code": "Gksz-2/10", "reg": "x-kesz", "conf": 0.998}, "geometry": {"type": "Point", "coordinates": [19.1426478, 47.4645891]}}, {"type": "Feature", "properties": {"code": "Vi-2/81", "reg": "x-kesz", "conf": 0.998}, "geometry": {"type": "Point", "coordinates": [19.1573777, 47.4662451]}}, {"type": "Feature", "properties": {"code": "Gksz-2/10", "reg": "x-kesz", "conf": 0.997}, "geometry": {"type": "Point", "coordinates": [19.1272349, 47.4760591]}}, {"type": "Feature", "properties": {"code": "Lk-1/21", "reg": "x-kesz", "conf": 0.997}, "geometry": {"type": "Point", "coordinates": [19.1446398, 47.4752924]}}, {"type": "Feature", "properties": {"code": "Lke-1/3", "reg": "x-kesz", "conf": 0.997}, "geometry": {"type": "Point", "coordinates": [19.1483418, 47.476362]}}, {"type": "Feature", "properties": {"code": "Lke-1/AI-1", "reg": "x-kesz", "conf": 0.997}, "geometry": {"type": "Point", "coordinates": [19.147534, 47.4762569]}}, {"type": "Feature", "properties": {"code": "Lke-1/18", "reg": "x-kesz", "conf": 0.997}, "geometry": {"type": "Point", "coordinates": [19.147476, 47.4750752]}}, {"type": "Feature", "properties": {"code": "Lke-1/28", "reg": "x-kesz", "conf": 0.997}, "geometry": {"type": "Point", "coordinates": [19.1520826, 47.4751265]}}, {"type": "Feature", "properties": {"code": "Lke-1/6", "reg": "x-kesz", "conf": 0.997}, "geometry": {"type": "Point", "coordinates": [19.1553925, 47.4765625]}}, {"type": "Feature", "properties": {"code": "Ln-T/16", "reg": "x-kesz", "conf": 0.997}, "geometry": {"type": "Point", "coordinates": [19.1590698, 47.4759649]}}, {"type": "Feature", "properties": {"code": "Lke-1/28", "reg": "x-kesz", "conf": 0.997}, "geometry": {"type": "Point", "coordinates": [19.1501698, 47.4731484]}}, {"type": "Feature", "properties": {"code": "Vi-2/80", "reg": "x-kesz", "conf": 0.997}, "geometry": {"type": "Point", "coordinates": [19.1542217, 47.4714583]}}, {"type": "Feature", "properties": {"code": "K-Rek/6", "reg": "x-kesz", "conf": 0.997}, "geometry": {"type": "Point", "coordinates": [19.129583, 47.4674259]}}, {"type": "Feature", "properties": {"code": "Gksz-2/24", "reg": "x-kesz", "conf": 0.997}, "geometry": {"type": "Point", "coordinates": [19.1329288, 47.4668981]}}, {"type": "Feature", "properties": {"code": "Ln-T/1", "reg": "x-kesz", "conf": 0.997}, "geometry": {"type": "Point", "coordinates": [19.1588782, 47.4669477]}}, {"type": "Feature", "properties": {"code": "Gksz-2/11", "reg": "x-kesz", "conf": 0.996}, "geometry": {"type": "Point", "coordinates": [19.1290405, 47.4767662]}}, {"type": "Feature", "properties": {"code": "Gksz-2/11", "reg": "x-kesz", "conf": 0.996}, "geometry": {"type": "Point", "coordinates": [19.1291278, 47.4763987]}}, {"type": "Feature", "properties": {"code": "Lk-1/21", "reg": "x-kesz", "conf": 0.996}, "geometry": {"type": "Point", "coordinates": [19.1439256, 47.4762509]}}, {"type": "Feature", "properties": {"code": "Lke-1/9", "reg": "x-kesz", "conf": 0.996}, "geometry": {"type": "Point", "coordinates": [19.1454499, 47.4765288]}}, {"type": "Feature", "properties": {"code": "Lke-1/9", "reg": "x-kesz", "conf": 0.996}, "geometry": {"type": "Point", "coordinates": [19.1466067, 47.4754715]}}, {"type": "Feature", "properties": {"code": "Lke-1/28", "reg": "x-kesz", "conf": 0.996}, "geometry": {"type": "Point", "coordinates": [19.1520328, 47.476527]}}, {"type": "Feature", "properties": {"code": "Ln-T/11", "reg": "x-kesz", "conf": 0.996}, "geometry": {"type": "Point", "coordinates": [19.1494761, 47.4746957]}}, {"type": "Feature", "properties": {"code": "Gksz-1/26", "reg": "x-kesz", "conf": 0.996}, "geometry": {"type": "Point", "coordinates": [19.1275235, 47.4693925]}}, {"type": "Feature", "properties": {"code": "Gksz-1/16", "reg": "x-kesz", "conf": 0.996}, "geometry": {"type": "Point", "coordinates": [19.1507021, 47.4662345]}}, {"type": "Feature", "properties": {"code": "Gksz-2/10", "reg": "x-kesz", "conf": 0.995}, "geometry": {"type": "Point", "coordinates": [19.1303104, 47.4737681]}}, {"type": "Feature", "properties": {"code": "Gksz-1/15", "reg": "x-kesz", "conf": 0.995}, "geometry": {"type": "Point", "coordinates": [19.1362465, 47.4748415]}}, {"type": "Feature", "properties": {"code": "Vi-2/29", "reg": "x-kesz", "conf": 0.995}, "geometry": {"type": "Point", "coordinates": [19.1401041, 47.4748266]}}, {"type": "Feature", "properties": {"code": "Lk-1/21", "reg": "x-kesz", "conf": 0.995}, "geometry": {"type": "Point", "coordinates": [19.1415602, 47.4764294]}}, {"type": "Feature", "properties": {"code": "Lk-1/23", "reg": "x-kesz", "conf": 0.995}, "geometry": {"type": "Point", "coordinates": [19.1420543, 47.475749]}}, {"type": "Feature", "properties": {"code": "Ln-T/18", "reg": "x-kesz", "conf": 0.995}, "geometry": {"type": "Point", "coordinates": [19.1506466, 47.4765227]}}, {"type": "Feature", "properties": {"code": "K-Rek/7", "reg": "x-kesz", "conf": 0.995}, "geometry": {"type": "Point", "coordinates": [19.1534863, 47.4761521]}}, {"type": "Feature", "properties": {"code": "Ln-T/3", "reg": "x-kesz", "conf": 0.995}, "geometry": {"type": "Point", "coordinates": [19.1509396, 47.4741547]}}, {"type": "Feature", "properties": {"code": "Lke-1/6", "reg": "x-kesz", "conf": 0.995}, "geometry": {"type": "Point", "coordinates": [19.1565903, 47.4765783]}}, {"type": "Feature", "properties": {"code": "Vi-2/30", "reg": "x-kesz", "conf": 0.995}, "geometry": {"type": "Point", "coordinates": [19.1410656, 47.4737385]}}, {"type": "Feature", "properties": {"code": "K-Rek/3", "reg": "x-kesz", "conf": 0.995}, "geometry": {"type": "Point", "coordinates": [19.1313677, 47.469767]}}, {"type": "Feature", "properties": {"code": "Ln-T/1", "reg": "x-kesz", "conf": 0.995}, "geometry": {"type": "Point", "coordinates": [19.1569095, 47.4680338]}}, {"type": "Feature", "properties": {"code": "Ek/2", "reg": "x-kesz", "conf": 0.995}, "geometry": {"type": "Point", "coordinates": [19.138745, 47.4650253]}}, {"type": "Feature", "properties": {"code": "Gksz-2/14", "reg": "x-kesz", "conf": 0.995}, "geometry": {"type": "Point", "coordinates": [19.1598581, 47.4641238]}}, {"type": "Feature", "properties": {"code": "Gksz-2/4", "reg": "x-kesz", "conf": 0.995}, "geometry": {"type": "Point", "coordinates": [19.1595657, 47.4622436]}}, {"type": "Feature", "properties": {"code": "Lke-1/3", "reg": "x-kesz", "conf": 0.994}, "geometry": {"type": "Point", "coordinates": [19.1485438, 47.4765738]}}, {"type": "Feature", "properties": {"code": "Lke-1/9", "reg": "x-kesz", "conf": 0.994}, "geometry": {"type": "Point", "coordinates": [19.1461396, 47.4764119]}}, {"type": "Feature", "properties": {"code": "Lke-1/9", "reg": "x-kesz", "conf": 0.994}, "geometry": {"type": "Point", "coordinates": [19.1465785, 47.475987]}}, {"type": "Feature", "properties": {"code": "Lk-1/7", "reg": "x-kesz", "conf": 0.994}, "geometry": {"type": "Point", "coordinates": [19.1467452, 47.4739522]}}, {"type": "Feature", "properties": {"code": "Lke-1/37", "reg": "x-kesz", "conf": 0.994}, "geometry": {"type": "Point", "coordinates": [19.1509811, 47.475886]}}, {"type": "Feature", "properties": {"code": "Lke-1/6", "reg": "x-kesz", "conf": 0.994}, "geometry": {"type": "Point", "coordinates": [19.1598728, 47.4767845]}}, {"type": "Feature", "properties": {"code": "Ln-T/16", "reg": "x-kesz", "conf": 0.994}, "geometry": {"type": "Point", "coordinates": [19.1587529, 47.4750422]}}, {"type": "Feature", "properties": {"code": "Ln-T/1", "reg": "x-kesz", "conf": 0.994}, "geometry": {"type": "Point", "coordinates": [19.1580429, 47.4675137]}}, {"type": "Feature", "properties": {"code": "Kt-Fk/3", "reg": "x-kesz", "conf": 0.994}, "geometry": {"type": "Point", "coordinates": [19.1589914, 47.4690922]}}, {"type": "Feature", "properties": {"code": "Ek/2", "reg": "x-kesz", "conf": 0.994}, "geometry": {"type": "Point", "coordinates": [19.1408056, 47.4645623]}}, {"type": "Feature", "properties": {"code": "Gksz-2/14", "reg": "x-kesz", "conf": 0.994}, "geometry": {"type": "Point", "coordinates": [19.1575511, 47.4637809]}}, {"type": "Feature", "properties": {"code": "Lk-1/24", "reg": "x-kesz", "conf": 0.993}, "geometry": {"type": "Point", "coordinates": [19.1375609, 47.4758638]}}, {"type": "Feature", "properties": {"code": "Vi-2/27", "reg": "x-kesz", "conf": 0.993}, "geometry": {"type": "Point", "coordinates": [19.1417257, 47.4722474]}}, {"type": "Feature", "properties": {"code": "Lk-1/21", "reg": "x-kesz", "conf": 0.992}, "geometry": {"type": "Point", "coordinates": [19.142712, 47.4753698]}}, {"type": "Feature", "properties": {"code": "Lke-1/3", "reg": "x-kesz", "conf": 0.992}, "geometry": {"type": "Point", "coordinates": [19.1480912, 47.4742633]}}, {"type": "Feature", "properties": {"code": "Lk-2/22", "reg": "x-kesz", "conf": 0.992}, "geometry": {"type": "Point", "coordinates": [19.150048, 47.4720962]}}, {"type": "Feature", "properties": {"code": "Ln-T/1", "reg": "x-kesz", "conf": 0.992}, "geometry": {"type": "Point", "coordinates": [19.1586458, 47.4681483]}}, {"type": "Feature", "properties": {"code": "Lk-1/21", "reg": "x-kesz", "conf": 0.991}, "geometry": {"type": "Point", "coordinates": [19.1408133, 47.4765646]}}, {"type": "Feature", "properties": {"code": "Lk-1/8", "reg": "x-kesz", "conf": 0.991}, "geometry": {"type": "Point", "coordinates": [19.1432809, 47.4758447]}}, {"type": "Feature", "properties": {"code": "Kt-Zkk/5", "reg": "x-kesz", "conf": 0.991}, "geometry": {"type": "Point", "coordinates": [19.1575473, 47.4682706]}}, {"type": "Feature", "properties": {"code": "Vi-2/5", "reg": "x-kesz", "conf": 0.991}, "geometry": {"type": "Point", "coordinates": [19.154199, 47.4648433]}}, {"type": "Feature", "properties": {"code": "Gksz-2/10", "reg": "x-kesz", "conf": 0.99}, "geometry": {"type": "Point", "coordinates": [19.1269712, 47.4765424]}}, {"type": "Feature", "properties": {"code": "Lk-1/11", "reg": "x-kesz", "conf": 0.99}, "geometry": {"type": "Point", "coordinates": [19.1460613, 47.4749955]}}, {"type": "Feature", "properties": {"code": "Lk-1/7", "reg": "x-kesz", "conf": 0.99}, "geometry": {"type": "Point", "coordinates": [19.1465788, 47.4713781]}}, {"type": "Feature", "properties": {"code": "Gksz-2/11", "reg": "x-kesz", "conf": 0.989}, "geometry": {"type": "Point", "coordinates": [19.1309314, 47.4768069]}}, {"type": "Feature", "properties": {"code": "Vi-2/33", "reg": "x-kesz", "conf": 0.989}, "geometry": {"type": "Point", "coordinates": [19.1376689, 47.4764487]}}, {"type": "Feature", "properties": {"code": "Lk-1/7", "reg": "x-kesz", "conf": 0.989}, "geometry": {"type": "Point", "coordinates": [19.1478029, 47.473014]}}, {"type": "Feature", "properties": {"code": "Gksz-2/35", "reg": "x-kesz", "conf": 0.989}, "geometry": {"type": "Point", "coordinates": [19.1455708, 47.4681836]}}, {"type": "Feature", "properties": {"code": "Kt-Fk/2", "reg": "x-kesz", "conf": 0.989}, "geometry": {"type": "Point", "coordinates": [19.1593374, 47.4682643]}}, {"type": "Feature", "properties": {"code": "Vi-2/8", "reg": "x-kesz", "conf": 0.988}, "geometry": {"type": "Point", "coordinates": [19.1417864, 47.4748366]}}, {"type": "Feature", "properties": {"code": "Kt-Fk/3", "reg": "x-kesz", "conf": 0.988}, "geometry": {"type": "Point", "coordinates": [19.1483813, 47.4749537]}}, {"type": "Feature", "properties": {"code": "Ln-T/1", "reg": "x-kesz", "conf": 0.988}, "geometry": {"type": "Point", "coordinates": [19.1590007, 47.4707058]}}, {"type": "Feature", "properties": {"code": "Kt-Fk/3", "reg": "x-kesz", "conf": 0.987}, "geometry": {"type": "Point", "coordinates": [19.1562805, 47.4681244]}}, {"type": "Feature", "properties": {"code": "Lk-1/14", "reg": "x-kesz", "conf": 0.986}, "geometry": {"type": "Point", "coordinates": [19.1344406, 47.4765803]}}, {"type": "Feature", "properties": {"code": "Ln-T/16", "reg": "x-kesz", "conf": 0.986}, "geometry": {"type": "Point", "coordinates": [19.157932, 47.4753997]}}, {"type": "Feature", "properties": {"code": "Gksz-2/12", "reg": "x-kesz", "conf": 0.986}, "geometry": {"type": "Point", "coordinates": [19.1270145, 47.473508]}}, {"type": "Feature", "properties": {"code": "Gksz-2/35", "reg": "x-kesz", "conf": 0.986}, "geometry": {"type": "Point", "coordinates": [19.1461113, 47.4690435]}}, {"type": "Feature", "properties": {"code": "Ln-T/1", "reg": "x-kesz", "conf": 0.986}, "geometry": {"type": "Point", "coordinates": [19.1597521, 47.4694804]}}, {"type": "Feature", "properties": {"code": "Ln-T/16", "reg": "x-kesz", "conf": 0.985}, "geometry": {"type": "Point", "coordinates": [19.1572291, 47.4758269]}}, {"type": "Feature", "properties": {"code": "Vi-2/27", "reg": "x-kesz", "conf": 0.985}, "geometry": {"type": "Point", "coordinates": [19.1448944, 47.4707453]}}, {"type": "Feature", "properties": {"code": "Gksz-2/9", "reg": "x-kesz", "conf": 0.985}, "geometry": {"type": "Point", "coordinates": [19.1435219, 47.468403]}}, {"type": "Feature", "properties": {"code": "Lk-1/2", "reg": "x-kesz", "conf": 0.984}, "geometry": {"type": "Point", "coordinates": [19.1442642, 47.4744314]}}, {"type": "Feature", "properties": {"code": "Lk-1/8", "reg": "x-kesz", "conf": 0.983}, "geometry": {"type": "Point", "coordinates": [19.1450384, 47.4749969]}}, {"type": "Feature", "properties": {"code": "Vi-2/8", "reg": "x-kesz", "conf": 0.983}, "geometry": {"type": "Point", "coordinates": [19.1412776, 47.4741106]}}, {"type": "Feature", "properties": {"code": "Lk-1/10", "reg": "x-kesz", "conf": 0.983}, "geometry": {"type": "Point", "coordinates": [19.1437189, 47.4740446]}}, {"type": "Feature", "properties": {"code": "Vi-2/57", "reg": "x-kesz", "conf": 0.983}, "geometry": {"type": "Point", "coordinates": [19.1270067, 47.4663285]}}, {"type": "Feature", "properties": {"code": "Lk-1/9", "reg": "x-kesz", "conf": 0.982}, "geometry": {"type": "Point", "coordinates": [19.1454337, 47.4746143]}}, {"type": "Feature", "properties": {"code": "Lke-1/13", "reg": "x-kesz", "conf": 0.982}, "geometry": {"type": "Point", "coordinates": [19.1559678, 47.47652]}}, {"type": "Feature", "properties": {"code": "Ln-T/Kozmu1", "reg": "x-kesz", "conf": 0.982}, "geometry": {"type": "Point", "coordinates": [19.1581399, 47.4690388]}}, {"type": "Feature", "properties": {"code": "Lk-1/23", "reg": "x-kesz", "conf": 0.981}, "geometry": {"type": "Point", "coordinates": [19.1416963, 47.476017]}}, {"type": "Feature", "properties": {"code": "Lk-1/21", "reg": "x-kesz", "conf": 0.981}, "geometry": {"type": "Point", "coordinates": [19.1425948, 47.4735652]}}, {"type": "Feature", "properties": {"code": "Lk-1/7", "reg": "x-kesz", "conf": 0.98}, "geometry": {"type": "Point", "coordinates": [19.1448164, 47.4724137]}}, {"type": "Feature", "properties": {"code": "Gksz-2/24", "reg": "x-kesz", "conf": 0.98}, "geometry": {"type": "Point", "coordinates": [19.1370127, 47.465823]}}, {"type": "Feature", "properties": {"code": "Lk-1/24", "reg": "x-kesz", "conf": 0.979}, "geometry": {"type": "Point", "coordinates": [19.1384614, 47.4763902]}}, {"type": "Feature", "properties": {"code": "Lk-1/9", "reg": "x-kesz", "conf": 0.976}, "geometry": {"type": "Point", "coordinates": [19.1455318, 47.4730892]}}, {"type": "Feature", "properties": {"code": "Lk-1/21", "reg": "x-kesz", "conf": 0.975}, "geometry": {"type": "Point", "coordinates": [19.1434765, 47.4766108]}}, {"type": "Feature", "properties": {"code": "Gksz-2/3", "reg": "x-kesz", "conf": 0.974}, "geometry": {"type": "Point", "coordinates": [19.1399915, 47.469927]}}, {"type": "Feature", "properties": {"code": "Lk-1/I-4", "reg": "x-kesz", "conf": 0.973}, "geometry": {"type": "Point", "coordinates": [19.1460055, 47.4719382]}}, {"type": "Feature", "properties": {"code": "Lk-1/14", "reg": "x-kesz", "conf": 0.971}, "geometry": {"type": "Point", "coordinates": [19.1336447, 47.4761969]}}, {"type": "Feature", "properties": {"code": "Vi-2/16", "reg": "x-kesz", "conf": 0.971}, "geometry": {"type": "Point", "coordinates": [19.1349132, 47.4759687]}}, {"type": "Feature", "properties": {"code": "Lke-1/9", "reg": "x-kesz", "conf": 0.971}, "geometry": {"type": "Point", "coordinates": [19.1456314, 47.4761945]}}, {"type": "Feature", "properties": {"code": "Lk-1/21", "reg": "x-kesz", "conf": 0.969}, "geometry": {"type": "Point", "coordinates": [19.1405623, 47.4759222]}}, {"type": "Feature", "properties": {"code": "Gksz-2/4", "reg": "x-kesz", "conf": 0.968}, "geometry": {"type": "Point", "coordinates": [19.1269542, 47.4710622]}}, {"type": "Feature", "properties": {"code": "Gksz-2/16", "reg": "x-kesz", "conf": 0.968}, "geometry": {"type": "Point", "coordinates": [19.1446582, 47.467]}}, {"type": "Feature", "properties": {"code": "Lk-1/24", "reg": "x-kesz", "conf": 0.965}, "geometry": {"type": "Point", "coordinates": [19.1397934, 47.4758447]}}, {"type": "Feature", "properties": {"code": "Lk-1/21", "reg": "x-kesz", "conf": 0.963}, "geometry": {"type": "Point", "coordinates": [19.1418532, 47.4768643]}}, {"type": "Feature", "properties": {"code": "Kt-Fk/3", "reg": "x-kesz", "conf": 0.955}, "geometry": {"type": "Point", "coordinates": [19.1503153, 47.4744402]}}, {"type": "Feature", "properties": {"code": "Lk-1/I-4", "reg": "x-kesz", "conf": 0.954}, "geometry": {"type": "Point", "coordinates": [19.1438128, 47.4734813]}}, {"type": "Feature", "properties": {"code": "Gksz-1/P", "reg": "x-kesz", "conf": 0.953}, "geometry": {"type": "Point", "coordinates": [19.1490745, 47.4650704]}}, {"type": "Feature", "properties": {"code": "Lk-1/I-3", "reg": "x-kesz", "conf": 0.949}, "geometry": {"type": "Point", "coordinates": [19.1442516, 47.4728926]}}, {"type": "Feature", "properties": {"code": "Vi-2/58", "reg": "x-kesz", "conf": 0.948}, "geometry": {"type": "Point", "coordinates": [19.1267877, 47.4685421]}}, {"type": "Feature", "properties": {"code": "Lk-1/14", "reg": "x-kesz", "conf": 0.946}, "geometry": {"type": "Point", "coordinates": [19.1339273, 47.4765461]}}, {"type": "Feature", "properties": {"code": "Lk-1/14", "reg": "x-kesz", "conf": 0.94}, "geometry": {"type": "Point", "coordinates": [19.1344524, 47.4764418]}}, {"type": "Feature", "properties": {"code": "Lk-1/24", "reg": "x-kesz", "conf": 0.928}, "geometry": {"type": "Point", "coordinates": [19.1383888, 47.4758486]}}, {"type": "Feature", "properties": {"code": "Vi-2/35", "reg": "x-kesz", "conf": 0.922}, "geometry": {"type": "Point", "coordinates": [19.1396463, 47.4748737]}}, {"type": "Feature", "properties": {"code": "Vi-2/17", "reg": "x-kesz", "conf": 0.91}, "geometry": {"type": "Point", "coordinates": [19.1365537, 47.4765292]}}, {"type": "Feature", "properties": {"code": "Lk-1/2", "reg": "x-kesz", "conf": 0.881}, "geometry": {"type": "Point", "coordinates": [19.1391576, 47.4760899]}}, {"type": "Feature", "properties": {"code": "Lk-1/I-4", "reg": "x-kesz", "conf": 0.848}, "geometry": {"type": "Point", "coordinates": [19.1438077, 47.4735009]}}, {"type": "Feature", "properties": {"code": "Lke-1/11", "reg": "x-kesz", "conf": 0.999}, "geometry": {"type": "Point", "coordinates": [19.1640798, 47.4740945]}}, {"type": "Feature", "properties": {"code": "Ln-T/1", "reg": "x-kesz", "conf": 0.999}, "geometry": {"type": "Point", "coordinates": [19.1625927, 47.4733532]}}, {"type": "Feature", "properties": {"code": "Lke-1/11", "reg": "x-kesz", "conf": 0.999}, "geometry": {"type": "Point", "coordinates": [19.1650312, 47.47338]}}, {"type": "Feature", "properties": {"code": "Ln-T/1", "reg": "x-kesz", "conf": 0.999}, "geometry": {"type": "Point", "coordinates": [19.1653803, 47.4723165]}}, {"type": "Feature", "properties": {"code": "Lke-1/11", "reg": "x-kesz", "conf": 0.999}, "geometry": {"type": "Point", "coordinates": [19.1673104, 47.4713522]}}, {"type": "Feature", "properties": {"code": "Ln-T/1", "reg": "x-kesz", "conf": 0.999}, "geometry": {"type": "Point", "coordinates": [19.1662206, 47.4713251]}}, {"type": "Feature", "properties": {"code": "Ln-T/14", "reg": "x-kesz", "conf": 0.999}, "geometry": {"type": "Point", "coordinates": [19.1658131, 47.470564]}}, {"type": "Feature", "properties": {"code": "Ln-T/14", "reg": "x-kesz", "conf": 0.999}, "geometry": {"type": "Point", "coordinates": [19.1629087, 47.4701231]}}, {"type": "Feature", "properties": {"code": "Ln-T/1", "reg": "x-kesz", "conf": 0.999}, "geometry": {"type": "Point", "coordinates": [19.1610367, 47.4699564]}}, {"type": "Feature", "properties": {"code": "Ln-T/1", "reg": "x-kesz", "conf": 0.999}, "geometry": {"type": "Point", "coordinates": [19.1670828, 47.4706426]}}, {"type": "Feature", "properties": {"code": "Ln-T/1", "reg": "x-kesz", "conf": 0.999}, "geometry": {"type": "Point", "coordinates": [19.1644214, 47.4692503]}}, {"type": "Feature", "properties": {"code": "Lke-1/26", "reg": "x-kesz", "conf": 0.999}, "geometry": {"type": "Point", "coordinates": [19.1682711, 47.4691416]}}, {"type": "Feature", "properties": {"code": "Ek/7", "reg": "x-kesz", "conf": 0.999}, "geometry": {"type": "Point", "coordinates": [19.1766184, 47.465442]}}, {"type": "Feature", "properties": {"code": "Lke-1/11", "reg": "x-kesz", "conf": 0.998}, "geometry": {"type": "Point", "coordinates": [19.1604071, 47.4767808]}}, {"type": "Feature", "properties": {"code": "Lke-1/11", "reg": "x-kesz", "conf": 0.998}, "geometry": {"type": "Point", "coordinates": [19.1619289, 47.4766843]}}, {"type": "Feature", "properties": {"code": "Lke-1/6", "reg": "x-kesz", "conf": 0.998}, "geometry": {"type": "Point", "coordinates": [19.1601495, 47.4764216]}}, {"type": "Feature", "properties": {"code": "Ln-T/16", "reg": "x-kesz", "conf": 0.998}, "geometry": {"type": "Point", "coordinates": [19.1607905, 47.4741493]}}, {"type": "Feature", "properties": {"code": "Lke-1/11", "reg": "x-kesz", "conf": 0.998}, "geometry": {"type": "Point", "coordinates": [19.1653258, 47.4740038]}}, {"type": "Feature", "properties": {"code": "Lke-1/16", "reg": "x-kesz", "conf": 0.998}, "geometry": {"type": "Point", "coordinates": [19.1665937, 47.4738397]}}, {"type": "Feature", "properties": {"code": "Gksz-2/8", "reg": "x-kesz", "conf": 0.998}, "geometry": {"type": "Point", "coordinates": [19.1708117, 47.4765272]}}, {"type": "Feature", "properties": {"code": "Gksz-1/35", "reg": "x-kesz", "conf": 0.998}, "geometry": {"type": "Point", "coordinates": [19.1692429, 47.4741869]}}, {"type": "Feature", "properties": {"code": "Ln-T/1", "reg": "x-kesz", "conf": 0.998}, "geometry": {"type": "Point", "coordinates": [19.1604745, 47.4719058]}}, {"type": "Feature", "properties": {"code": "Ln-T/1", "reg": "x-kesz", "conf": 0.998}, "geometry": {"type": "Point", "coordinates": [19.1630222, 47.4716407]}}, {"type": "Feature", "properties": {"code": "Ln-T/1", "reg": "x-kesz", "conf": 0.998}, "geometry": {"type": "Point", "coordinates": [19.1606487, 47.4706135]}}, {"type": "Feature", "properties": {"code": "Lke-1/11", "reg": "x-kesz", "conf": 0.998}, "geometry": {"type": "Point", "coordinates": [19.1684563, 47.4719688]}}, {"type": "Feature", "properties": {"code": "Ln-T/1", "reg": "x-kesz", "conf": 0.998}, "geometry": {"type": "Point", "coordinates": [19.1660173, 47.4718196]}}, {"type": "Feature", "properties": {"code": "Vi-2/63", "reg": "x-kesz", "conf": 0.998}, "geometry": {"type": "Point", "coordinates": [19.1700764, 47.4732183]}}, {"type": "Feature", "properties": {"code": "Vi-2/10", "reg": "x-kesz", "conf": 0.998}, "geometry": {"type": "Point", "coordinates": [19.1723599, 47.4729177]}}, {"type": "Feature", "properties": {"code": "Lke-1/6", "reg": "x-kesz", "conf": 0.998}, "geometry": {"type": "Point", "coordinates": [19.168846, 47.4712717]}}, {"type": "Feature", "properties": {"code": "Lke-1/6", "reg": "x-kesz", "conf": 0.998}, "geometry": {"type": "Point", "coordinates": [19.1692426, 47.4709236]}}, {"type": "Feature", "properties": {"code": "Gksz-2/8", "reg": "x-kesz", "conf": 0.998}, "geometry": {"type": "Point", "coordinates": [19.174453, 47.4720277]}}, {"type": "Feature", "properties": {"code": "Ln-T/1", "reg": "x-kesz", "conf": 0.998}, "geometry": {"type": "Point", "coordinates": [19.1627996, 47.4706244]}}, {"type": "Feature", "properties": {"code": "Ln-T/1", "reg": "x-kesz", "conf": 0.998}, "geometry": {"type": "Point", "coordinates": [19.1602311, 47.4697804]}}, {"type": "Feature", "properties": {"code": "Ln-T/1", "reg": "x-kesz", "conf": 0.998}, "geometry": {"type": "Point", "coordinates": [19.1601938, 47.469066]}}, {"type": "Feature", "properties": {"code": "Ln-T/1", "reg": "x-kesz", "conf": 0.998}, "geometry": {"type": "Point", "coordinates": [19.1653181, 47.4696917]}}, {"type": "Feature", "properties": {"code": "Lke-1/6", "reg": "x-kesz", "conf": 0.998}, "geometry": {"type": "Point", "coordinates": [19.1687698, 47.4706216]}}, {"type": "Feature", "properties": {"code": "Lke-1/27", "reg": "x-kesz", "conf": 0.998}, "geometry": {"type": "Point", "coordinates": [19.1710678, 47.4695242]}}, {"type": "Feature", "properties": {"code": "Gksz-2/23", "reg": "x-kesz", "conf": 0.998}, "geometry": {"type": "Point", "coordinates": [19.170334, 47.4682116]}}, {"type": "Feature", "properties": {"code": "Vi-2/2", "reg": "x-kesz", "conf": 0.998}, "geometry": {"type": "Point", "coordinates": [19.1737736, 47.4692888]}}, {"type": "Feature", "properties": {"code": "Vi-2/68", "reg": "x-kesz", "conf": 0.998}, "geometry": {"type": "Point", "coordinates": [19.1767396, 47.4680322]}}, {"type": "Feature", "properties": {"code": "Vi-2/67", "reg": "x-kesz", "conf": 0.998}, "geometry": {"type": "Point", "coordinates": [19.174738, 47.4678063]}}, {"type": "Feature", "properties": {"code": "Ln-T/1", "reg": "x-kesz", "conf": 0.998}, "geometry": {"type": "Point", "coordinates": [19.1608061, 47.4668603]}}, {"type": "Feature", "properties": {"code": "Vi-2/82", "reg": "x-kesz", "conf": 0.998}, "geometry": {"type": "Point", "coordinates": [19.1600835, 47.4649328]}}, {"type": "Feature", "properties": {"code": "K-Rek/1", "reg": "x-kesz", "conf": 0.998}, "geometry": {"type": "Point", "coordinates": [19.1677703, 47.466983]}}, {"type": "Feature", "properties": {"code": "Gksz-1/10", "reg": "x-kesz", "conf": 0.998}, "geometry": {"type": "Point", "coordinates": [19.164079, 47.4648471]}}, {"type": "Feature", "properties": {"code": "Vi-2/67", "reg": "x-kesz", "conf": 0.998}, "geometry": {"type": "Point", "coordinates": [19.1757773, 47.4674946]}}, {"type": "Feature", "properties": {"code": "Vi-2/69", "reg": "x-kesz", "conf": 0.998}, "geometry": {"type": "Point", "coordinates": [19.1775949, 47.4671004]}}, {"type": "Feature", "properties": {"code": "Gksz-1/14", "reg": "x-kesz", "conf": 0.998}, "geometry": {"type": "Point", "coordinates": [19.1683289, 47.4623368]}}, {"type": "Feature", "properties": {"code": "Lke-1/6", "reg": "x-kesz", "conf": 0.997}, "geometry": {"type": "Point", "coordinates": [19.1622213, 47.476437]}}, {"type": "Feature", "properties": {"code": "Lke-1/11", "reg": "x-kesz", "conf": 0.997}, "geometry": {"type": "Point", "coordinates": [19.1604906, 47.4761559]}}, {"type": "Feature", "properties": {"code": "Lke-1/11", "reg": "x-kesz", "conf": 0.997}, "geometry": {"type": "Point", "coordinates": [19.1612222, 47.4761123]}}, {"type": "Feature", "properties": {"code": "Vi-2/21", "reg": "x-kesz", "conf": 0.997}, "geometry": {"type": "Point", "coordinates": [19.1627219, 47.4755544]}}, {"type": "Feature", "properties": {"code": "Lke-1/11", "reg": "x-kesz", "conf": 0.997}, "geometry": {"type": "Point", "coordinates": [19.1679538, 47.4751739]}}, {"type": "Feature", "properties": {"code": "Gksz-2/8", "reg": "x-kesz", "conf": 0.997}, "geometry": {"type": "Point", "coordinates": [19.1706685, 47.4762732]}}, {"type": "Feature", "properties": {"code": "K-Vke/1", "reg": "x-kesz", "conf": 0.997}, "geometry": {"type": "Point", "coordinates": [19.1755681, 47.474644]}}, {"type": "Feature", "properties": {"code": "Ln-T/1", "reg": "x-kesz", "conf": 0.997}, "geometry": {"type": "Point", "coordinates": [19.1625812, 47.4738854]}}, {"type": "Feature", "properties": {"code": "Ln-T/1", "reg": "x-kesz", "conf": 0.997}, "geometry": {"type": "Point", "coordinates": [19.1614918, 47.4715484]}}, {"type": "Feature", "properties": {"code": "Ln-T/1", "reg": "x-kesz", "conf": 0.997}, "geometry": {"type": "Point", "coordinates": [19.1612627, 47.4709407]}}, {"type": "Feature", "properties": {"code": "Lke-1/7", "reg": "x-kesz", "conf": 0.997}, "geometry": {"type": "Point", "coordinates": [19.1675896, 47.4737684]}}, {"type": "Feature", "properties": {"code": "Ln-T/1", "reg": "x-kesz", "conf": 0.997}, "geometry": {"type": "Point", "coordinates": [19.1644238, 47.4730459]}}, {"type": "Feature", "properties": {"code": "Vi-2/64", "reg": "x-kesz", "conf": 0.997}, "geometry": {"type": "Point", "coordinates": [19.168833, 47.4724757]}}, {"type": "Feature", "properties": {"code": "Ln-T/1", "reg": "x-kesz", "conf": 0.997}, "geometry": {"type": "Point", "coordinates": [19.1641824, 47.4714847]}}, {"type": "Feature", "properties": {"code": "Ln-T/14", "reg": "x-kesz", "conf": 0.997}, "geometry": {"type": "Point", "coordinates": [19.1650415, 47.471164]}}, {"type": "Feature", "properties": {"code": "Lke-1/33", "reg": "x-kesz", "conf": 0.997}, "geometry": {"type": "Point", "coordinates": [19.1704854, 47.4711784]}}, {"type": "Feature", "properties": {"code": "Lke-1/33", "reg": "x-kesz", "conf": 0.997}, "geometry": {"type": "Point", "coordinates": [19.1729252, 47.4706111]}}, {"type": "Feature", "properties": {"code": "Ln-T/1", "reg": "x-kesz", "conf": 0.997}, "geometry": {"type": "Point", "coordinates": [19.1609725, 47.4694311]}}, {"type": "Feature", "properties": {"code": "Ln-T/14", "reg": "x-kesz", "conf": 0.997}, "geometry": {"type": "Point", "coordinates": [19.1621545, 47.4693094]}}, {"type": "Feature", "properties": {"code": "Ln-T/1", "reg": "x-kesz", "conf": 0.997}, "geometry": {"type": "Point", "coordinates": [19.1633648, 47.4684871]}}, {"type": "Feature", "properties": {"code": "Ln-T/1", "reg": "x-kesz", "conf": 0.997}, "geometry": {"type": "Point", "coordinates": [19.1620263, 47.4683788]}}, {"type": "Feature", "properties": {"code": "Ln-T/14", "reg": "x-kesz", "conf": 0.997}, "geometry": {"type": "Point", "coordinates": [19.1603143, 47.4683151]}}, {"type": "Feature", "properties": {"code": "Ln-T/1", "reg": "x-kesz", "conf": 0.997}, "geometry": {"type": "Point", "coordinates": [19.1612067, 47.4674061]}}, {"type": "Feature", "properties": {"code": "Lke-1/11", "reg": "x-kesz", "conf": 0.997}, "geometry": {"type": "Point", "coordinates": [19.1690956, 47.4699873]}}, {"type": "Feature", "properties": {"code": "Gksz-2/30", "reg": "x-kesz", "conf": 0.997}, "geometry": {"type": "Point", "coordinates": [19.1735563, 47.4684395]}}, {"type": "Feature", "properties": {"code": "Ln-3/10", "reg": "x-kesz", "conf": 0.997}, "geometry": {"type": "Point", "coordinates": [19.1640513, 47.4661404]}}, {"type": "Feature", "properties": {"code": "Gksz-1/32", "reg": "x-kesz", "conf": 0.997}, "geometry": {"type": "Point", "coordinates": [19.1734879, 47.4666242]}}, {"type": "Feature", "properties": {"code": "Vi-2/70", "reg": "x-kesz", "conf": 0.997}, "geometry": {"type": "Point", "coordinates": [19.1770664, 47.4664572]}}, {"type": "Feature", "properties": {"code": "Gksz-1/32", "reg": "x-kesz", "conf": 0.997}, "geometry": {"type": "Point", "coordinates": [19.1747722, 47.4661614]}}, {"type": "Feature", "properties": {"code": "Gksz-2/30", "reg": "x-kesz", "conf": 0.997}, "geometry": {"type": "Point", "coordinates": [19.1734111, 47.4650675]}}, {"type": "Feature", "properties": {"code": "Gksz-2/4", "reg": "x-kesz", "conf": 0.997}, "geometry": {"type": "Point", "coordinates": [19.1613752, 47.4626089]}}, {"type": "Feature", "properties": {"code": "Gksz-1/10", "reg": "x-kesz", "conf": 0.997}, "geometry": {"type": "Point", "coordinates": [19.1653594, 47.4629213]}}, {"type": "Feature", "properties": {"code": "Kb-Ez/1", "reg": "x-kesz", "conf": 0.997}, "geometry": {"type": "Point", "coordinates": [19.1683906, 47.4613386]}}, {"type": "Feature", "properties": {"code": "Lk-2/1", "reg": "x-kesz", "conf": 0.996}, "geometry": {"type": "Point", "coordinates": [19.1638693, 47.4762627]}}, {"type": "Feature", "properties": {"code": "Lke-1/16", "reg": "x-kesz", "conf": 0.996}, "geometry": {"type": "Point", "coordinates": [19.1673074, 47.4745365]}}, {"type": "Feature", "properties": {"code": "Ln-T/1", "reg": "x-kesz", "conf": 0.996}, "geometry": {"type": "Point", "coordinates": [19.1597982, 47.4712868]}}, {"type": "Feature", "properties": {"code": "Ln-T/8", "reg": "x-kesz", "conf": 0.996}, "geometry": {"type": "Point", "coordinates": [19.1656733, 47.4729519]}}, {"type": "Feature", "properties": {"code": "Ln-T/1", "reg": "x-kesz", "conf": 0.996}, "geometry": {"type": "Point", "coordinates": [19.1668644, 47.4711143]}}, {"type": "Feature", "properties": {"code": "Lke-1/11", "reg": "x-kesz", "conf": 0.996}, "geometry": {"type": "Point", "coordinates": [19.1700815, 47.4706395]}}, {"type": "Feature", "properties": {"code": "Ln-T/1", "reg": "x-kesz", "conf": 0.996}, "geometry": {"type": "Point", "coordinates": [19.1617551, 47.4677377]}}, {"type": "Feature", "properties": {"code": "Vi-2/61", "reg": "x-kesz", "conf": 0.996}, "geometry": {"type": "Point", "coordinates": [19.1656908, 47.4685529]}}, {"type": "Feature", "properties": {"code": "Zkp/Kp-3", "reg": "x-kesz", "conf": 0.996}, "geometry": {"type": "Point", "coordinates": [19.1640808, 47.4673892]}}, {"type": "Feature", "properties": {"code": "Lke-1/38", "reg": "x-kesz", "conf": 0.996}, "geometry": {"type": "Point", "coordinates": [19.170377, 47.4698598]}}, {"type": "Feature", "properties": {"code": "Ln-3/10", "reg": "x-kesz", "conf": 0.996}, "geometry": {"type": "Point", "coordinates": [19.1628428, 47.4669548]}}, {"type": "Feature", "properties": {"code": "Ln-3/9", "reg": "x-kesz", "conf": 0.996}, "geometry": {"type": "Point", "coordinates": [19.1625342, 47.4658067]}}, {"type": "Feature", "properties": {"code": "K-Rek/2", "reg": "x-kesz", "conf": 0.996}, "geometry": {"type": "Point", "coordinates": [19.1700485, 47.463435]}}, {"type": "Feature", "properties": {"code": "Vi-2/74", "reg": "x-kesz", "conf": 0.995}, "geometry": {"type": "Point", "coordinates": [19.1614668, 47.4746047]}}, {"type": "Feature", "properties": {"code": "Lke-1/6", "reg": "x-kesz", "conf": 0.995}, "geometry": {"type": "Point", "coordinates": [19.1683832, 47.4709673]}}, {"type": "Feature", "properties": {"code": "Lke-1/33", "reg": "x-kesz", "conf": 0.995}, "geometry": {"type": "Point", "coordinates": [19.171525, 47.4716657]}}, {"type": "Feature", "properties": {"code": "Ln-T/1", "reg": "x-kesz", "conf": 0.995}, "geometry": {"type": "Point", "coordinates": [19.163187, 47.4690527]}}, {"type": "Feature", "properties": {"code": "Lke-1/6", "reg": "x-kesz", "conf": 0.994}, "geometry": {"type": "Point", "coordinates": [19.1615147, 47.4759107]}}, {"type": "Feature", "properties": {"code": "Gksz-2/Kozmu2", "reg": "x-kesz", "conf": 0.994}, "geometry": {"type": "Point", "coordinates": [19.170182, 47.4754193]}}, {"type": "Feature", "properties": {"code": "Gksz-2/8", "reg": "x-kesz", "conf": 0.994}, "geometry": {"type": "Point", "coordinates": [19.1763793, 47.4755711]}}, {"type": "Feature", "properties": {"code": "Ln-T/1", "reg": "x-kesz", "conf": 0.994}, "geometry": {"type": "Point", "coordinates": [19.1630679, 47.4722097]}}, {"type": "Feature", "properties": {"code": "Vi-2/2", "reg": "x-kesz", "conf": 0.994}, "geometry": {"type": "Point", "coordinates": [19.1769769, 47.4710014]}}, {"type": "Feature", "properties": {"code": "Kt-Zkk/1", "reg": "x-kesz", "conf": 0.994}, "geometry": {"type": "Point", "coordinates": [19.1624878, 47.4694752]}}, {"type": "Feature", "properties": {"code": "Lke-1/33", "reg": "x-kesz", "conf": 0.994}, "geometry": {"type": "Point", "coordinates": [19.1716705, 47.4701662]}}, {"type": "Feature", "properties": {"code": "Gksz-2/14", "reg": "x-kesz", "conf": 0.994}, "geometry": {"type": "Point", "coordinates": [19.1598962, 47.4641076]}}, {"type": "Feature", "properties": {"code": "Gksz-2/4", "reg": "x-kesz", "conf": 0.994}, "geometry": {"type": "Point", "coordinates": [19.159604, 47.4622293]}}, {"type": "Feature", "properties": {"code": "Kt-Zkk/4", "reg": "x-kesz", "conf": 0.993}, "geometry": {"type": "Point", "coordinates": [19.1633453, 47.4745045]}}, {"type": "Feature", "properties": {"code": "Kt-Zkk/4", "reg": "x-kesz", "conf": 0.993}, "geometry": {"type": "Point", "coordinates": [19.167205, 47.4751227]}}, {"type": "Feature", "properties": {"code": "Ln-T/1", "reg": "x-kesz", "conf": 0.993}, "geometry": {"type": "Point", "coordinates": [19.1636034, 47.4733461]}}, {"type": "Feature", "properties": {"code": "Kt-Zkk/5", "reg": "x-kesz", "conf": 0.993}, "geometry": {"type": "Point", "coordinates": [19.1640391, 47.4706057]}}, {"type": "Feature", "properties": {"code": "Lke-1/33", "reg": "x-kesz", "conf": 0.993}, "geometry": {"type": "Point", "coordinates": [19.1720785, 47.4718533]}}, {"type": "Feature", "properties": {"code": "Lke-1/35", "reg": "x-kesz", "conf": 0.993}, "geometry": {"type": "Point", "coordinates": [19.173682, 47.4707139]}}, {"type": "Feature", "properties": {"code": "Vi-2/20", "reg": "x-kesz", "conf": 0.993}, "geometry": {"type": "Point", "coordinates": [19.1762966, 47.4696808]}}, {"type": "Feature", "properties": {"code": "Vi-2/6", "reg": "x-kesz", "conf": 0.993}, "geometry": {"type": "Point", "coordinates": [19.1658979, 47.466308]}}, {"type": "Feature", "properties": {"code": "Lke-1/6", "reg": "x-kesz", "conf": 0.992}, "geometry": {"type": "Point", "coordinates": [19.1622932, 47.4759104]}}, {"type": "Feature", "properties": {"code": "Ln-T/Kozmu1", "reg": "x-kesz", "conf": 0.992}, "geometry": {"type": "Point", "coordinates": [19.1609247, 47.4737257]}}, {"type": "Feature", "properties": {"code": "Gksz-2/8", "reg": "x-kesz", "conf": 0.992}, "geometry": {"type": "Point", "coordinates": [19.1733559, 47.4761407]}}, {"type": "Feature", "properties": {"code": "Lke-1/33", "reg": "x-kesz", "conf": 0.992}, "geometry": {"type": "Point", "coordinates": [19.16945, 47.4718976]}}, {"type": "Feature", "properties": {"code": "Ln-T/1", "reg": "x-kesz", "conf": 0.992}, "geometry": {"type": "Point", "coordinates": [19.162206, 47.4706164]}}, {"type": "Feature", "properties": {"code": "Kt-Fk/1", "reg": "x-kesz", "conf": 0.992}, "geometry": {"type": "Point", "coordinates": [19.1624141, 47.4700727]}}, {"type": "Feature", "properties": {"code": "Ln-T/1", "reg": "x-kesz", "conf": 0.992}, "geometry": {"type": "Point", "coordinates": [19.1625932, 47.4687277]}}, {"type": "Feature", "properties": {"code": "Kt-Zkk/1", "reg": "x-kesz", "conf": 0.992}, "geometry": {"type": "Point", "coordinates": [19.1614322, 47.4676499]}}, {"type": "Feature", "properties": {"code": "Ln-T/Kozmu1", "reg": "x-kesz", "conf": 0.991}, "geometry": {"type": "Point", "coordinates": [19.1612358, 47.4739008]}}, {"type": "Feature", "properties": {"code": "Vi-2/7", "reg": "x-kesz", "conf": 0.991}, "geometry": {"type": "Point", "coordinates": [19.1684018, 47.4765497]}}, {"type": "Feature", "properties": {"code": "Gksz-2/6", "reg": "x-kesz", "conf": 0.991}, "geometry": {"type": "Point", "coordinates": [19.1726251, 47.4749677]}}, {"type": "Feature", "properties": {"code": "Lk-2/21", "reg": "x-kesz", "conf": 0.991}, "geometry": {"type": "Point", "coordinates": [19.1678537, 47.4686724]}}, {"type": "Feature", "properties": {"code": "Ln-T/8", "reg": "x-kesz", "conf": 0.99}, "geometry": {"type": "Point", "coordinates": [19.166674, 47.4731643]}}, {"type": "Feature", "properties": {"code": "Kt-Zkk/1", "reg": "x-kesz", "conf": 0.99}, "geometry": {"type": "Point", "coordinates": [19.1671362, 47.4724304]}}, {"type": "Feature", "properties": {"code": "Gksz-2/13", "reg": "x-kesz", "conf": 0.988}, "geometry": {"type": "Point", "coordinates": [19.1736079, 47.473081]}}, {"type": "Feature", "properties": {"code": "Ln-T/1", "reg": "x-kesz", "conf": 0.988}, "geometry": {"type": "Point", "coordinates": [19.1626024, 47.4698518]}}, {"type": "Feature", "properties": {"code": "Vi-2/74", "reg": "x-kesz", "conf": 0.987}, "geometry": {"type": "Point", "coordinates": [19.1605927, 47.4752493]}}, {"type": "Feature", "properties": {"code": "Kt-Fk/3", "reg": "x-kesz", "conf": 0.987}, "geometry": {"type": "Point", "coordinates": [19.1665433, 47.4710639]}}, {"type": "Feature", "properties": {"code": "Ln-T/1", "reg": "x-kesz", "conf": 0.986}, "geometry": {"type": "Point", "coordinates": [19.159792, 47.4694635]}}, {"type": "Feature", "properties": {"code": "Lk-2/4", "reg": "x-kesz", "conf": 0.985}, "geometry": {"type": "Point", "coordinates": [19.1662843, 47.476381]}}, {"type": "Feature", "properties": {"code": "Gksz-1/34", "reg": "x-kesz", "conf": 0.985}, "geometry": {"type": "Point", "coordinates": [19.168331, 47.473474]}}, {"type": "Feature", "properties": {"code": "Vi-2/60", "reg": "x-kesz", "conf": 0.984}, "geometry": {"type": "Point", "coordinates": [19.1669719, 47.4679893]}}, {"type": "Feature", "properties": {"code": "Ek/5", "reg": "x-kesz", "conf": 0.984}, "geometry": {"type": "Point", "coordinates": [19.1683882, 47.4655291]}}, {"type": "Feature", "properties": {"code": "Gksz-2/13", "reg": "x-kesz", "conf": 0.983}, "geometry": {"type": "Point", "coordinates": [19.176359, 47.4726247]}}, {"type": "Feature", "properties": {"code": "Gksz-2/30", "reg": "x-kesz", "conf": 0.983}, "geometry": {"type": "Point", "coordinates": [19.1722232, 47.4669542]}}, {"type": "Feature", "properties": {"code": "Kt-Zkk/4", "reg": "x-kesz", "conf": 0.978}, "geometry": {"type": "Point", "coordinates": [19.1664819, 47.4751469]}}, {"type": "Feature", "properties": {"code": "Gksz-2/13", "reg": "x-kesz", "conf": 0.978}, "geometry": {"type": "Point", "coordinates": [19.1775333, 47.4762094]}}, {"type": "Feature", "properties": {"code": "Ln-T/1", "reg": "x-kesz", "conf": 0.972}, "geometry": {"type": "Point", "coordinates": [19.160543, 47.4710575]}}, {"type": "Feature", "properties": {"code": "Lk-2/4", "reg": "x-kesz", "conf": 0.968}, "geometry": {"type": "Point", "coordinates": [19.1644276, 47.4748854]}}, {"type": "Feature", "properties": {"code": "Gksz-2/13", "reg": "x-kesz", "conf": 0.968}, "geometry": {"type": "Point", "coordinates": [19.1764304, 47.4738092]}}, {"type": "Feature", "properties": {"code": "Ln-T/2", "reg": "x-kesz", "conf": 0.963}, "geometry": {"type": "Point", "coordinates": [19.1665424, 47.4726091]}}, {"type": "Feature", "properties": {"code": "Lk-2/4", "reg": "x-kesz", "conf": 0.957}, "geometry": {"type": "Point", "coordinates": [19.1651676, 47.4762919]}}, {"type": "Feature", "properties": {"code": "Gksz-2/39", "reg": "x-kesz", "conf": 0.957}, "geometry": {"type": "Point", "coordinates": [19.1649445, 47.461328]}}, {"type": "Feature", "properties": {"code": "Lk-2/4", "reg": "x-kesz", "conf": 0.942}, "geometry": {"type": "Point", "coordinates": [19.1662081, 47.4754]}}, {"type": "Feature", "properties": {"code": "Ln-T/2", "reg": "x-kesz", "conf": 0.887}, "geometry": {"type": "Point", "coordinates": [19.1659707, 47.4724285]}}]}