{"type": "FeatureCollection", "features": [{"type": "Feature", "properties": {"code": "Zkp-Kk/1", "reg": "xv-kesz", "conf": 0.998}, "geometry": {"type": "Point", "coordinates": [19.120429, 47.5807704]}}, {"type": "Feature", "properties": {"code": "Ev-Ve-2", "reg": "xv-kesz", "conf": 0.993}, "geometry": {"type": "Point", "coordinates": [19.1290944, 47.5815674]}}, {"type": "Feature", "properties": {"code": "K-Rek/SZ-Sp1", "reg": "xv-kesz", "conf": 0.993}, "geometry": {"type": "Point", "coordinates": [19.1345379, 47.5758184]}}, {"type": "Feature", "properties": {"code": "Ev-Ve-2", "reg": "xv-kesz", "conf": 0.992}, "geometry": {"type": "Point", "coordinates": [19.1215952, 47.5831073]}}, {"type": "Feature", "properties": {"code": "Zkp-Kk/1", "reg": "xv-kesz", "conf": 0.992}, "geometry": {"type": "Point", "coordinates": [19.125478, 47.5770348]}}, {"type": "Feature", "properties": {"code": "Ev-Ve-2", "reg": "xv-kesz", "conf": 0.989}, "geometry": {"type": "Point", "coordinates": [19.1240394, 47.5817555]}}, {"type": "Feature", "properties": {"code": "Vi-2/SZ-G1", "reg": "xv-kesz", "conf": 0.989}, "geometry": {"type": "Point", "coordinates": [19.1294591, 47.5781659]}}, {"type": "Feature", "properties": {"code": "Ev-Ve-2", "reg": "xv-kesz", "conf": 0.988}, "geometry": {"type": "Point", "coordinates": [19.1352588, 47.5870282]}}, {"type": "Feature", "properties": {"code": "Vi-2/SZ-G4", "reg": "xv-kesz", "conf": 0.988}, "geometry": {"type": "Point", "coordinates": [19.1281755, 47.5803811]}}, {"type": "Feature", "properties": {"code": "Ev-Ve-2", "reg": "xv-kesz", "conf": 0.988}, "geometry": {"type": "Point", "coordinates": [19.1342596, 47.5765526]}}, {"type": "Feature", "properties": {"code": "Vi-2/SZ-G1", "reg": "xv-kesz", "conf": 0.988}, "geometry": {"type": "Point", "coordinates": [19.1328109, 47.5762329]}}, {"type": "Feature", "properties": {"code": "Ev-Ve-2", "reg": "xv-kesz", "conf": 0.987}, "geometry": {"type": "Point", "coordinates": [19.1328794, 47.5886762]}}, {"type": "Feature", "properties": {"code": "Ev-Ve-2", "reg": "xv-kesz", "conf": 0.987}, "geometry": {"type": "Point", "coordinates": [19.1352925, 47.5838547]}}, {"type": "Feature", "properties": {"code": "Vi-2/SZ-G1", "reg": "xv-kesz", "conf": 0.985}, "geometry": {"type": "Point", "coordinates": [19.132159, 47.576736]}}, {"type": "Feature", "properties": {"code": "Vi-3/AI/SZ-N1", "reg": "xv-kesz", "conf": 0.982}, "geometry": {"type": "Point", "coordinates": [19.1264051, 47.5762065]}}, {"type": "Feature", "properties": {"code": "Gksz-2/SZ-5", "reg": "xv-kesz", "conf": 0.981}, "geometry": {"type": "Point", "coordinates": [19.1336256, 47.5799843]}}, {"type": "Feature", "properties": {"code": "Gksz-2/SZ-7", "reg": "xv-kesz", "conf": 0.98}, "geometry": {"type": "Point", "coordinates": [19.1341467, 47.5860102]}}, {"type": "Feature", "properties": {"code": "Ev-Ve-2", "reg": "xv-kesz", "conf": 0.98}, "geometry": {"type": "Point", "coordinates": [19.1337465, 47.5760659]}}, {"type": "Feature", "properties": {"code": "Gksz-2/SZ-13", "reg": "xv-kesz", "conf": 0.979}, "geometry": {"type": "Point", "coordinates": [19.1290547, 47.5837102]}}, {"type": "Feature", "properties": {"code": "Vi-3/Te-1", "reg": "xv-kesz", "conf": 0.979}, "geometry": {"type": "Point", "coordinates": [19.1249625, 47.576921]}}, {"type": "Feature", "properties": {"code": "Gksz-2/SZ-13", "reg": "xv-kesz", "conf": 0.979}, "geometry": {"type": "Point", "coordinates": [19.1301233, 47.5791157]}}, {"type": "Feature", "properties": {"code": "Ev-Ve-2", "reg": "xv-kesz", "conf": 0.977}, "geometry": {"type": "Point", "coordinates": [19.1332584, 47.5754739]}}, {"type": "Feature", "properties": {"code": "Gksz-2/SZ-7", "reg": "xv-kesz", "conf": 0.976}, "geometry": {"type": "Point", "coordinates": [19.1319764, 47.5884473]}}, {"type": "Feature", "properties": {"code": "Gksz-2/SZ-2", "reg": "xv-kesz", "conf": 0.976}, "geometry": {"type": "Point", "coordinates": [19.1305691, 47.5853374]}}, {"type": "Feature", "properties": {"code": "Lke-1/SZ-2", "reg": "xv-kesz", "conf": 0.976}, "geometry": {"type": "Point", "coordinates": [19.1199114, 47.5823852]}}, {"type": "Feature", "properties": {"code": "Lke-1/SZ-5", "reg": "xv-kesz", "conf": 0.974}, "geometry": {"type": "Point", "coordinates": [19.1305906, 47.5756791]}}, {"type": "Feature", "properties": {"code": "Lke-1/SZ-5", "reg": "xv-kesz", "conf": 0.973}, "geometry": {"type": "Point", "coordinates": [19.1210396, 47.5755244]}}, {"type": "Feature", "properties": {"code": "Lke-1/SZ-2", "reg": "xv-kesz", "conf": 0.971}, "geometry": {"type": "Point", "coordinates": [19.1198886, 47.5788846]}}, {"type": "Feature", "properties": {"code": "Lke-1/SZ-2", "reg": "xv-kesz", "conf": 0.971}, "geometry": {"type": "Point", "coordinates": [19.120775, 47.5785781]}}, {"type": "Feature", "properties": {"code": "Gksz-2/SZ-6", "reg": "xv-kesz", "conf": 0.969}, "geometry": {"type": "Point", "coordinates": [19.1346183, 47.5886145]}}, {"type": "Feature", "properties": {"code": "Lke-1/SZ-2", "reg": "xv-kesz", "conf": 0.963}, "geometry": {"type": "Point", "coordinates": [19.1222841, 47.5756647]}}, {"type": "Feature", "properties": {"code": "Lke-1/SZ-2", "reg": "xv-kesz", "conf": 0.962}, "geometry": {"type": "Point", "coordinates": [19.1224441, 47.5820092]}}, {"type": "Feature", "properties": {"code": "Lke-1/SZ-2", "reg": "xv-kesz", "conf": 0.962}, "geometry": {"type": "Point", "coordinates": [19.1233453, 47.5815711]}}, {"type": "Feature", "properties": {"code": "Gksz-2/SZ-15", "reg": "xv-kesz", "conf": 0.962}, "geometry": {"type": "Point", "coordinates": [19.13064, 47.5816159]}}, {"type": "Feature", "properties": {"code": "Lk-2/SZ-2", "reg": "xv-kesz", "conf": 0.962}, "geometry": {"type": "Point", "coordinates": [19.1269065, 47.5754566]}}, {"type": "Feature", "properties": {"code": "Lke-1/SZ-5", "reg": "xv-kesz", "conf": 0.96}, "geometry": {"type": "Point", "coordinates": [19.1283452, 47.5755126]}}, {"type": "Feature", "properties": {"code": "Lke-1/AI/HZ-1", "reg": "xv-kesz", "conf": 0.959}, "geometry": {"type": "Point", "coordinates": [19.1189235, 47.5774512]}}, {"type": "Feature", "properties": {"code": "Lke-1/SZ-2", "reg": "xv-kesz", "conf": 0.959}, "geometry": {"type": "Point", "coordinates": [19.1328528, 47.5755316]}}, {"type": "Feature", "properties": {"code": "Lk-2/SZ-T4", "reg": "xv-kesz", "conf": 0.958}, "geometry": {"type": "Point", "coordinates": [19.128684, 47.5766499]}}, {"type": "Feature", "properties": {"code": "Lk-2/SZ-T2", "reg": "xv-kesz", "conf": 0.957}, "geometry": {"type": "Point", "coordinates": [19.1274831, 47.5770666]}}, {"type": "Feature", "properties": {"code": "Lk-2/SZ-T4", "reg": "xv-kesz", "conf": 0.956}, "geometry": {"type": "Point", "coordinates": [19.1277788, 47.5758696]}}, {"type": "Feature", "properties": {"code": "Lke-1/SZ-2", "reg": "xv-kesz", "conf": 0.955}, "geometry": {"type": "Point", "coordinates": [19.1186378, 47.5757459]}}, {"type": "Feature", "properties": {"code": "Lke-1/SZ-2", "reg": "xv-kesz", "conf": 0.954}, "geometry": {"type": "Point", "coordinates": [19.1212039, 47.5803279]}}, {"type": "Feature", "properties": {"code": "Vi-2/SZ-L2", "reg": "xv-kesz", "conf": 0.954}, "geometry": {"type": "Point", "coordinates": [19.1275345, 47.5792688]}}, {"type": "Feature", "properties": {"code": "Lke-1/SZ-5", "reg": "xv-kesz", "conf": 0.954}, "geometry": {"type": "Point", "coordinates": [19.128881, 47.5759964]}}, {"type": "Feature", "properties": {"code": "Lk-2/SZ-2", "reg": "xv-kesz", "conf": 0.951}, "geometry": {"type": "Point", "coordinates": [19.1262837, 47.5754985]}}, {"type": "Feature", "properties": {"code": "Lke-1/SZ-2", "reg": "xv-kesz", "conf": 0.95}, "geometry": {"type": "Point", "coordinates": [19.125401, 47.5803582]}}, {"type": "Feature", "properties": {"code": "Vi-3/AI/SZ-N1", "reg": "xv-kesz", "conf": 0.95}, "geometry": {"type": "Point", "coordinates": [19.1265521, 47.5763962]}}, {"type": "Feature", "properties": {"code": "Lke-1/SZ-2", "reg": "xv-kesz", "conf": 0.948}, "geometry": {"type": "Point", "coordinates": [19.126994, 47.5817931]}}, {"type": "Feature", "properties": {"code": "Lke-1/SZ-7", "reg": "xv-kesz", "conf": 0.946}, "geometry": {"type": "Point", "coordinates": [19.1232887, 47.576136]}}, {"type": "Feature", "properties": {"code": "Lk-2/SZ-2", "reg": "xv-kesz", "conf": 0.946}, "geometry": {"type": "Point", "coordinates": [19.1287204, 47.5770193]}}, {"type": "Feature", "properties": {"code": "Lk-2/SZ-2", "reg": "xv-kesz", "conf": 0.944}, "geometry": {"type": "Point", "coordinates": [19.1278546, 47.5768351]}}, {"type": "Feature", "properties": {"code": "Lke-1/SZ-7", "reg": "xv-kesz", "conf": 0.944}, "geometry": {"type": "Point", "coordinates": [19.1242055, 47.5761749]}}, {"type": "Feature", "properties": {"code": "Lke-1/SZ-7", "reg": "xv-kesz", "conf": 0.941}, "geometry": {"type": "Point", "coordinates": [19.1254565, 47.5784614]}}, {"type": "Feature", "properties": {"code": "Lke-1/SZ-2", "reg": "xv-kesz", "conf": 0.94}, "geometry": {"type": "Point", "coordinates": [19.1205446, 47.5767525]}}, {"type": "Feature", "properties": {"code": "Lke-1/IK-3", "reg": "xv-kesz", "conf": 0.934}, "geometry": {"type": "Point", "coordinates": [19.1210695, 47.5823255]}}, {"type": "Feature", "properties": {"code": "Lke-1/SZ-2", "reg": "xv-kesz", "conf": 0.933}, "geometry": {"type": "Point", "coordinates": [19.1189004, 47.5801431]}}, {"type": "Feature", "properties": {"code": "Lke-1/SZ-5", "reg": "xv-kesz", "conf": 0.932}, "geometry": {"type": "Point", "coordinates": [19.129207, 47.5764261]}}, {"type": "Feature", "properties": {"code": "Lke-1/SZ-2", "reg": "xv-kesz", "conf": 0.93}, "geometry": {"type": "Point", "coordinates": [19.1232913, 47.579624]}}, {"type": "Feature", "properties": {"code": "Gksz-2/SZ-7", "reg": "xv-kesz", "conf": 0.928}, "geometry": {"type": "Point", "coordinates": [19.1322587, 47.5876027]}}, {"type": "Feature", "properties": {"code": "Gksz-2/SZ-6", "reg": "xv-kesz", "conf": 0.925}, "geometry": {"type": "Point", "coordinates": [19.1350187, 47.5878693]}}, {"type": "Feature", "properties": {"code": "Gksz-2/SZ-9", "reg": "xv-kesz", "conf": 0.924}, "geometry": {"type": "Point", "coordinates": [19.1260077, 47.5863062]}}, {"type": "Feature", "properties": {"code": "Lke-1/SZ-2", "reg": "xv-kesz", "conf": 0.924}, "geometry": {"type": "Point", "coordinates": [19.1177848, 47.5762503]}}, {"type": "Feature", "properties": {"code": "Lke-1/IK-4", "reg": "xv-kesz", "conf": 0.921}, "geometry": {"type": "Point", "coordinates": [19.1274084, 47.5806291]}}, {"type": "Feature", "properties": {"code": "Lke-1/IK-3", "reg": "xv-kesz", "conf": 0.919}, "geometry": {"type": "Point", "coordinates": [19.1311184, 47.5757145]}}, {"type": "Feature", "properties": {"code": "Lke-1/IK-3", "reg": "xv-kesz", "conf": 0.918}, "geometry": {"type": "Point", "coordinates": [19.1270251, 47.5807966]}}, {"type": "Feature", "properties": {"code": "Lke-1/SZ-7", "reg": "xv-kesz", "conf": 0.917}, "geometry": {"type": "Point", "coordinates": [19.1262106, 47.5784204]}}, {"type": "Feature", "properties": {"code": "Lke-1/SZ-2", "reg": "xv-kesz", "conf": 0.914}, "geometry": {"type": "Point", "coordinates": [19.1194756, 47.5754977]}}, {"type": "Feature", "properties": {"code": "K-Hull/SZ-1", "reg": "xv-kesz", "conf": 0.91}, "geometry": {"type": "Point", "coordinates": [19.1334909, 47.5825035]}}, {"type": "Feature", "properties": {"code": "Lke-1/SZ-2", "reg": "xv-kesz", "conf": 0.909}, "geometry": {"type": "Point", "coordinates": [19.117252, 47.5756395]}}, {"type": "Feature", "properties": {"code": "Lke-1/IK-3", "reg": "xv-kesz", "conf": 0.908}, "geometry": {"type": "Point", "coordinates": [19.1266023, 47.5775596]}}, {"type": "Feature", "properties": {"code": "Lke-1/SZ-2", "reg": "xv-kesz", "conf": 0.907}, "geometry": {"type": "Point", "coordinates": [19.1251036, 47.5786986]}}, {"type": "Feature", "properties": {"code": "Ek-1", "reg": "xv-kesz", "conf": 0.905}, "geometry": {"type": "Point", "coordinates": [19.1303554, 47.5885237]}}, {"type": "Feature", "properties": {"code": "Lke-1/SZ-2", "reg": "xv-kesz", "conf": 0.904}, "geometry": {"type": "Point", "coordinates": [19.12109, 47.5817981]}}, {"type": "Feature", "properties": {"code": "Lke-1/IK-3", "reg": "xv-kesz", "conf": 0.904}, "geometry": {"type": "Point", "coordinates": [19.122712, 47.5795504]}}, {"type": "Feature", "properties": {"code": "Lke-1/SZ-2", "reg": "xv-kesz", "conf": 0.901}, "geometry": {"type": "Point", "coordinates": [19.1193768, 47.5769576]}}, {"type": "Feature", "properties": {"code": "Lke-1/IK-3", "reg": "xv-kesz", "conf": 0.9}, "geometry": {"type": "Point", "coordinates": [19.121157, 47.579137]}}, {"type": "Feature", "properties": {"code": "Lke-1/IK-3", "reg": "xv-kesz", "conf": 0.898}, "geometry": {"type": "Point", "coordinates": [19.1263006, 47.5780473]}}, {"type": "Feature", "properties": {"code": "Lke-1/SZ-5", "reg": "xv-kesz", "conf": 0.892}, "geometry": {"type": "Point", "coordinates": [19.1262545, 47.5771905]}}, {"type": "Feature", "properties": {"code": "Lke-1/SZ-2", "reg": "xv-kesz", "conf": 0.882}, "geometry": {"type": "Point", "coordinates": [19.118006, 47.5774375]}}, {"type": "Feature", "properties": {"code": "K-Hull/SZ-1", "reg": "xv-kesz", "conf": 0.88}, "geometry": {"type": "Point", "coordinates": [19.1346689, 47.5829608]}}, {"type": "Feature", "properties": {"code": "Lke-1/IK-3", "reg": "xv-kesz", "conf": 0.872}, "geometry": {"type": "Point", "coordinates": [19.1201511, 47.5794597]}}, {"type": "Feature", "properties": {"code": "Lke-1/IK-3", "reg": "xv-kesz", "conf": 0.857}, "geometry": {"type": "Point", "coordinates": [19.1245993, 47.5761344]}}, {"type": "Feature", "properties": {"code": "Lke-1/SZ-2", "reg": "xv-kesz", "conf": 0.84}, "geometry": {"type": "Point", "coordinates": [19.1234773, 47.5780405]}}, {"type": "Feature", "properties": {"code": "Lke-1/IK-3", "reg": "xv-kesz", "conf": 0.837}, "geometry": {"type": "Point", "coordinates": [19.1193226, 47.5800259]}}, {"type": "Feature", "properties": {"code": "Lke-1/IK-3", "reg": "xv-kesz", "conf": 0.833}, "geometry": {"type": "Point", "coordinates": [19.124725, 47.5794072]}}, {"type": "Feature", "properties": {"code": "Zkp-Kp/2", "reg": "xv-kesz", "conf": 0.996}, "geometry": {"type": "Point", "coordinates": [19.1189023, 47.5732431]}}, {"type": "Feature", "properties": {"code": "Zkp-Kp/2", "reg": "xv-kesz", "conf": 0.996}, "geometry": {"type": "Point", "coordinates": [19.11365, 47.5630085]}}, {"type": "Feature", "properties": {"code": "Vi-2/SZ-N1", "reg": "xv-kesz", "conf": 0.994}, "geometry": {"type": "Point", "coordinates": [19.1194639, 47.5701729]}}, {"type": "Feature", "properties": {"code": "Vi-2/SZ-N1", "reg": "xv-kesz", "conf": 0.993}, "geometry": {"type": "Point", "coordinates": [19.1203427, 47.5709168]}}, {"type": "Feature", "properties": {"code": "Ev-Ve-2", "reg": "xv-kesz", "conf": 0.992}, "geometry": {"type": "Point", "coordinates": [19.1170121, 47.5745386]}}, {"type": "Feature", "properties": {"code": "Zkp/Vt", "reg": "xv-kesz", "conf": 0.991}, "geometry": {"type": "Point", "coordinates": [19.1147432, 47.5633093]}}, {"type": "Feature", "properties": {"code": "Vt-H/AI/Te-1", "reg": "xv-kesz", "conf": 0.987}, "geometry": {"type": "Point", "coordinates": [19.120303, 47.5630506]}}, {"type": "Feature", "properties": {"code": "Lke-1/SZ-7", "reg": "xv-kesz", "conf": 0.986}, "geometry": {"type": "Point", "coordinates": [19.1175417, 47.5697569]}}, {"type": "Feature", "properties": {"code": "Ev-Ve-2", "reg": "xv-kesz", "conf": 0.985}, "geometry": {"type": "Point", "coordinates": [19.1162479, 47.5739235]}}, {"type": "Feature", "properties": {"code": "Zkp-Kk/2", "reg": "xv-kesz", "conf": 0.982}, "geometry": {"type": "Point", "coordinates": [19.1209986, 47.5629446]}}, {"type": "Feature", "properties": {"code": "Lke-1/SZ-2", "reg": "xv-kesz", "conf": 0.974}, "geometry": {"type": "Point", "coordinates": [19.1167278, 47.5727064]}}, {"type": "Feature", "properties": {"code": "Zkp-Kp/2", "reg": "xv-kesz", "conf": 0.974}, "geometry": {"type": "Point", "coordinates": [19.1201147, 47.5727234]}}, {"type": "Feature", "properties": {"code": "Lke-1/SZ-2", "reg": "xv-kesz", "conf": 0.973}, "geometry": {"type": "Point", "coordinates": [19.117443, 47.5715473]}}, {"type": "Feature", "properties": {"code": "Lk-1/HZO-3", "reg": "xv-kesz", "conf": 0.973}, "geometry": {"type": "Point", "coordinates": [19.1139469, 47.5653985]}}, {"type": "Feature", "properties": {"code": "Ln-3/SZ-1", "reg": "xv-kesz", "conf": 0.972}, "geometry": {"type": "Point", "coordinates": [19.1209701, 47.572405]}}, {"type": "Feature", "properties": {"code": "Lke-1/HZ-2", "reg": "xv-kesz", "conf": 0.968}, "geometry": {"type": "Point", "coordinates": [19.1207972, 47.5735235]}}, {"type": "Feature", "properties": {"code": "Lk-1/HZO-1", "reg": "xv-kesz", "conf": 0.968}, "geometry": {"type": "Point", "coordinates": [19.1196146, 47.5683516]}}, {"type": "Feature", "properties": {"code": "Lke-1/SZ-2", "reg": "xv-kesz", "conf": 0.966}, "geometry": {"type": "Point", "coordinates": [19.1186244, 47.5757504]}}, {"type": "Feature", "properties": {"code": "Lk-1/O-6", "reg": "xv-kesz", "conf": 0.966}, "geometry": {"type": "Point", "coordinates": [19.1170863, 47.565207]}}, {"type": "Feature", "properties": {"code": "Lke-1/SZ-7", "reg": "xv-kesz", "conf": 0.965}, "geometry": {"type": "Point", "coordinates": [19.1186993, 47.5710994]}}, {"type": "Feature", "properties": {"code": "Lke-1/SZ-7", "reg": "xv-kesz", "conf": 0.964}, "geometry": {"type": "Point", "coordinates": [19.1180303, 47.5702993]}}, {"type": "Feature", "properties": {"code": "Lk-T/TU-2", "reg": "xv-kesz", "conf": 0.961}, "geometry": {"type": "Point", "coordinates": [19.1206938, 47.5637597]}}, {"type": "Feature", "properties": {"code": "Lke-1/SZ-7", "reg": "xv-kesz", "conf": 0.959}, "geometry": {"type": "Point", "coordinates": [19.1192974, 47.5717512]}}, {"type": "Feature", "properties": {"code": "Lk-1/HZO-3", "reg": "xv-kesz", "conf": 0.958}, "geometry": {"type": "Point", "coordinates": [19.115339, 47.5665422]}}, {"type": "Feature", "properties": {"code": "Zkp-Fk", "reg": "xv-kesz", "conf": 0.955}, "geometry": {"type": "Point", "coordinates": [19.1166408, 47.5694592]}}, {"type": "Feature", "properties": {"code": "Lk-1/AI/SZ-N2", "reg": "xv-kesz", "conf": 0.955}, "geometry": {"type": "Point", "coordinates": [19.1181425, 47.5652124]}}, {"type": "Feature", "properties": {"code": "Lke-1/SZ-2", "reg": "xv-kesz", "conf": 0.953}, "geometry": {"type": "Point", "coordinates": [19.11549, 47.5715135]}}, {"type": "Feature", "properties": {"code": "Lke-1/SZ-2", "reg": "xv-kesz", "conf": 0.95}, "geometry": {"type": "Point", "coordinates": [19.117666, 47.5753421]}}, {"type": "Feature", "properties": {"code": "Lk-1/HZO-3", "reg": "xv-kesz", "conf": 0.949}, "geometry": {"type": "Point", "coordinates": [19.1151597, 47.5672168]}}, {"type": "Feature", "properties": {"code": "Vi-2/SZ-L1", "reg": "xv-kesz", "conf": 0.948}, "geometry": {"type": "Point", "coordinates": [19.1204442, 47.5694995]}}, {"type": "Feature", "properties": {"code": "Lk-1/AI/SZ-N1", "reg": "xv-kesz", "conf": 0.947}, "geometry": {"type": "Point", "coordinates": [19.1144586, 47.5658189]}}, {"type": "Feature", "properties": {"code": "Lke-1/SZ-2", "reg": "xv-kesz", "conf": 0.941}, "geometry": {"type": "Point", "coordinates": [19.1202336, 47.5737125]}}, {"type": "Feature", "properties": {"code": "Lk-1/HZO-3", "reg": "xv-kesz", "conf": 0.94}, "geometry": {"type": "Point", "coordinates": [19.114392, 47.5643356]}}, {"type": "Feature", "properties": {"code": "Lke-1/SZ-2", "reg": "xv-kesz", "conf": 0.936}, "geometry": {"type": "Point", "coordinates": [19.1160075, 47.5721677]}}, {"type": "Feature", "properties": {"code": "Lke-1/SZ-7", "reg": "xv-kesz", "conf": 0.935}, "geometry": {"type": "Point", "coordinates": [19.1197306, 47.5722938]}}, {"type": "Feature", "properties": {"code": "Lk-1/HZO-5", "reg": "xv-kesz", "conf": 0.935}, "geometry": {"type": "Point", "coordinates": [19.1209601, 47.5713005]}}, {"type": "Feature", "properties": {"code": "Lk-1/HZO-6", "reg": "xv-kesz", "conf": 0.934}, "geometry": {"type": "Point", "coordinates": [19.1136361, 47.56366]}}, {"type": "Feature", "properties": {"code": "Lk-1/OSZ-2", "reg": "xv-kesz", "conf": 0.933}, "geometry": {"type": "Point", "coordinates": [19.1181895, 47.5679748]}}, {"type": "Feature", "properties": {"code": "Lke-1/SZ-5", "reg": "xv-kesz", "conf": 0.931}, "geometry": {"type": "Point", "coordinates": [19.1206498, 47.574756]}}, {"type": "Feature", "properties": {"code": "Lke-1/SZ-2", "reg": "xv-kesz", "conf": 0.929}, "geometry": {"type": "Point", "coordinates": [19.1180358, 47.5721158]}}, {"type": "Feature", "properties": {"code": "Lk-1/OSZ-1", "reg": "xv-kesz", "conf": 0.929}, "geometry": {"type": "Point", "coordinates": [19.114095, 47.567742]}}, {"type": "Feature", "properties": {"code": "Lk-1/HZO-3", "reg": "xv-kesz", "conf": 0.929}, "geometry": {"type": "Point", "coordinates": [19.1183641, 47.5662984]}}, {"type": "Feature", "properties": {"code": "Zkp-Kk/1", "reg": "xv-kesz", "conf": 0.929}, "geometry": {"type": "Point", "coordinates": [19.1188588, 47.5644218]}}, {"type": "Feature", "properties": {"code": "Lke-1/IK-3", "reg": "xv-kesz", "conf": 0.926}, "geometry": {"type": "Point", "coordinates": [19.1185416, 47.5722509]}}, {"type": "Feature", "properties": {"code": "Lk-1/HZO-6", "reg": "xv-kesz", "conf": 0.926}, "geometry": {"type": "Point", "coordinates": [19.1136361, 47.5636612]}}, {"type": "Feature", "properties": {"code": "Lke-1/SZ-2", "reg": "xv-kesz", "conf": 0.924}, "geometry": {"type": "Point", "coordinates": [19.1172354, 47.5756428]}}, {"type": "Feature", "properties": {"code": "Lk-1/HZO-3", "reg": "xv-kesz", "conf": 0.922}, "geometry": {"type": "Point", "coordinates": [19.1176393, 47.5676161]}}, {"type": "Feature", "properties": {"code": "Lke-1/IK-3", "reg": "xv-kesz", "conf": 0.921}, "geometry": {"type": "Point", "coordinates": [19.1183216, 47.5728092]}}, {"type": "Feature", "properties": {"code": "Lk-1/OSZ-1", "reg": "xv-kesz", "conf": 0.921}, "geometry": {"type": "Point", "coordinates": [19.1141376, 47.5662735]}}, {"type": "Feature", "properties": {"code": "Lk-1/HZO-6", "reg": "xv-kesz", "conf": 0.92}, "geometry": {"type": "Point", "coordinates": [19.1172269, 47.5644811]}}, {"type": "Feature", "properties": {"code": "Lke-1/SZ-2", "reg": "xv-kesz", "conf": 0.919}, "geometry": {"type": "Point", "coordinates": [19.1202072, 47.5761042]}}, {"type": "Feature", "properties": {"code": "Lk-1/OSZ-1", "reg": "xv-kesz", "conf": 0.919}, "geometry": {"type": "Point", "coordinates": [19.1154982, 47.5675335]}}, {"type": "Feature", "properties": {"code": "Lke-1/SZ-2", "reg": "xv-kesz", "conf": 0.912}, "geometry": {"type": "Point", "coordinates": [19.1194531, 47.5755039]}}, {"type": "Feature", "properties": {"code": "Lke-1/SZ-2", "reg": "xv-kesz", "conf": 0.912}, "geometry": {"type": "Point", "coordinates": [19.1152478, 47.5707973]}}, {"type": "Feature", "properties": {"code": "Lk-1/OSZ-1", "reg": "xv-kesz", "conf": 0.905}, "geometry": {"type": "Point", "coordinates": [19.1123629, 47.5635272]}}, {"type": "Feature", "properties": {"code": "Lke-1/SZ-5", "reg": "xv-kesz", "conf": 0.898}, "geometry": {"type": "Point", "coordinates": [19.1195796, 47.5740249]}}, {"type": "Feature", "properties": {"code": "Lke-1/SZ-2", "reg": "xv-kesz", "conf": 0.895}, "geometry": {"type": "Point", "coordinates": [19.1171485, 47.5707786]}}, {"type": "Feature", "properties": {"code": "Vt-H/Z-1", "reg": "xv-kesz", "conf": 0.89}, "geometry": {"type": "Point", "coordinates": [19.1166514, 47.5635132]}}, {"type": "Feature", "properties": {"code": "Lke-1/IK-3", "reg": "xv-kesz", "conf": 0.889}, "geometry": {"type": "Point", "coordinates": [19.1183216, 47.5728103]}}, {"type": "Feature", "properties": {"code": "Lk-1/HZO-1", "reg": "xv-kesz", "conf": 0.889}, "geometry": {"type": "Point", "coordinates": [19.1201496, 47.5686932]}}, {"type": "Feature", "properties": {"code": "Lke-1/SZ-2", "reg": "xv-kesz", "conf": 0.88}, "geometry": {"type": "Point", "coordinates": [19.1177695, 47.5762525]}}, {"type": "Feature", "properties": {"code": "Lk-1/OSZ-1", "reg": "xv-kesz", "conf": 0.878}, "geometry": {"type": "Point", "coordinates": [19.1159448, 47.5686295]}}, {"type": "Feature", "properties": {"code": "Lk-1/HZO-3", "reg": "xv-kesz", "conf": 0.876}, "geometry": {"type": "Point", "coordinates": [19.1164783, 47.5662554]}}, {"type": "Feature", "properties": {"code": "Lk-1/HZO-6", "reg": "xv-kesz", "conf": 0.863}, "geometry": {"type": "Point", "coordinates": [19.1209126, 47.5655885]}}, {"type": "Feature", "properties": {"code": "Lk-1/HZO-3", "reg": "xv-kesz", "conf": 0.855}, "geometry": {"type": "Point", "coordinates": [19.1201868, 47.5665834]}}, {"type": "Feature", "properties": {"code": "Zkp-Kk/2", "reg": "xv-kesz", "conf": 0.999}, "geometry": {"type": "Point", "coordinates": [19.1279383, 47.5698369]}}, {"type": "Feature", "properties": {"code": "Zkp-Kk/2", "reg": "xv-kesz", "conf": 0.998}, "geometry": {"type": "Point", "coordinates": [19.1242443, 47.5700781]}}, {"type": "Feature", "properties": {"code": "ZKp/Ln-T", "reg": "xv-kesz", "conf": 0.997}, "geometry": {"type": "Point", "coordinates": [19.1291198, 47.5680402]}}, {"type": "Feature", "properties": {"code": "Zkp-Kk/1", "reg": "xv-kesz", "conf": 0.996}, "geometry": {"type": "Point", "coordinates": [19.1325469, 47.5655358]}}, {"type": "Feature", "properties": {"code": "K-Rek/SZ-Sp1", "reg": "xv-kesz", "conf": 0.995}, "geometry": {"type": "Point", "coordinates": [19.134536, 47.5758381]}}, {"type": "Feature", "properties": {"code": "Vi-2/SZ-N1", "reg": "xv-kesz", "conf": 0.994}, "geometry": {"type": "Point", "coordinates": [19.120373, 47.5709153]}}, {"type": "Feature", "properties": {"code": "Ln-3/SZ-1", "reg": "xv-kesz", "conf": 0.994}, "geometry": {"type": "Point", "coordinates": [19.1268242, 47.5707609]}}, {"type": "Feature", "properties": {"code": "Ev-Ve-2", "reg": "xv-kesz", "conf": 0.993}, "geometry": {"type": "Point", "coordinates": [19.1326489, 47.5748127]}}, {"type": "Feature", "properties": {"code": "Zkp-Kk/1", "reg": "xv-kesz", "conf": 0.993}, "geometry": {"type": "Point", "coordinates": [19.1251273, 47.5723637]}}, {"type": "Feature", "properties": {"code": "Ev-Ve-2", "reg": "xv-kesz", "conf": 0.993}, "geometry": {"type": "Point", "coordinates": [19.1357228, 47.568907]}}, {"type": "Feature", "properties": {"code": "Ev-Ve-2", "reg": "xv-kesz", "conf": 0.992}, "geometry": {"type": "Point", "coordinates": [19.1371389, 47.5700839]}}, {"type": "Feature", "properties": {"code": "Ln-3/SZ-2", "reg": "xv-kesz", "conf": 0.99}, "geometry": {"type": "Point", "coordinates": [19.1247184, 47.5706759]}}, {"type": "Feature", "properties": {"code": "Ev-Ve-2", "reg": "xv-kesz", "conf": 0.989}, "geometry": {"type": "Point", "coordinates": [19.1308197, 47.5732496]}}, {"type": "Feature", "properties": {"code": "Vi-2/SZ-G1", "reg": "xv-kesz", "conf": 0.988}, "geometry": {"type": "Point", "coordinates": [19.1328116, 47.5762525]}}, {"type": "Feature", "properties": {"code": "Ev-Ve-2", "reg": "xv-kesz", "conf": 0.988}, "geometry": {"type": "Point", "coordinates": [19.1290512, 47.5717323]}}, {"type": "Feature", "properties": {"code": "Ln-3/SZ-T1", "reg": "xv-kesz", "conf": 0.988}, "geometry": {"type": "Point", "coordinates": [19.1229369, 47.5685272]}}, {"type": "Feature", "properties": {"code": "Ln-3/TU-1", "reg": "xv-kesz", "conf": 0.987}, "geometry": {"type": "Point", "coordinates": [19.1219423, 47.5694728]}}, {"type": "Feature", "properties": {"code": "Ln-3/SZ-T1", "reg": "xv-kesz", "conf": 0.987}, "geometry": {"type": "Point", "coordinates": [19.123927, 47.5678504]}}, {"type": "Feature", "properties": {"code": "Lke-1/O-3", "reg": "xv-kesz", "conf": 0.987}, "geometry": {"type": "Point", "coordinates": [19.1283135, 47.5645033]}}, {"type": "Feature", "properties": {"code": "Zkp-Kk/1", "reg": "xv-kesz", "conf": 0.987}, "geometry": {"type": "Point", "coordinates": [19.1343058, 47.5637854]}}, {"type": "Feature", "properties": {"code": "Ln-3/SZ-1", "reg": "xv-kesz", "conf": 0.986}, "geometry": {"type": "Point", "coordinates": [19.1246492, 47.5714377]}}, {"type": "Feature", "properties": {"code": "Ln-T/TU-3", "reg": "xv-kesz", "conf": 0.986}, "geometry": {"type": "Point", "coordinates": [19.1306273, 47.5677026]}}, {"type": "Feature", "properties": {"code": "Vt-H/AI/Te-1", "reg": "xv-kesz", "conf": 0.986}, "geometry": {"type": "Point", "coordinates": [19.120341, 47.5630303]}}, {"type": "Feature", "properties": {"code": "Gksz-2/SZ-5", "reg": "xv-kesz", "conf": 0.985}, "geometry": {"type": "Point", "coordinates": [19.1392821, 47.5756829]}}, {"type": "Feature", "properties": {"code": "Ln-3/SZ-4", "reg": "xv-kesz", "conf": 0.985}, "geometry": {"type": "Point", "coordinates": [19.1261491, 47.5698202]}}, {"type": "Feature", "properties": {"code": "Ev-Ve-1", "reg": "xv-kesz", "conf": 0.985}, "geometry": {"type": "Point", "coordinates": [19.138816, 47.5704678]}}, {"type": "Feature", "properties": {"code": "Ev-Ve-2", "reg": "xv-kesz", "conf": 0.984}, "geometry": {"type": "Point", "coordinates": [19.1337504, 47.5760847]}}, {"type": "Feature", "properties": {"code": "Gksz-1/SZ-4", "reg": "xv-kesz", "conf": 0.984}, "geometry": {"type": "Point", "coordinates": [19.139206, 47.5649328]}}, {"type": "Feature", "properties": {"code": "Zkp-Kk/2", "reg": "xv-kesz", "conf": 0.984}, "geometry": {"type": "Point", "coordinates": [19.1210478, 47.5629245]}}, {"type": "Feature", "properties": {"code": "Ln-3/SZ-4", "reg": "xv-kesz", "conf": 0.983}, "geometry": {"type": "Point", "coordinates": [19.1242501, 47.569584]}}, {"type": "Feature", "properties": {"code": "Ln-3/TU-1", "reg": "xv-kesz", "conf": 0.982}, "geometry": {"type": "Point", "coordinates": [19.1245732, 47.5686939]}}, {"type": "Feature", "properties": {"code": "Zkp-Kk/M", "reg": "xv-kesz", "conf": 0.982}, "geometry": {"type": "Point", "coordinates": [19.1329312, 47.5649098]}}, {"type": "Feature", "properties": {"code": "Ln-3/SZ-4", "reg": "xv-kesz", "conf": 0.98}, "geometry": {"type": "Point", "coordinates": [19.123621, 47.5697756]}}, {"type": "Feature", "properties": {"code": "Gksz-2/SZ-1", "reg": "xv-kesz", "conf": 0.979}, "geometry": {"type": "Point", "coordinates": [19.1319613, 47.5726173]}}, {"type": "Feature", "properties": {"code": "Vi-3/AI/SZ-N1", "reg": "xv-kesz", "conf": 0.978}, "geometry": {"type": "Point", "coordinates": [19.1264071, 47.5762239]}}, {"type": "Feature", "properties": {"code": "Ln-T/AI/SZ-N1", "reg": "xv-kesz", "conf": 0.978}, "geometry": {"type": "Point", "coordinates": [19.1302408, 47.5671459]}}, {"type": "Feature", "properties": {"code": "Lk-T/TU-2", "reg": "xv-kesz", "conf": 0.978}, "geometry": {"type": "Point", "coordinates": [19.1216755, 47.5633162]}}, {"type": "Feature", "properties": {"code": "K-Rek/SZ-Sp1", "reg": "xv-kesz", "conf": 0.977}, "geometry": {"type": "Point", "coordinates": [19.1362703, 47.5761774]}}, {"type": "Feature", "properties": {"code": "Ln-3/SZ-2", "reg": "xv-kesz", "conf": 0.977}, "geometry": {"type": "Point", "coordinates": [19.1233894, 47.5710168]}}, {"type": "Feature", "properties": {"code": "Ln-3/SZ-2", "reg": "xv-kesz", "conf": 0.977}, "geometry": {"type": "Point", "coordinates": [19.1261689, 47.5704619]}}, {"type": "Feature", "properties": {"code": "Gksz-2/SZ-1", "reg": "xv-kesz", "conf": 0.977}, "geometry": {"type": "Point", "coordinates": [19.1334734, 47.5694043]}}, {"type": "Feature", "properties": {"code": "Vi-2/SZ-1", "reg": "xv-kesz", "conf": 0.976}, "geometry": {"type": "Point", "coordinates": [19.1246252, 47.5720977]}}, {"type": "Feature", "properties": {"code": "Vi-2/SZ-L1", "reg": "xv-kesz", "conf": 0.976}, "geometry": {"type": "Point", "coordinates": [19.120478, 47.5694924]}}, {"type": "Feature", "properties": {"code": "Lk-2/SZ-T4", "reg": "xv-kesz", "conf": 0.975}, "geometry": {"type": "Point", "coordinates": [19.1277698, 47.5758853]}}, {"type": "Feature", "properties": {"code": "Ln-3/SZ-1", "reg": "xv-kesz", "conf": 0.975}, "geometry": {"type": "Point", "coordinates": [19.1209868, 47.5724085]}}, {"type": "Feature", "properties": {"code": "Lke-1/SZ-7", "reg": "xv-kesz", "conf": 0.974}, "geometry": {"type": "Point", "coordinates": [19.1255165, 47.5629428]}}, {"type": "Feature", "properties": {"code": "Lke-1/O-4", "reg": "xv-kesz", "conf": 0.973}, "geometry": {"type": "Point", "coordinates": [19.1334027, 47.5632544]}}, {"type": "Feature", "properties": {"code": "Lk-2/SZ-2", "reg": "xv-kesz", "conf": 0.972}, "geometry": {"type": "Point", "coordinates": [19.1269123, 47.575472]}}, {"type": "Feature", "properties": {"code": "Lke-1/O-1", "reg": "xv-kesz", "conf": 0.972}, "geometry": {"type": "Point", "coordinates": [19.1294218, 47.5639979]}}, {"type": "Feature", "properties": {"code": "Lke-1/SZ-2", "reg": "xv-kesz", "conf": 0.971}, "geometry": {"type": "Point", "coordinates": [19.1222959, 47.5756774]}}, {"type": "Feature", "properties": {"code": "Lke-1/AI/SZ-1", "reg": "xv-kesz", "conf": 0.971}, "geometry": {"type": "Point", "coordinates": [19.137877, 47.5652772]}}, {"type": "Feature", "properties": {"code": "Lk-1/O-3", "reg": "xv-kesz", "conf": 0.969}, "geometry": {"type": "Point", "coordinates": [19.1273318, 47.5651492]}}, {"type": "Feature", "properties": {"code": "Lke-1/HZ-2", "reg": "xv-kesz", "conf": 0.968}, "geometry": {"type": "Point", "coordinates": [19.1213501, 47.5739958]}}, {"type": "Feature", "properties": {"code": "Lk-1/HZO-5", "reg": "xv-kesz", "conf": 0.967}, "geometry": {"type": "Point", "coordinates": [19.1218395, 47.5702793]}}, {"type": "Feature", "properties": {"code": "Lk-2/SZ-T4", "reg": "xv-kesz", "conf": 0.966}, "geometry": {"type": "Point", "coordinates": [19.1248062, 47.5734208]}}, {"type": "Feature", "properties": {"code": "Ev-Ve-2", "reg": "xv-kesz", "conf": 0.966}, "geometry": {"type": "Point", "coordinates": [19.1332646, 47.575495]}}, {"type": "Feature", "properties": {"code": "Lk-1/O-4", "reg": "xv-kesz", "conf": 0.966}, "geometry": {"type": "Point", "coordinates": [19.1258963, 47.5661227]}}, {"type": "Feature", "properties": {"code": "Lke-1/SZ-7", "reg": "xv-kesz", "conf": 0.965}, "geometry": {"type": "Point", "coordinates": [19.1259665, 47.5737789]}}, {"type": "Feature", "properties": {"code": "Gksz-2/SZ-1", "reg": "xv-kesz", "conf": 0.965}, "geometry": {"type": "Point", "coordinates": [19.1351588, 47.5732218]}}, {"type": "Feature", "properties": {"code": "Lk-1/Z-2", "reg": "xv-kesz", "conf": 0.964}, "geometry": {"type": "Point", "coordinates": [19.1254002, 47.5681133]}}, {"type": "Feature", "properties": {"code": "Lk-T/TU-2", "reg": "xv-kesz", "conf": 0.964}, "geometry": {"type": "Point", "coordinates": [19.1207329, 47.5637414]}}, {"type": "Feature", "properties": {"code": "Lke-1/O-1", "reg": "xv-kesz", "conf": 0.962}, "geometry": {"type": "Point", "coordinates": [19.1276048, 47.5631017]}}, {"type": "Feature", "properties": {"code": "Lke-1/SZ-5", "reg": "xv-kesz", "conf": 0.961}, "geometry": {"type": "Point", "coordinates": [19.1305938, 47.5756975]}}, {"type": "Feature", "properties": {"code": "Gksz-2/SZ-1", "reg": "xv-kesz", "conf": 0.961}, "geometry": {"type": "Point", "coordinates": [19.1301793, 47.5710645]}}, {"type": "Feature", "properties": {"code": "Lke-1/AI/SZ-2", "reg": "xv-kesz", "conf": 0.961}, "geometry": {"type": "Point", "coordinates": [19.1333605, 47.5649655]}}, {"type": "Feature", "properties": {"code": "Lke-1/SZ-2", "reg": "xv-kesz", "conf": 0.96}, "geometry": {"type": "Point", "coordinates": [19.1328506, 47.5755491]}}, {"type": "Feature", "properties": {"code": "Lk-1/HZO-6", "reg": "xv-kesz", "conf": 0.959}, "geometry": {"type": "Point", "coordinates": [19.1217821, 47.5658393]}}, {"type": "Feature", "properties": {"code": "Lke-1/SZ-3", "reg": "xv-kesz", "conf": 0.959}, "geometry": {"type": "Point", "coordinates": [19.1373539, 47.5628643]}}, {"type": "Feature", "properties": {"code": "Lke-1/SZ-5", "reg": "xv-kesz", "conf": 0.956}, "geometry": {"type": "Point", "coordinates": [19.1210467, 47.5755367]}}, {"type": "Feature", "properties": {"code": "Lke-1/HZ-2", "reg": "xv-kesz", "conf": 0.956}, "geometry": {"type": "Point", "coordinates": [19.1220395, 47.5736554]}}, {"type": "Feature", "properties": {"code": "Lke-1/SZ-5", "reg": "xv-kesz", "conf": 0.956}, "geometry": {"type": "Point", "coordinates": [19.126802, 47.57322]}}, {"type": "Feature", "properties": {"code": "Lke-1/O-1", "reg": "xv-kesz", "conf": 0.956}, "geometry": {"type": "Point", "coordinates": [19.1295142, 47.5630314]}}, {"type": "Feature", "properties": {"code": "Lke-1/SZ-5", "reg": "xv-kesz", "conf": 0.955}, "geometry": {"type": "Point", "coordinates": [19.1283498, 47.5755279]}}, {"type": "Feature", "properties": {"code": "Lke-1/IK-3", "reg": "xv-kesz", "conf": 0.955}, "geometry": {"type": "Point", "coordinates": [19.1298916, 47.5737777]}}, {"type": "Feature", "properties": {"code": "Lk-1/HZO-6", "reg": "xv-kesz", "conf": 0.955}, "geometry": {"type": "Point", "coordinates": [19.1247786, 47.5669586]}}, {"type": "Feature", "properties": {"code": "Lk-1/AI/HZ-2", "reg": "xv-kesz", "conf": 0.953}, "geometry": {"type": "Point", "coordinates": [19.1215836, 47.5693588]}}, {"type": "Feature", "properties": {"code": "Lk-1/HZO-1", "reg": "xv-kesz", "conf": 0.953}, "geometry": {"type": "Point", "coordinates": [19.1216356, 47.5675241]}}, {"type": "Feature", "properties": {"code": "Lke-1/SZ-5", "reg": "xv-kesz", "conf": 0.952}, "geometry": {"type": "Point", "coordinates": [19.1287882, 47.5741722]}}, {"type": "Feature", "properties": {"code": "Lke-1/SZ-5", "reg": "xv-kesz", "conf": 0.952}, "geometry": {"type": "Point", "coordinates": [19.1261242, 47.5735089]}}, {"type": "Feature", "properties": {"code": "Lk-1/O-4", "reg": "xv-kesz", "conf": 0.952}, "geometry": {"type": "Point", "coordinates": [19.1242976, 47.5636296]}}, {"type": "Feature", "properties": {"code": "Lke-1/O-3", "reg": "xv-kesz", "conf": 0.951}, "geometry": {"type": "Point", "coordinates": [19.1278538, 47.5643539]}}, {"type": "Feature", "properties": {"code": "Lk-1/O-1", "reg": "xv-kesz", "conf": 0.949}, "geometry": {"type": "Point", "coordinates": [19.1250557, 47.5657666]}}, {"type": "Feature", "properties": {"code": "Lk-1/O-4", "reg": "xv-kesz", "conf": 0.948}, "geometry": {"type": "Point", "coordinates": [19.1267724, 47.5656965]}}, {"type": "Feature", "properties": {"code": "Lke-1/O-2", "reg": "xv-kesz", "conf": 0.947}, "geometry": {"type": "Point", "coordinates": [19.1275822, 47.5640636]}}, {"type": "Feature", "properties": {"code": "Lke-1/SZ-5", "reg": "xv-kesz", "conf": 0.946}, "geometry": {"type": "Point", "coordinates": [19.1275356, 47.5748469]}}, {"type": "Feature", "properties": {"code": "Zkp-Kp/2", "reg": "xv-kesz", "conf": 0.946}, "geometry": {"type": "Point", "coordinates": [19.1201442, 47.5727261]}}, {"type": "Feature", "properties": {"code": "Lk-1/HZO-5", "reg": "xv-kesz", "conf": 0.946}, "geometry": {"type": "Point", "coordinates": [19.1209881, 47.571298]}}, {"type": "Feature", "properties": {"code": "Lk-1/AI/HZ-2", "reg": "xv-kesz", "conf": 0.946}, "geometry": {"type": "Point", "coordinates": [19.1271393, 47.5674381]}}, {"type": "Feature", "properties": {"code": "Lk-1/HZO-6", "reg": "xv-kesz", "conf": 0.945}, "geometry": {"type": "Point", "coordinates": [19.1255204, 47.5675642]}}, {"type": "Feature", "properties": {"code": "Lk-1/O-5", "reg": "xv-kesz", "conf": 0.945}, "geometry": {"type": "Point", "coordinates": [19.125399, 47.5666029]}}, {"type": "Feature", "properties": {"code": "ZFk/Lk", "reg": "xv-kesz", "conf": 0.944}, "geometry": {"type": "Point", "coordinates": [19.1226159, 47.5661725]}}, {"type": "Feature", "properties": {"code": "Lk-2/SZ-T2", "reg": "xv-kesz", "conf": 0.943}, "geometry": {"type": "Point", "coordinates": [19.123806, 47.5741102]}}, {"type": "Feature", "properties": {"code": "Lk-1/HZO-4", "reg": "xv-kesz", "conf": 0.942}, "geometry": {"type": "Point", "coordinates": [19.1211992, 47.5681845]}}, {"type": "Feature", "properties": {"code": "Lke-1/O-5", "reg": "xv-kesz", "conf": 0.942}, "geometry": {"type": "Point", "coordinates": [19.1267614, 47.5634844]}}, {"type": "Feature", "properties": {"code": "Ln-3/SZ-1", "reg": "xv-kesz", "conf": 0.941}, "geometry": {"type": "Point", "coordinates": [19.1223293, 47.5720551]}}, {"type": "Feature", "properties": {"code": "Lke-1/SZ-3", "reg": "xv-kesz", "conf": 0.941}, "geometry": {"type": "Point", "coordinates": [19.1368004, 47.5634321]}}, {"type": "Feature", "properties": {"code": "Lke-1/SZ-2", "reg": "xv-kesz", "conf": 0.94}, "geometry": {"type": "Point", "coordinates": [19.1210356, 47.5750357]}}, {"type": "Feature", "properties": {"code": "Lk-1/HZO-6", "reg": "xv-kesz", "conf": 0.939}, "geometry": {"type": "Point", "coordinates": [19.1227893, 47.5652917]}}, {"type": "Feature", "properties": {"code": "Lk-1/O-4", "reg": "xv-kesz", "conf": 0.939}, "geometry": {"type": "Point", "coordinates": [19.1286421, 47.5664508]}}, {"type": "Feature", "properties": {"code": "Lk-1/HZO-6", "reg": "xv-kesz", "conf": 0.938}, "geometry": {"type": "Point", "coordinates": [19.1213061, 47.5642213]}}, {"type": "Feature", "properties": {"code": "Lke-1/O-2", "reg": "xv-kesz", "conf": 0.938}, "geometry": {"type": "Point", "coordinates": [19.1318298, 47.5654769]}}, {"type": "Feature", "properties": {"code": "Lk-2/SZ-2", "reg": "xv-kesz", "conf": 0.936}, "geometry": {"type": "Point", "coordinates": [19.1244739, 47.5739701]}}, {"type": "Feature", "properties": {"code": "Lk-1/HZO-5", "reg": "xv-kesz", "conf": 0.936}, "geometry": {"type": "Point", "coordinates": [19.1226428, 47.5705233]}}, {"type": "Feature", "properties": {"code": "Lke-1/SZ-5", "reg": "xv-kesz", "conf": 0.936}, "geometry": {"type": "Point", "coordinates": [19.1268983, 47.5725669]}}, {"type": "Feature", "properties": {"code": "Lke-1/SZ-7", "reg": "xv-kesz", "conf": 0.935}, "geometry": {"type": "Point", "coordinates": [19.1228022, 47.574635]}}, {"type": "Feature", "properties": {"code": "Lk-1/O-3", "reg": "xv-kesz", "conf": 0.934}, "geometry": {"type": "Point", "coordinates": [19.1247584, 47.5634462]}}, {"type": "Feature", "properties": {"code": "Lke-1/SZ-7", "reg": "xv-kesz", "conf": 0.933}, "geometry": {"type": "Point", "coordinates": [19.1216724, 47.5744312]}}, {"type": "Feature", "properties": {"code": "Lke-1/IK-3", "reg": "xv-kesz", "conf": 0.933}, "geometry": {"type": "Point", "coordinates": [19.1311156, 47.5757302]}}, {"type": "Feature", "properties": {"code": "Lk-1/SZ-1", "reg": "xv-kesz", "conf": 0.933}, "geometry": {"type": "Point", "coordinates": [19.1222343, 47.5690048]}}, {"type": "Feature", "properties": {"code": "Lke-1/O-3", "reg": "xv-kesz", "conf": 0.933}, "geometry": {"type": "Point", "coordinates": [19.1316263, 47.563368]}}, {"type": "Feature", "properties": {"code": "Lk-1/HZO-5", "reg": "xv-kesz", "conf": 0.932}, "geometry": {"type": "Point", "coordinates": [19.1258212, 47.5691057]}}, {"type": "Feature", "properties": {"code": "Lke-1/SZ-7", "reg": "xv-kesz", "conf": 0.931}, "geometry": {"type": "Point", "coordinates": [19.1241921, 47.5761881]}}, {"type": "Feature", "properties": {"code": "Lk-1/Z-1", "reg": "xv-kesz", "conf": 0.931}, "geometry": {"type": "Point", "coordinates": [19.1245197, 47.567557]}}, {"type": "Feature", "properties": {"code": "Lk-1/HZO-6", "reg": "xv-kesz", "conf": 0.931}, "geometry": {"type": "Point", "coordinates": [19.1221908, 47.5647695]}}, {"type": "Feature", "properties": {"code": "Ln-T/AI/SZ-U1", "reg": "xv-kesz", "conf": 0.93}, "geometry": {"type": "Point", "coordinates": [19.1297798, 47.5663972]}}, {"type": "Feature", "properties": {"code": "Lk-2/SZ-T4", "reg": "xv-kesz", "conf": 0.923}, "geometry": {"type": "Point", "coordinates": [19.1272824, 47.5753516]}}, {"type": "Feature", "properties": {"code": "Lke-1/IK-3", "reg": "xv-kesz", "conf": 0.923}, "geometry": {"type": "Point", "coordinates": [19.1281518, 47.5723164]}}, {"type": "Feature", "properties": {"code": "Lk-1/O-4", "reg": "xv-kesz", "conf": 0.923}, "geometry": {"type": "Point", "coordinates": [19.1219173, 47.564326]}}, {"type": "Feature", "properties": {"code": "Lk-1/O-2", "reg": "xv-kesz", "conf": 0.921}, "geometry": {"type": "Point", "coordinates": [19.1201628, 47.5653151]}}, {"type": "Feature", "properties": {"code": "Lke-1/SZ-5", "reg": "xv-kesz", "conf": 0.919}, "geometry": {"type": "Point", "coordinates": [19.1206766, 47.5747638]}}, {"type": "Feature", "properties": {"code": "Lke-1/SZ-2", "reg": "xv-kesz", "conf": 0.919}, "geometry": {"type": "Point", "coordinates": [19.1202606, 47.5737188]}}, {"type": "Feature", "properties": {"code": "Lke-1/SZ-5", "reg": "xv-kesz", "conf": 0.919}, "geometry": {"type": "Point", "coordinates": [19.1288826, 47.5760135]}}, {"type": "Feature", "properties": {"code": "Lk-1/HZO-6", "reg": "xv-kesz", "conf": 0.919}, "geometry": {"type": "Point", "coordinates": [19.1245105, 47.5667198]}}, {"type": "Feature", "properties": {"code": "Lke-1/SZ-7", "reg": "xv-kesz", "conf": 0.917}, "geometry": {"type": "Point", "coordinates": [19.1232898, 47.57615]}}, {"type": "Feature", "properties": {"code": "Lk-1/HZO-4", "reg": "xv-kesz", "conf": 0.917}, "geometry": {"type": "Point", "coordinates": [19.1219484, 47.5682662]}}, {"type": "Feature", "properties": {"code": "Lk-1/O-4", "reg": "xv-kesz", "conf": 0.916}, "geometry": {"type": "Point", "coordinates": [19.1259589, 47.5671486]}}, {"type": "Feature", "properties": {"code": "Lke-1/IK-2", "reg": "xv-kesz", "conf": 0.915}, "geometry": {"type": "Point", "coordinates": [19.1306421, 47.5640369]}}, {"type": "Feature", "properties": {"code": "Lke-1/SZ-2", "reg": "xv-kesz", "conf": 0.914}, "geometry": {"type": "Point", "coordinates": [19.1210711, 47.5742373]}}, {"type": "Feature", "properties": {"code": "Lk-1/HZO-6", "reg": "xv-kesz", "conf": 0.914}, "geometry": {"type": "Point", "coordinates": [19.1245122, 47.5667187]}}, {"type": "Feature", "properties": {"code": "Ln-3/SZ-3", "reg": "xv-kesz", "conf": 0.913}, "geometry": {"type": "Point", "coordinates": [19.1234854, 47.5684123]}}, {"type": "Feature", "properties": {"code": "Lk-1/HZO-1", "reg": "xv-kesz", "conf": 0.912}, "geometry": {"type": "Point", "coordinates": [19.1201836, 47.5686852]}}, {"type": "Feature", "properties": {"code": "Lk-1/O-4", "reg": "xv-kesz", "conf": 0.912}, "geometry": {"type": "Point", "coordinates": [19.1235284, 47.5636497]}}, {"type": "Feature", "properties": {"code": "Lke-1/IK-3", "reg": "xv-kesz", "conf": 0.909}, "geometry": {"type": "Point", "coordinates": [19.1313449, 47.5750449]}}, {"type": "Feature", "properties": {"code": "Lke-1/IK-3", "reg": "xv-kesz", "conf": 0.906}, "geometry": {"type": "Point", "coordinates": [19.1246077, 47.5761511]}}, {"type": "Feature", "properties": {"code": "Lk-1/O-5", "reg": "xv-kesz", "conf": 0.901}, "geometry": {"type": "Point", "coordinates": [19.1281223, 47.565693]}}, {"type": "Feature", "properties": {"code": "Lk-2/SZ-2", "reg": "xv-kesz", "conf": 0.9}, "geometry": {"type": "Point", "coordinates": [19.1262863, 47.5755126]}}, {"type": "Feature", "properties": {"code": "Lk-1/O-4", "reg": "xv-kesz", "conf": 0.9}, "geometry": {"type": "Point", "coordinates": [19.123525, 47.5636486]}}, {"type": "Feature", "properties": {"code": "Lk-1/HZO-1", "reg": "xv-kesz", "conf": 0.899}, "geometry": {"type": "Point", "coordinates": [19.120949, 47.5684683]}}, {"type": "Feature", "properties": {"code": "Lke-1/IK-3", "reg": "xv-kesz", "conf": 0.894}, "geometry": {"type": "Point", "coordinates": [19.1292662, 47.5741351]}}, {"type": "Feature", "properties": {"code": "Lke-1/O-1", "reg": "xv-kesz", "conf": 0.888}, "geometry": {"type": "Point", "coordinates": [19.1289243, 47.5635163]}}, {"type": "Feature", "properties": {"code": "Lke-1/IK-3", "reg": "xv-kesz", "conf": 0.887}, "geometry": {"type": "Point", "coordinates": [19.1239533, 47.57543]}}, {"type": "Feature", "properties": {"code": "Lk-1/HZO-6", "reg": "xv-kesz", "conf": 0.884}, "geometry": {"type": "Point", "coordinates": [19.1240033, 47.5664046]}}, {"type": "Feature", "properties": {"code": "ZFk/Lke", "reg": "xv-kesz", "conf": 0.883}, "geometry": {"type": "Point", "coordinates": [19.1378464, 47.5642455]}}, {"type": "Feature", "properties": {"code": "Lk-1/HZO-3", "reg": "xv-kesz", "conf": 0.881}, "geometry": {"type": "Point", "coordinates": [19.1202182, 47.5665715]}}, {"type": "Feature", "properties": {"code": "Lke-1/IK-2", "reg": "xv-kesz", "conf": 0.88}, "geometry": {"type": "Point", "coordinates": [19.1306488, 47.5640289]}}, {"type": "Feature", "properties": {"code": "Lk-1/AI/O-1", "reg": "xv-kesz", "conf": 0.875}, "geometry": {"type": "Point", "coordinates": [19.1266705, 47.5652402]}}, {"type": "Feature", "properties": {"code": "Lk-1/O-4", "reg": "xv-kesz", "conf": 0.873}, "geometry": {"type": "Point", "coordinates": [19.1268376, 47.5645687]}}, {"type": "Feature", "properties": {"code": "Lke-1/SZ-5", "reg": "xv-kesz", "conf": 0.871}, "geometry": {"type": "Point", "coordinates": [19.1296714, 47.5739461]}}, {"type": "Feature", "properties": {"code": "Lk-1/HZO-6", "reg": "xv-kesz", "conf": 0.87}, "geometry": {"type": "Point", "coordinates": [19.1264801, 47.5677429]}}, {"type": "Feature", "properties": {"code": "Lk-1/HZO-4", "reg": "xv-kesz", "conf": 0.864}, "geometry": {"type": "Point", "coordinates": [19.1224952, 47.5672775]}}, {"type": "Feature", "properties": {"code": "Lke-1/IK-3", "reg": "xv-kesz", "conf": 0.859}, "geometry": {"type": "Point", "coordinates": [19.1318778, 47.5746978]}}, {"type": "Feature", "properties": {"code": "Lk-1/AI/O-1", "reg": "xv-kesz", "conf": 0.836}, "geometry": {"type": "Point", "coordinates": [19.1290846, 47.5654782]}}, {"type": "Feature", "properties": {"code": "ZFk/Lk", "reg": "xv-kesz", "conf": 0.827}, "geometry": {"type": "Point", "coordinates": [19.1241231, 47.5726986]}}, {"type": "Feature", "properties": {"code": "Lk-1/AI/O-1", "reg": "xv-kesz", "conf": 0.82}, "geometry": {"type": "Point", "coordinates": [19.1290745, 47.5654782]}}, {"type": "Feature", "properties": {"code": "Zkp-Kp/2", "reg": "xv-kesz", "conf": 0.997}, "geometry": {"type": "Point", "coordinates": [19.1136544, 47.5630143]}}, {"type": "Feature", "properties": {"code": "Lk-T/TU-2", "reg": "xv-kesz", "conf": 0.993}, "geometry": {"type": "Point", "coordinates": [19.1216562, 47.5633469]}}, {"type": "Feature", "properties": {"code": "Lk-1/HZ-3", "reg": "xv-kesz", "conf": 0.992}, "geometry": {"type": "Point", "coordinates": [19.1124736, 47.5607829]}}, {"type": "Feature", "properties": {"code": "Zkp-Kk/2", "reg": "xv-kesz", "conf": 0.992}, "geometry": {"type": "Point", "coordinates": [19.1214195, 47.5627798]}}, {"type": "Feature", "properties": {"code": "Vt-H/Z-1", "reg": "xv-kesz", "conf": 0.991}, "geometry": {"type": "Point", "coordinates": [19.117647, 47.5623566]}}, {"type": "Feature", "properties": {"code": "Lk-1/HZ-4", "reg": "xv-kesz", "conf": 0.99}, "geometry": {"type": "Point", "coordinates": [19.1127346, 47.5503993]}}, {"type": "Feature", "properties": {"code": "Zkp/Vt", "reg": "xv-kesz", "conf": 0.989}, "geometry": {"type": "Point", "coordinates": [19.1147523, 47.5633164]}}, {"type": "Feature", "properties": {"code": "Lk-1/HZ-13", "reg": "xv-kesz", "conf": 0.986}, "geometry": {"type": "Point", "coordinates": [19.118921, 47.5554099]}}, {"type": "Feature", "properties": {"code": "Lk-1/HZ-4", "reg": "xv-kesz", "conf": 0.985}, "geometry": {"type": "Point", "coordinates": [19.1106503, 47.5561218]}}, {"type": "Feature", "properties": {"code": "Lk-1/HZ-4", "reg": "xv-kesz", "conf": 0.985}, "geometry": {"type": "Point", "coordinates": [19.1124361, 47.552704]}}, {"type": "Feature", "properties": {"code": "Lk-1/HZ-4", "reg": "xv-kesz", "conf": 0.985}, "geometry": {"type": "Point", "coordinates": [19.1113853, 47.5506566]}}, {"type": "Feature", "properties": {"code": "Vt-H/Z-3", "reg": "xv-kesz", "conf": 0.983}, "geometry": {"type": "Point", "coordinates": [19.1187641, 47.5621532]}}, {"type": "Feature", "properties": {"code": "Lk-1/HZ-4", "reg": "xv-kesz", "conf": 0.981}, "geometry": {"type": "Point", "coordinates": [19.1138319, 47.5529704]}}, {"type": "Feature", "properties": {"code": "Lk-1/HZ-4", "reg": "xv-kesz", "conf": 0.98}, "geometry": {"type": "Point", "coordinates": [19.1128368, 47.558]}}, {"type": "Feature", "properties": {"code": "Vt-H/AI/Te-1", "reg": "xv-kesz", "conf": 0.979}, "geometry": {"type": "Point", "coordinates": [19.1201487, 47.5627638]}}, {"type": "Feature", "properties": {"code": "Gksz-1/Z-1", "reg": "xv-kesz", "conf": 0.978}, "geometry": {"type": "Point", "coordinates": [19.1093817, 47.5563562]}}, {"type": "Feature", "properties": {"code": "Vt-H/Z-3", "reg": "xv-kesz", "conf": 0.977}, "geometry": {"type": "Point", "coordinates": [19.118102, 47.5626547]}}, {"type": "Feature", "properties": {"code": "Lk-1/HZ-3", "reg": "xv-kesz", "conf": 0.977}, "geometry": {"type": "Point", "coordinates": [19.1143201, 47.5608705]}}, {"type": "Feature", "properties": {"code": "Lk-1/HZ-6", "reg": "xv-kesz", "conf": 0.977}, "geometry": {"type": "Point", "coordinates": [19.1112124, 47.5535034]}}, {"type": "Feature", "properties": {"code": "Lke-1/O-1", "reg": "xv-kesz", "conf": 0.976}, "geometry": {"type": "Point", "coordinates": [19.1232514, 47.5606086]}}, {"type": "Feature", "properties": {"code": "Lk-1/HZ-4", "reg": "xv-kesz", "conf": 0.972}, "geometry": {"type": "Point", "coordinates": [19.1089642, 47.5510408]}}, {"type": "Feature", "properties": {"code": "Lk-1/HZ-5", "reg": "xv-kesz", "conf": 0.971}, "geometry": {"type": "Point", "coordinates": [19.1190604, 47.5569846]}}, {"type": "Feature", "properties": {"code": "Lk-1/HZ-9", "reg": "xv-kesz", "conf": 0.971}, "geometry": {"type": "Point", "coordinates": [19.119191, 47.5514045]}}, {"type": "Feature", "properties": {"code": "Lk-1/HZ-1", "reg": "xv-kesz", "conf": 0.967}, "geometry": {"type": "Point", "coordinates": [19.1135467, 47.5508491]}}, {"type": "Feature", "properties": {"code": "Lk-1/HZ-1", "reg": "xv-kesz", "conf": 0.966}, "geometry": {"type": "Point", "coordinates": [19.1104978, 47.5521271]}}, {"type": "Feature", "properties": {"code": "Lk-1/HZ-1", "reg": "xv-kesz", "conf": 0.965}, "geometry": {"type": "Point", "coordinates": [19.1135509, 47.5556514]}}, {"type": "Feature", "properties": {"code": "Lk-1/HZ-1", "reg": "xv-kesz", "conf": 0.964}, "geometry": {"type": "Point", "coordinates": [19.1117696, 47.5518434]}}, {"type": "Feature", "properties": {"code": "Lk-1/HZ-8", "reg": "xv-kesz", "conf": 0.963}, "geometry": {"type": "Point", "coordinates": [19.1188203, 47.5564221]}}, {"type": "Feature", "properties": {"code": "Zkp-Kk/2", "reg": "xv-kesz", "conf": 0.962}, "geometry": {"type": "Point", "coordinates": [19.1210277, 47.5629551]}}, {"type": "Feature", "properties": {"code": "Lk-1/HZ-8", "reg": "xv-kesz", "conf": 0.962}, "geometry": {"type": "Point", "coordinates": [19.1156213, 47.5522849]}}, {"type": "Feature", "properties": {"code": "Lk-1/HZ-13", "reg": "xv-kesz", "conf": 0.962}, "geometry": {"type": "Point", "coordinates": [19.1177688, 47.5509483]}}, {"type": "Feature", "properties": {"code": "Vt-H/AI/Te-2", "reg": "xv-kesz", "conf": 0.961}, "geometry": {"type": "Point", "coordinates": [19.1220053, 47.5602472]}}, {"type": "Feature", "properties": {"code": "Lk-1/AI/HZ-3", "reg": "xv-kesz", "conf": 0.961}, "geometry": {"type": "Point", "coordinates": [19.1140001, 47.5572762]}}, {"type": "Feature", "properties": {"code": "Vt-H/SZ-Sp1", "reg": "xv-kesz", "conf": 0.96}, "geometry": {"type": "Point", "coordinates": [19.1209178, 47.5618241]}}, {"type": "Feature", "properties": {"code": "Lk-1/AI/SZ-N1", "reg": "xv-kesz", "conf": 0.958}, "geometry": {"type": "Point", "coordinates": [19.11518, 47.5564437]}}, {"type": "Feature", "properties": {"code": "Lk-1/HZ-1", "reg": "xv-kesz", "conf": 0.958}, "geometry": {"type": "Point", "coordinates": [19.108689, 47.5523666]}}, {"type": "Feature", "properties": {"code": "Lk-1/HZ-5", "reg": "xv-kesz", "conf": 0.958}, "geometry": {"type": "Point", "coordinates": [19.1171958, 47.5527592]}}, {"type": "Feature", "properties": {"code": "Lk-1/HZ-13", "reg": "xv-kesz", "conf": 0.958}, "geometry": {"type": "Point", "coordinates": [19.1177661, 47.5526341]}}, {"type": "Feature", "properties": {"code": "Lk-1/HZO-6", "reg": "xv-kesz", "conf": 0.957}, "geometry": {"type": "Point", "coordinates": [19.1136405, 47.5636663]}}, {"type": "Feature", "properties": {"code": "Lk-1/HZ-8", "reg": "xv-kesz", "conf": 0.957}, "geometry": {"type": "Point", "coordinates": [19.1164448, 47.5560331]}}, {"type": "Feature", "properties": {"code": "Lk-1/HZ-4", "reg": "xv-kesz", "conf": 0.957}, "geometry": {"type": "Point", "coordinates": [19.1162226, 47.5503572]}}, {"type": "Feature", "properties": {"code": "Lk-1/HZ-3", "reg": "xv-kesz", "conf": 0.956}, "geometry": {"type": "Point", "coordinates": [19.1127001, 47.5612597]}}, {"type": "Feature", "properties": {"code": "Lk-1/HZ-3", "reg": "xv-kesz", "conf": 0.956}, "geometry": {"type": "Point", "coordinates": [19.1153775, 47.5602611]}}, {"type": "Feature", "properties": {"code": "Lk-1/HZ-12", "reg": "xv-kesz", "conf": 0.956}, "geometry": {"type": "Point", "coordinates": [19.1215751, 47.5588317]}}, {"type": "Feature", "properties": {"code": "Lk-1/HZ-5", "reg": "xv-kesz", "conf": 0.956}, "geometry": {"type": "Point", "coordinates": [19.1193719, 47.5579073]}}, {"type": "Feature", "properties": {"code": "Lk-1/HZ-1", "reg": "xv-kesz", "conf": 0.956}, "geometry": {"type": "Point", "coordinates": [19.1156602, 47.5558634]}}, {"type": "Feature", "properties": {"code": "Lk-1/HZ-4", "reg": "xv-kesz", "conf": 0.956}, "geometry": {"type": "Point", "coordinates": [19.1084141, 47.5511991]}}, {"type": "Feature", "properties": {"code": "Lk-1/AI/SZ-1", "reg": "xv-kesz", "conf": 0.955}, "geometry": {"type": "Point", "coordinates": [19.1179804, 47.5537947]}}, {"type": "Feature", "properties": {"code": "Lke-1/HZ-4", "reg": "xv-kesz", "conf": 0.953}, "geometry": {"type": "Point", "coordinates": [19.12358, 47.5590415]}}, {"type": "Feature", "properties": {"code": "Lk-1/HZ-4", "reg": "xv-kesz", "conf": 0.953}, "geometry": {"type": "Point", "coordinates": [19.1104207, 47.5557789]}}, {"type": "Feature", "properties": {"code": "Lk-1/HZ-13", "reg": "xv-kesz", "conf": 0.953}, "geometry": {"type": "Point", "coordinates": [19.1179973, 47.5512134]}}, {"type": "Feature", "properties": {"code": "Vt-H/AI/Te-1", "reg": "xv-kesz", "conf": 0.952}, "geometry": {"type": "Point", "coordinates": [19.1203244, 47.5630598]}}, {"type": "Feature", "properties": {"code": "Lk-1/HZ-4", "reg": "xv-kesz", "conf": 0.952}, "geometry": {"type": "Point", "coordinates": [19.1157137, 47.5574314]}}, {"type": "Feature", "properties": {"code": "Lk-1/HZ-4", "reg": "xv-kesz", "conf": 0.952}, "geometry": {"type": "Point", "coordinates": [19.1132017, 47.5552137]}}, {"type": "Feature", "properties": {"code": "Vi-2/SZ-G2", "reg": "xv-kesz", "conf": 0.951}, "geometry": {"type": "Point", "coordinates": [19.1114684, 47.5614049]}}, {"type": "Feature", "properties": {"code": "Lk-1/HZ-1", "reg": "xv-kesz", "conf": 0.951}, "geometry": {"type": "Point", "coordinates": [19.1108945, 47.5570514]}}, {"type": "Feature", "properties": {"code": "Lk-1/HZ-6", "reg": "xv-kesz", "conf": 0.951}, "geometry": {"type": "Point", "coordinates": [19.1094197, 47.5533449]}}, {"type": "Feature", "properties": {"code": "Lk-1/HZ-13", "reg": "xv-kesz", "conf": 0.951}, "geometry": {"type": "Point", "coordinates": [19.1190339, 47.5537046]}}, {"type": "Feature", "properties": {"code": "Lk-1/HZ-4", "reg": "xv-kesz", "conf": 0.95}, "geometry": {"type": "Point", "coordinates": [19.1115218, 47.5542202]}}, {"type": "Feature", "properties": {"code": "Lk-1/HZ-4", "reg": "xv-kesz", "conf": 0.949}, "geometry": {"type": "Point", "coordinates": [19.1124456, 47.5532427]}}, {"type": "Feature", "properties": {"code": "Lk-1/HZ-9", "reg": "xv-kesz", "conf": 0.949}, "geometry": {"type": "Point", "coordinates": [19.1206332, 47.5539582]}}, {"type": "Feature", "properties": {"code": "Lk-1/HZ-13", "reg": "xv-kesz", "conf": 0.948}, "geometry": {"type": "Point", "coordinates": [19.1196811, 47.5568136]}}, {"type": "Feature", "properties": {"code": "Lk-1/HZ-8", "reg": "xv-kesz", "conf": 0.948}, "geometry": {"type": "Point", "coordinates": [19.1166242, 47.553048]}}, {"type": "Feature", "properties": {"code": "Lk-1/HZ-4", "reg": "xv-kesz", "conf": 0.947}, "geometry": {"type": "Point", "coordinates": [19.11463, 47.5548934]}}, {"type": "Feature", "properties": {"code": "Lk-1/HZT-2", "reg": "xv-kesz", "conf": 0.947}, "geometry": {"type": "Point", "coordinates": [19.1228583, 47.550532]}}, {"type": "Feature", "properties": {"code": "Lk-1/Z-3", "reg": "xv-kesz", "conf": 0.946}, "geometry": {"type": "Point", "coordinates": [19.1173438, 47.5613744]}}, {"type": "Feature", "properties": {"code": "Lk-1/HZ-9", "reg": "xv-kesz", "conf": 0.946}, "geometry": {"type": "Point", "coordinates": [19.1200815, 47.5532244]}}, {"type": "Feature", "properties": {"code": "Lk-1/HZ-4", "reg": "xv-kesz", "conf": 0.946}, "geometry": {"type": "Point", "coordinates": [19.1081256, 47.5508157]}}, {"type": "Feature", "properties": {"code": "Lk-1/HZ-9", "reg": "xv-kesz", "conf": 0.946}, "geometry": {"type": "Point", "coordinates": [19.1201846, 47.5508546]}}, {"type": "Feature", "properties": {"code": "Gksz-1/Z-1", "reg": "xv-kesz", "conf": 0.945}, "geometry": {"type": "Point", "coordinates": [19.1109902, 47.5604297]}}, {"type": "Feature", "properties": {"code": "Lk-1/HZ-13", "reg": "xv-kesz", "conf": 0.945}, "geometry": {"type": "Point", "coordinates": [19.1199305, 47.5578462]}}, {"type": "Feature", "properties": {"code": "Lk-1/HZ-13", "reg": "xv-kesz", "conf": 0.945}, "geometry": {"type": "Point", "coordinates": [19.1194697, 47.5545585]}}, {"type": "Feature", "properties": {"code": "Lk-1/HZ-13", "reg": "xv-kesz", "conf": 0.944}, "geometry": {"type": "Point", "coordinates": [19.1168109, 47.5504139]}}, {"type": "Feature", "properties": {"code": "Lk-1/Z-3", "reg": "xv-kesz", "conf": 0.942}, "geometry": {"type": "Point", "coordinates": [19.1164609, 47.5617126]}}, {"type": "Feature", "properties": {"code": "Lk-1/HZ-9", "reg": "xv-kesz", "conf": 0.942}, "geometry": {"type": "Point", "coordinates": [19.1219391, 47.552134]}}, {"type": "Feature", "properties": {"code": "Lk-1/HZ-8", "reg": "xv-kesz", "conf": 0.942}, "geometry": {"type": "Point", "coordinates": [19.1141801, 47.5507205]}}, {"type": "Feature", "properties": {"code": "Lk-1/HZ-7", "reg": "xv-kesz", "conf": 0.941}, "geometry": {"type": "Point", "coordinates": [19.1157871, 47.5614307]}}, {"type": "Feature", "properties": {"code": "Lk-1/HZ-13", "reg": "xv-kesz", "conf": 0.941}, "geometry": {"type": "Point", "coordinates": [19.1200245, 47.5559704]}}, {"type": "Feature", "properties": {"code": "Lk-1/HZ-8", "reg": "xv-kesz", "conf": 0.941}, "geometry": {"type": "Point", "coordinates": [19.1146052, 47.5516613]}}, {"type": "Feature", "properties": {"code": "Lk-1/AI/SZ-1", "reg": "xv-kesz", "conf": 0.94}, "geometry": {"type": "Point", "coordinates": [19.1179754, 47.5537936]}}, {"type": "Feature", "properties": {"code": "Vt-H/AI/Te-2", "reg": "xv-kesz", "conf": 0.939}, "geometry": {"type": "Point", "coordinates": [19.1225777, 47.5607556]}}, {"type": "Feature", "properties": {"code": "Lk-1/HZ-1", "reg": "xv-kesz", "conf": 0.939}, "geometry": {"type": "Point", "coordinates": [19.110622, 47.5510793]}}, {"type": "Feature", "properties": {"code": "Ln-2/Z-1", "reg": "xv-kesz", "conf": 0.938}, "geometry": {"type": "Point", "coordinates": [19.1187019, 47.5595765]}}, {"type": "Feature", "properties": {"code": "Lke-1/HZ-4", "reg": "xv-kesz", "conf": 0.938}, "geometry": {"type": "Point", "coordinates": [19.1225559, 47.559501]}}, {"type": "Feature", "properties": {"code": "Lk-1/HZO-2", "reg": "xv-kesz", "conf": 0.938}, "geometry": {"type": "Point", "coordinates": [19.1235451, 47.5575444]}}, {"type": "Feature", "properties": {"code": "Lk-1/HZ-1", "reg": "xv-kesz", "conf": 0.938}, "geometry": {"type": "Point", "coordinates": [19.1118958, 47.5509352]}}, {"type": "Feature", "properties": {"code": "ZFk/Vt", "reg": "xv-kesz", "conf": 0.937}, "geometry": {"type": "Point", "coordinates": [19.1163246, 47.5626265]}}, {"type": "Feature", "properties": {"code": "Lk-1/HZ-1", "reg": "xv-kesz", "conf": 0.936}, "geometry": {"type": "Point", "coordinates": [19.1147113, 47.5586228]}}, {"type": "Feature", "properties": {"code": "Lk-1/HZ-8", "reg": "xv-kesz", "conf": 0.936}, "geometry": {"type": "Point", "coordinates": [19.1186003, 47.5575157]}}, {"type": "Feature", "properties": {"code": "Lk-1/SZ-1", "reg": "xv-kesz", "conf": 0.935}, "geometry": {"type": "Point", "coordinates": [19.1213734, 47.5572479]}}, {"type": "Feature", "properties": {"code": "Lk-1/HZ-8", "reg": "xv-kesz", "conf": 0.935}, "geometry": {"type": "Point", "coordinates": [19.1170646, 47.5518947]}}, {"type": "Feature", "properties": {"code": "Lk-1/AI/HZ-1", "reg": "xv-kesz", "conf": 0.934}, "geometry": {"type": "Point", "coordinates": [19.1136368, 47.5565137]}}, {"type": "Feature", "properties": {"code": "Lk-1/HZ-4", "reg": "xv-kesz", "conf": 0.933}, "geometry": {"type": "Point", "coordinates": [19.1098105, 47.5504739]}}, {"type": "Feature", "properties": {"code": "Lk-1/HZO-2", "reg": "xv-kesz", "conf": 0.928}, "geometry": {"type": "Point", "coordinates": [19.1219968, 47.5549886]}}, {"type": "Feature", "properties": {"code": "Lk-1/SZ-1", "reg": "xv-kesz", "conf": 0.927}, "geometry": {"type": "Point", "coordinates": [19.1213751, 47.5572502]}}, {"type": "Feature", "properties": {"code": "Lk-1/HZT-1", "reg": "xv-kesz", "conf": 0.926}, "geometry": {"type": "Point", "coordinates": [19.1229893, 47.5556007]}}, {"type": "Feature", "properties": {"code": "Vt-H/Z-1", "reg": "xv-kesz", "conf": 0.923}, "geometry": {"type": "Point", "coordinates": [19.116663, 47.5635195]}}, {"type": "Feature", "properties": {"code": "Vt-H/AI/SZ-N1", "reg": "xv-kesz", "conf": 0.923}, "geometry": {"type": "Point", "coordinates": [19.119512, 47.5616184]}}, {"type": "Feature", "properties": {"code": "Lk-1/SZ-G1", "reg": "xv-kesz", "conf": 0.923}, "geometry": {"type": "Point", "coordinates": [19.1078192, 47.5525366]}}, {"type": "Feature", "properties": {"code": "Lk-1/HZ-6", "reg": "xv-kesz", "conf": 0.923}, "geometry": {"type": "Point", "coordinates": [19.1109389, 47.5530565]}}, {"type": "Feature", "properties": {"code": "Lk-1/HZ-9", "reg": "xv-kesz", "conf": 0.923}, "geometry": {"type": "Point", "coordinates": [19.1209993, 47.5526815]}}, {"type": "Feature", "properties": {"code": "Lk-1/HZ-8", "reg": "xv-kesz", "conf": 0.923}, "geometry": {"type": "Point", "coordinates": [19.1156352, 47.5507924]}}, {"type": "Feature", "properties": {"code": "Lk-T/TU-2", "reg": "xv-kesz", "conf": 0.922}, "geometry": {"type": "Point", "coordinates": [19.1231221, 47.5624901]}}, {"type": "Feature", "properties": {"code": "Lk-1/HZ-4", "reg": "xv-kesz", "conf": 0.921}, "geometry": {"type": "Point", "coordinates": [19.1127079, 47.5574935]}}, {"type": "Feature", "properties": {"code": "Lk-1/HZ-8", "reg": "xv-kesz", "conf": 0.92}, "geometry": {"type": "Point", "coordinates": [19.1154287, 47.5536483]}}, {"type": "Feature", "properties": {"code": "Lk-1/HZ-5", "reg": "xv-kesz", "conf": 0.918}, "geometry": {"type": "Point", "coordinates": [19.1183607, 47.5554699]}}, {"type": "Feature", "properties": {"code": "Lk-1/HZ-11", "reg": "xv-kesz", "conf": 0.918}, "geometry": {"type": "Point", "coordinates": [19.1144125, 47.5503531]}}, {"type": "Feature", "properties": {"code": "Lk-1/O-4", "reg": "xv-kesz", "conf": 0.916}, "geometry": {"type": "Point", "coordinates": [19.1235031, 47.5636792]}}, {"type": "Feature", "properties": {"code": "Lk-1/HZ-11", "reg": "xv-kesz", "conf": 0.916}, "geometry": {"type": "Point", "coordinates": [19.1158143, 47.5537555]}}, {"type": "Feature", "properties": {"code": "Lk-1/HZ-13", "reg": "xv-kesz", "conf": 0.916}, "geometry": {"type": "Point", "coordinates": [19.1187277, 47.5529088]}}, {"type": "Feature", "properties": {"code": "Lk-1/HZ-9", "reg": "xv-kesz", "conf": 0.915}, "geometry": {"type": "Point", "coordinates": [19.1224027, 47.5525293]}}, {"type": "Feature", "properties": {"code": "Lk-1/HZO-2", "reg": "xv-kesz", "conf": 0.911}, "geometry": {"type": "Point", "coordinates": [19.1210783, 47.5552067]}}, {"type": "Feature", "properties": {"code": "Lk-1/HZ-7", "reg": "xv-kesz", "conf": 0.908}, "geometry": {"type": "Point", "coordinates": [19.1172249, 47.5607913]}}, {"type": "Feature", "properties": {"code": "Lk-1/HZ-3", "reg": "xv-kesz", "conf": 0.908}, "geometry": {"type": "Point", "coordinates": [19.1167858, 47.5600174]}}, {"type": "Feature", "properties": {"code": "Lk-1/HZ-9", "reg": "xv-kesz", "conf": 0.906}, "geometry": {"type": "Point", "coordinates": [19.1198252, 47.5504135]}}, {"type": "Feature", "properties": {"code": "Lk-1/HZT-1", "reg": "xv-kesz", "conf": 0.903}, "geometry": {"type": "Point", "coordinates": [19.1219754, 47.5509056]}}, {"type": "Feature", "properties": {"code": "Lk-1/HZT-1", "reg": "xv-kesz", "conf": 0.901}, "geometry": {"type": "Point", "coordinates": [19.1221422, 47.5544806]}}, {"type": "Feature", "properties": {"code": "Lk-1/HZ-9", "reg": "xv-kesz", "conf": 0.901}, "geometry": {"type": "Point", "coordinates": [19.1234315, 47.5518856]}}, {"type": "Feature", "properties": {"code": "Lk-1/HZ-4", "reg": "xv-kesz", "conf": 0.897}, "geometry": {"type": "Point", "coordinates": [19.1112493, 47.5577968]}}, {"type": "Feature", "properties": {"code": "Lk-1/HZ-12", "reg": "xv-kesz", "conf": 0.897}, "geometry": {"type": "Point", "coordinates": [19.1228233, 47.5585412]}}, {"type": "Feature", "properties": {"code": "Lk-1/HZ-1", "reg": "xv-kesz", "conf": 0.896}, "geometry": {"type": "Point", "coordinates": [19.1134802, 47.5591077]}}, {"type": "Feature", "properties": {"code": "Lk-1/HZT-1", "reg": "xv-kesz", "conf": 0.896}, "geometry": {"type": "Point", "coordinates": [19.1200801, 47.5516359]}}, {"type": "Feature", "properties": {"code": "Lk-1/HZ-9", "reg": "xv-kesz", "conf": 0.889}, "geometry": {"type": "Point", "coordinates": [19.120087, 47.5543475]}}, {"type": "Feature", "properties": {"code": "Lk-1/OSZ-1", "reg": "xv-kesz", "conf": 0.888}, "geometry": {"type": "Point", "coordinates": [19.1123645, 47.5635347]}}, {"type": "Feature", "properties": {"code": "Lk-1/HZ-8", "reg": "xv-kesz", "conf": 0.888}, "geometry": {"type": "Point", "coordinates": [19.1175344, 47.5555198]}}, {"type": "Feature", "properties": {"code": "Lk-1/HZT-1", "reg": "xv-kesz", "conf": 0.885}, "geometry": {"type": "Point", "coordinates": [19.1227568, 47.5580918]}}, {"type": "Feature", "properties": {"code": "Lk-1/HZ-11", "reg": "xv-kesz", "conf": 0.88}, "geometry": {"type": "Point", "coordinates": [19.1180595, 47.5581189]}}, {"type": "Feature", "properties": {"code": "ZFk/Lk", "reg": "xv-kesz", "conf": 0.879}, "geometry": {"type": "Point", "coordinates": [19.1133255, 47.5574438]}}, {"type": "Feature", "properties": {"code": "Vt-H/AI/SZ-K1", "reg": "xv-kesz", "conf": 0.878}, "geometry": {"type": "Point", "coordinates": [19.1219213, 47.5611839]}}, {"type": "Feature", "properties": {"code": "Lk-1/HZ-7", "reg": "xv-kesz", "conf": 0.873}, "geometry": {"type": "Point", "coordinates": [19.114512, 47.5617601]}}, {"type": "Feature", "properties": {"code": "Lk-1/HZ-11", "reg": "xv-kesz", "conf": 0.873}, "geometry": {"type": "Point", "coordinates": [19.1170619, 47.5557066]}}, {"type": "Feature", "properties": {"code": "Vt-H/Z-4", "reg": "xv-kesz", "conf": 0.868}, "geometry": {"type": "Point", "coordinates": [19.1175874, 47.5620376]}}, {"type": "Feature", "properties": {"code": "ZFk/Lk", "reg": "xv-kesz", "conf": 0.866}, "geometry": {"type": "Point", "coordinates": [19.1133272, 47.5574426]}}, {"type": "Feature", "properties": {"code": "Lk-1/HZT-1", "reg": "xv-kesz", "conf": 0.863}, "geometry": {"type": "Point", "coordinates": [19.1206887, 47.5565303]}}, {"type": "Feature", "properties": {"code": "Lk-1/HZ-1", "reg": "xv-kesz", "conf": 0.861}, "geometry": {"type": "Point", "coordinates": [19.1125297, 47.5567114]}}, {"type": "Feature", "properties": {"code": "Lk-1/HZ-9", "reg": "xv-kesz", "conf": 0.847}, "geometry": {"type": "Point", "coordinates": [19.1228805, 47.5515853]}}, {"type": "Feature", "properties": {"code": "ZFk/Lk", "reg": "xv-kesz", "conf": 0.846}, "geometry": {"type": "Point", "coordinates": [19.1133272, 47.5574461]}}, {"type": "Feature", "properties": {"code": "Lk-1/IK-2", "reg": "xv-kesz", "conf": 0.845}, "geometry": {"type": "Point", "coordinates": [19.1226523, 47.5510651]}}, {"type": "Feature", "properties": {"code": "Lk-1/HZ-1", "reg": "xv-kesz", "conf": 0.842}, "geometry": {"type": "Point", "coordinates": [19.1139488, 47.5568794]}}, {"type": "Feature", "properties": {"code": "Lk-1/HZ-9", "reg": "xv-kesz", "conf": 0.839}, "geometry": {"type": "Point", "coordinates": [19.1188788, 47.5510033]}}, {"type": "Feature", "properties": {"code": "Lk-1/IK-2", "reg": "xv-kesz", "conf": 0.815}, "geometry": {"type": "Point", "coordinates": [19.1226557, 47.5510663]}}, {"type": "Feature", "properties": {"code": "Lk-1/HZ-1", "reg": "xv-kesz", "conf": 0.802}, "geometry": {"type": "Point", "coordinates": [19.1134032, 47.5515069]}}, {"type": "Feature", "properties": {"code": "K-T/SZ-1", "reg": "xv-kesz", "conf": 0.998}, "geometry": {"type": "Point", "coordinates": [19.1367995, 47.5510284]}}, {"type": "Feature", "properties": {"code": "K-T/SZ-1", "reg": "xv-kesz", "conf": 0.997}, "geometry": {"type": "Point", "coordinates": [19.1369857, 47.5566478]}}, {"type": "Feature", "properties": {"code": "K-T/SZ-1", "reg": "xv-kesz", "conf": 0.997}, "geometry": {"type": "Point", "coordinates": [19.1376691, 47.5534103]}}, {"type": "Feature", "properties": {"code": "K-Rek/SZ-Sp2", "reg": "xv-kesz", "conf": 0.993}, "geometry": {"type": "Point", "coordinates": [19.1360469, 47.5507546]}}, {"type": "Feature", "properties": {"code": "K-Rek/SZ-Sp1", "reg": "xv-kesz", "conf": 0.993}, "geometry": {"type": "Point", "coordinates": [19.1346423, 47.5505147]}}, {"type": "Feature", "properties": {"code": "K-Ker/SZ-2", "reg": "xv-kesz", "conf": 0.992}, "geometry": {"type": "Point", "coordinates": [19.1384093, 47.5507811]}}, {"type": "Feature", "properties": {"code": "K-Hon/SZ-1", "reg": "xv-kesz", "conf": 0.991}, "geometry": {"type": "Point", "coordinates": [19.1341572, 47.5549033]}}, {"type": "Feature", "properties": {"code": "Ev-Ve-2", "reg": "xv-kesz", "conf": 0.989}, "geometry": {"type": "Point", "coordinates": [19.1374156, 47.5621813]}}, {"type": "Feature", "properties": {"code": "Vi-2/SZ-K1", "reg": "xv-kesz", "conf": 0.989}, "geometry": {"type": "Point", "coordinates": [19.1338407, 47.5514175]}}, {"type": "Feature", "properties": {"code": "Ev-Ve-2", "reg": "xv-kesz", "conf": 0.988}, "geometry": {"type": "Point", "coordinates": [19.1354755, 47.5587175]}}, {"type": "Feature", "properties": {"code": "Ev-Ve-2", "reg": "xv-kesz", "conf": 0.988}, "geometry": {"type": "Point", "coordinates": [19.1327757, 47.5565648]}}, {"type": "Feature", "properties": {"code": "Ln-T/TU-2", "reg": "xv-kesz", "conf": 0.987}, "geometry": {"type": "Point", "coordinates": [19.1413653, 47.5506777]}}, {"type": "Feature", "properties": {"code": "K-Ker/SZ-2", "reg": "xv-kesz", "conf": 0.986}, "geometry": {"type": "Point", "coordinates": [19.141522, 47.5524532]}}, {"type": "Feature", "properties": {"code": "ZFk/Lke", "reg": "xv-kesz", "conf": 0.985}, "geometry": {"type": "Point", "coordinates": [19.1359235, 47.5623187]}}, {"type": "Feature", "properties": {"code": "Ev-Ve-2", "reg": "xv-kesz", "conf": 0.985}, "geometry": {"type": "Point", "coordinates": [19.1391421, 47.5613999]}}, {"type": "Feature", "properties": {"code": "K-Rek/SZ-Sp1", "reg": "xv-kesz", "conf": 0.984}, "geometry": {"type": "Point", "coordinates": [19.1328651, 47.5507381]}}, {"type": "Feature", "properties": {"code": "Gksz-2/SZ-12", "reg": "xv-kesz", "conf": 0.982}, "geometry": {"type": "Point", "coordinates": [19.1319998, 47.558946]}}, {"type": "Feature", "properties": {"code": "Gksz-2/SZ-16", "reg": "xv-kesz", "conf": 0.98}, "geometry": {"type": "Point", "coordinates": [19.1341614, 47.5595637]}}, {"type": "Feature", "properties": {"code": "Lke-1/O-1", "reg": "xv-kesz", "conf": 0.979}, "geometry": {"type": "Point", "coordinates": [19.1262721, 47.5613934]}}, {"type": "Feature", "properties": {"code": "Lke-1/SZ-3", "reg": "xv-kesz", "conf": 0.979}, "geometry": {"type": "Point", "coordinates": [19.1373598, 47.5628788]}}, {"type": "Feature", "properties": {"code": "Lke-1/HZ-6", "reg": "xv-kesz", "conf": 0.973}, "geometry": {"type": "Point", "coordinates": [19.1240471, 47.5619283]}}, {"type": "Feature", "properties": {"code": "Lke-1/O-4", "reg": "xv-kesz", "conf": 0.973}, "geometry": {"type": "Point", "coordinates": [19.1334099, 47.5632746]}}, {"type": "Feature", "properties": {"code": "Lke-1/HZT-1", "reg": "xv-kesz", "conf": 0.97}, "geometry": {"type": "Point", "coordinates": [19.1245469, 47.561076]}}, {"type": "Feature", "properties": {"code": "Lke-1/HZ-4", "reg": "xv-kesz", "conf": 0.969}, "geometry": {"type": "Point", "coordinates": [19.1265534, 47.5573034]}}, {"type": "Feature", "properties": {"code": "Lke-1/SZ-1", "reg": "xv-kesz", "conf": 0.968}, "geometry": {"type": "Point", "coordinates": [19.1340482, 47.5618528]}}, {"type": "Feature", "properties": {"code": "Lke-1/O-1", "reg": "xv-kesz", "conf": 0.966}, "geometry": {"type": "Point", "coordinates": [19.1295312, 47.5630517]}}, {"type": "Feature", "properties": {"code": "Lke-1/O-5", "reg": "xv-kesz", "conf": 0.965}, "geometry": {"type": "Point", "coordinates": [19.1267642, 47.5635048]}}, {"type": "Feature", "properties": {"code": "Lk-2/AI/SZ-N1", "reg": "xv-kesz", "conf": 0.965}, "geometry": {"type": "Point", "coordinates": [19.1291881, 47.5503996]}}, {"type": "Feature", "properties": {"code": "Lke-1/O-1", "reg": "xv-kesz", "conf": 0.964}, "geometry": {"type": "Point", "coordinates": [19.1276132, 47.5631221]}}, {"type": "Feature", "properties": {"code": "Lke-1/O-1", "reg": "xv-kesz", "conf": 0.963}, "geometry": {"type": "Point", "coordinates": [19.1324463, 47.560983]}}, {"type": "Feature", "properties": {"code": "Lke-1/SZ-7", "reg": "xv-kesz", "conf": 0.962}, "geometry": {"type": "Point", "coordinates": [19.1255231, 47.5629617]}}, {"type": "Feature", "properties": {"code": "Lke-1/O-1", "reg": "xv-kesz", "conf": 0.96}, "geometry": {"type": "Point", "coordinates": [19.1297027, 47.5596352]}}, {"type": "Feature", "properties": {"code": "Lke-1/O-1", "reg": "xv-kesz", "conf": 0.959}, "geometry": {"type": "Point", "coordinates": [19.1248535, 47.5596168]}}, {"type": "Feature", "properties": {"code": "Gksz-1/SZ-3", "reg": "xv-kesz", "conf": 0.958}, "geometry": {"type": "Point", "coordinates": [19.1418527, 47.5630953]}}, {"type": "Feature", "properties": {"code": "Lk-1/O-4", "reg": "xv-kesz", "conf": 0.957}, "geometry": {"type": "Point", "coordinates": [19.1243029, 47.5636431]}}, {"type": "Feature", "properties": {"code": "Ev-Ve-2", "reg": "xv-kesz", "conf": 0.955}, "geometry": {"type": "Point", "coordinates": [19.1422177, 47.5503259]}}, {"type": "Feature", "properties": {"code": "Lk-1/HZO-2", "reg": "xv-kesz", "conf": 0.954}, "geometry": {"type": "Point", "coordinates": [19.1262985, 47.5552147]}}, {"type": "Feature", "properties": {"code": "Zkp-Fk", "reg": "xv-kesz", "conf": 0.954}, "geometry": {"type": "Point", "coordinates": [19.1250751, 47.5508802]}}, {"type": "Feature", "properties": {"code": "Lk-1/HZO-2", "reg": "xv-kesz", "conf": 0.952}, "geometry": {"type": "Point", "coordinates": [19.1235606, 47.5575348]}}, {"type": "Feature", "properties": {"code": "Lk-2/HZT-2", "reg": "xv-kesz", "conf": 0.951}, "geometry": {"type": "Point", "coordinates": [19.1271892, 47.5521005]}}, {"type": "Feature", "properties": {"code": "Lke-1/O-1", "reg": "xv-kesz", "conf": 0.95}, "geometry": {"type": "Point", "coordinates": [19.1232789, 47.5605993]}}, {"type": "Feature", "properties": {"code": "Lk-1/HZT-2", "reg": "xv-kesz", "conf": 0.95}, "geometry": {"type": "Point", "coordinates": [19.1228854, 47.5505255]}}, {"type": "Feature", "properties": {"code": "Lk-1/AI/HZ-1", "reg": "xv-kesz", "conf": 0.949}, "geometry": {"type": "Point", "coordinates": [19.1252099, 47.5543502]}}, {"type": "Feature", "properties": {"code": "Lke-1/SZ-3", "reg": "xv-kesz", "conf": 0.948}, "geometry": {"type": "Point", "coordinates": [19.136804, 47.5634498]}}, {"type": "Feature", "properties": {"code": "Lke-1/HZ-4", "reg": "xv-kesz", "conf": 0.948}, "geometry": {"type": "Point", "coordinates": [19.1272136, 47.5567688]}}, {"type": "Feature", "properties": {"code": "Lke-1/HZ-4", "reg": "xv-kesz", "conf": 0.947}, "geometry": {"type": "Point", "coordinates": [19.124538, 47.5583125]}}, {"type": "Feature", "properties": {"code": "Lk-1/HZ-4", "reg": "xv-kesz", "conf": 0.946}, "geometry": {"type": "Point", "coordinates": [19.124825, 47.5545495]}}, {"type": "Feature", "properties": {"code": "Lk-1/SZ-1", "reg": "xv-kesz", "conf": 0.945}, "geometry": {"type": "Point", "coordinates": [19.1264632, 47.554245]}}, {"type": "Feature", "properties": {"code": "Lk-2/AI/SZ-1", "reg": "xv-kesz", "conf": 0.944}, "geometry": {"type": "Point", "coordinates": [19.1258478, 47.5510453]}}, {"type": "Feature", "properties": {"code": "Lke-1/HZT-1", "reg": "xv-kesz", "conf": 0.943}, "geometry": {"type": "Point", "coordinates": [19.1265349, 47.5598302]}}, {"type": "Feature", "properties": {"code": "Lke-1/O-3", "reg": "xv-kesz", "conf": 0.942}, "geometry": {"type": "Point", "coordinates": [19.1316519, 47.5633848]}}, {"type": "Feature", "properties": {"code": "Lk-1/HZ-12", "reg": "xv-kesz", "conf": 0.942}, "geometry": {"type": "Point", "coordinates": [19.1240221, 47.5577825]}}, {"type": "Feature", "properties": {"code": "Gksz-2/Z-1", "reg": "xv-kesz", "conf": 0.941}, "geometry": {"type": "Point", "coordinates": [19.1355777, 47.5610247]}}, {"type": "Feature", "properties": {"code": "Lk-1/HZ-G1", "reg": "xv-kesz", "conf": 0.941}, "geometry": {"type": "Point", "coordinates": [19.1266702, 47.5534216]}}, {"type": "Feature", "properties": {"code": "Lk-1/HZ-12", "reg": "xv-kesz", "conf": 0.94}, "geometry": {"type": "Point", "coordinates": [19.126896, 47.5561151]}}, {"type": "Feature", "properties": {"code": "Lke-1/HZ-4", "reg": "xv-kesz", "conf": 0.939}, "geometry": {"type": "Point", "coordinates": [19.1235871, 47.5590303]}}, {"type": "Feature", "properties": {"code": "Lk-2/HZ-2", "reg": "xv-kesz", "conf": 0.938}, "geometry": {"type": "Point", "coordinates": [19.1259173, 47.5504712]}}, {"type": "Feature", "properties": {"code": "Lke-1/SZ-1", "reg": "xv-kesz", "conf": 0.937}, "geometry": {"type": "Point", "coordinates": [19.1315623, 47.5597799]}}, {"type": "Feature", "properties": {"code": "Ek-TT1", "reg": "xv-kesz", "conf": 0.937}, "geometry": {"type": "Point", "coordinates": [19.1410386, 47.5572832]}}, {"type": "Feature", "properties": {"code": "Lke-1/IK-2", "reg": "xv-kesz", "conf": 0.935}, "geometry": {"type": "Point", "coordinates": [19.1244235, 47.5599556]}}, {"type": "Feature", "properties": {"code": "Lk-2/HZT-1", "reg": "xv-kesz", "conf": 0.934}, "geometry": {"type": "Point", "coordinates": [19.1294736, 47.5518297]}}, {"type": "Feature", "properties": {"code": "Lk-2/HZ-G1", "reg": "xv-kesz", "conf": 0.933}, "geometry": {"type": "Point", "coordinates": [19.1266846, 47.5521798]}}, {"type": "Feature", "properties": {"code": "Lke-1/HZ-4", "reg": "xv-kesz", "conf": 0.931}, "geometry": {"type": "Point", "coordinates": [19.1253548, 47.5578521]}}, {"type": "Feature", "properties": {"code": "Lke-1/SZ-1", "reg": "xv-kesz", "conf": 0.931}, "geometry": {"type": "Point", "coordinates": [19.1284671, 47.5593254]}}, {"type": "Feature", "properties": {"code": "Lk-2/SZ-6", "reg": "xv-kesz", "conf": 0.931}, "geometry": {"type": "Point", "coordinates": [19.1320261, 47.5510007]}}, {"type": "Feature", "properties": {"code": "Lk-1/O-3", "reg": "xv-kesz", "conf": 0.929}, "geometry": {"type": "Point", "coordinates": [19.1247653, 47.5634677]}}, {"type": "Feature", "properties": {"code": "Lk-1/O-4", "reg": "xv-kesz", "conf": 0.927}, "geometry": {"type": "Point", "coordinates": [19.1235408, 47.5636667]}}, {"type": "Feature", "properties": {"code": "Lke-1/HZT-1", "reg": "xv-kesz", "conf": 0.926}, "geometry": {"type": "Point", "coordinates": [19.1255334, 47.5605354]}}, {"type": "Feature", "properties": {"code": "Lk-T/TU-2", "reg": "xv-kesz", "conf": 0.925}, "geometry": {"type": "Point", "coordinates": [19.1231447, 47.5624791]}}, {"type": "Feature", "properties": {"code": "Lke-1/IK-2", "reg": "xv-kesz", "conf": 0.924}, "geometry": {"type": "Point", "coordinates": [19.1292441, 47.5599638]}}, {"type": "Feature", "properties": {"code": "Lk-1/HZT-2", "reg": "xv-kesz", "conf": 0.924}, "geometry": {"type": "Point", "coordinates": [19.125762, 47.5527558]}}, {"type": "Feature", "properties": {"code": "Lk-1/HZT-1", "reg": "xv-kesz", "conf": 0.923}, "geometry": {"type": "Point", "coordinates": [19.1227877, 47.558082]}}, {"type": "Feature", "properties": {"code": "Lk-1/HZ-9", "reg": "xv-kesz", "conf": 0.921}, "geometry": {"type": "Point", "coordinates": [19.1234585, 47.5518752]}}, {"type": "Feature", "properties": {"code": "Lk-2/HZ-G1", "reg": "xv-kesz", "conf": 0.921}, "geometry": {"type": "Point", "coordinates": [19.128685, 47.5538073]}}, {"type": "Feature", "properties": {"code": "Lk-2/SZ-6", "reg": "xv-kesz", "conf": 0.919}, "geometry": {"type": "Point", "coordinates": [19.1326665, 47.5515535]}}, {"type": "Feature", "properties": {"code": "Lk-2/SZ-6", "reg": "xv-kesz", "conf": 0.919}, "geometry": {"type": "Point", "coordinates": [19.132026, 47.5509984]}}, {"type": "Feature", "properties": {"code": "Lke-1/IK-2", "reg": "xv-kesz", "conf": 0.918}, "geometry": {"type": "Point", "coordinates": [19.1331111, 47.5610567]}}, {"type": "Feature", "properties": {"code": "Lk-2/HZ-1", "reg": "xv-kesz", "conf": 0.918}, "geometry": {"type": "Point", "coordinates": [19.1317211, 47.5533197]}}, {"type": "Feature", "properties": {"code": "Lk-2/SZ-5", "reg": "xv-kesz", "conf": 0.917}, "geometry": {"type": "Point", "coordinates": [19.1323724, 47.5517264]}}, {"type": "Feature", "properties": {"code": "Lk-1/SZ-G2", "reg": "xv-kesz", "conf": 0.916}, "geometry": {"type": "Point", "coordinates": [19.1241964, 47.5514938]}}, {"type": "Feature", "properties": {"code": "Lke-1/SZ-2", "reg": "xv-kesz", "conf": 0.915}, "geometry": {"type": "Point", "coordinates": [19.1286674, 47.560193]}}, {"type": "Feature", "properties": {"code": "Lk-1/HZ-12", "reg": "xv-kesz", "conf": 0.915}, "geometry": {"type": "Point", "coordinates": [19.1279951, 47.5554887]}}, {"type": "Feature", "properties": {"code": "Lk-2/HZT-1", "reg": "xv-kesz", "conf": 0.911}, "geometry": {"type": "Point", "coordinates": [19.1272079, 47.5509537]}}, {"type": "Feature", "properties": {"code": "Lke-1/IK-2", "reg": "xv-kesz", "conf": 0.907}, "geometry": {"type": "Point", "coordinates": [19.1252175, 47.5590093]}}, {"type": "Feature", "properties": {"code": "Lk-1/IK-2", "reg": "xv-kesz", "conf": 0.907}, "geometry": {"type": "Point", "coordinates": [19.1226829, 47.5510596]}}, {"type": "Feature", "properties": {"code": "Lk-2/HZ-1", "reg": "xv-kesz", "conf": 0.904}, "geometry": {"type": "Point", "coordinates": [19.13241, 47.5528732]}}, {"type": "Feature", "properties": {"code": "Lk-2/IK-2", "reg": "xv-kesz", "conf": 0.903}, "geometry": {"type": "Point", "coordinates": [19.128102, 47.5508248]}}, {"type": "Feature", "properties": {"code": "Lk-1/HZT-1", "reg": "xv-kesz", "conf": 0.899}, "geometry": {"type": "Point", "coordinates": [19.1230166, 47.5555939]}}, {"type": "Feature", "properties": {"code": "Lke-1/IK-2", "reg": "xv-kesz", "conf": 0.894}, "geometry": {"type": "Point", "coordinates": [19.1284373, 47.5604036]}}, {"type": "Feature", "properties": {"code": "Lk-1/HZ-12", "reg": "xv-kesz", "conf": 0.892}, "geometry": {"type": "Point", "coordinates": [19.1250221, 47.5572236]}}, {"type": "Feature", "properties": {"code": "Lke-1/IK-2", "reg": "xv-kesz", "conf": 0.888}, "geometry": {"type": "Point", "coordinates": [19.1284407, 47.5604013]}}, {"type": "Feature", "properties": {"code": "Lk-2/HZT-1", "reg": "xv-kesz", "conf": 0.887}, "geometry": {"type": "Point", "coordinates": [19.127202, 47.550956]}}, {"type": "Feature", "properties": {"code": "Lke-1/IK-2", "reg": "xv-kesz", "conf": 0.883}, "geometry": {"type": "Point", "coordinates": [19.125025, 47.5620554]}}, {"type": "Feature", "properties": {"code": "Lke-1/O-1", "reg": "xv-kesz", "conf": 0.877}, "geometry": {"type": "Point", "coordinates": [19.1289348, 47.5635348]}}, {"type": "Feature", "properties": {"code": "Lk-2/IK-2", "reg": "xv-kesz", "conf": 0.877}, "geometry": {"type": "Point", "coordinates": [19.1314511, 47.5521023]}}, {"type": "Feature", "properties": {"code": "Lk-1/HZ-4", "reg": "xv-kesz", "conf": 0.873}, "geometry": {"type": "Point", "coordinates": [19.1259914, 47.5538784]}}, {"type": "Feature", "properties": {"code": "Lk-2/HZ-1", "reg": "xv-kesz", "conf": 0.868}, "geometry": {"type": "Point", "coordinates": [19.1298555, 47.5543722]}}, {"type": "Feature", "properties": {"code": "Lke-1/SZ-1", "reg": "xv-kesz", "conf": 0.857}, "geometry": {"type": "Point", "coordinates": [19.1289346, 47.5617374]}}, {"type": "Feature", "properties": {"code": "Lk-2/HZ-1", "reg": "xv-kesz", "conf": 0.848}, "geometry": {"type": "Point", "coordinates": [19.1298605, 47.554371]}}, {"type": "Feature", "properties": {"code": "Lke-1/IK-2", "reg": "xv-kesz", "conf": 0.842}, "geometry": {"type": "Point", "coordinates": [19.1280849, 47.5574689]}}, {"type": "Feature", "properties": {"code": "Lke-1/IK-2", "reg": "xv-kesz", "conf": 0.831}, "geometry": {"type": "Point", "coordinates": [19.1265995, 47.5610341]}}, {"type": "Feature", "properties": {"code": "Lk-1/HZ-9", "reg": "xv-kesz", "conf": 0.791}, "geometry": {"type": "Point", "coordinates": [19.122906, 47.5515785]}}, {"type": "Feature", "properties": {"code": "Lk-1/HZT-1", "reg": "xv-kesz", "conf": 0.786}, "geometry": {"type": "Point", "coordinates": [19.1232592, 47.5531754]}}, {"type": "Feature", "properties": {"code": "Ln-T/TU-1", "reg": "xv-kesz", "conf": 0.998}, "geometry": {"type": "Point", "coordinates": [19.1143328, 47.5449629]}}, {"type": "Feature", "properties": {"code": "Ln-T/TU-1", "reg": "xv-kesz", "conf": 0.995}, "geometry": {"type": "Point", "coordinates": [19.1134807, 47.5460439]}}, {"type": "Feature", "properties": {"code": "ZFk/Lke", "reg": "xv-kesz", "conf": 0.995}, "geometry": {"type": "Point", "coordinates": [19.1141261, 47.5416583]}}, {"type": "Feature", "properties": {"code": "Ln-T/TU-2", "reg": "xv-kesz", "conf": 0.992}, "geometry": {"type": "Point", "coordinates": [19.1141449, 47.545489]}}, {"type": "Feature", "properties": {"code": "Ln-T/TU-1", "reg": "xv-kesz", "conf": 0.987}, "geometry": {"type": "Point", "coordinates": [19.1143245, 47.5468039]}}, {"type": "Feature", "properties": {"code": "Lk-1/HZ-4", "reg": "xv-kesz", "conf": 0.986}, "geometry": {"type": "Point", "coordinates": [19.1113851, 47.5506816]}}, {"type": "Feature", "properties": {"code": "Lke-1/HZ-1", "reg": "xv-kesz", "conf": 0.986}, "geometry": {"type": "Point", "coordinates": [19.105039, 47.544943]}}, {"type": "Feature", "properties": {"code": "Lk-1/HZ-4", "reg": "xv-kesz", "conf": 0.983}, "geometry": {"type": "Point", "coordinates": [19.1127243, 47.5504203]}}, {"type": "Feature", "properties": {"code": "Lk-1/HZ-4", "reg": "xv-kesz", "conf": 0.977}, "geometry": {"type": "Point", "coordinates": [19.1137751, 47.5494788]}}, {"type": "Feature", "properties": {"code": "Lke-1/HZT-4", "reg": "xv-kesz", "conf": 0.975}, "geometry": {"type": "Point", "coordinates": [19.1104682, 47.543908]}}, {"type": "Feature", "properties": {"code": "Lke-1/SZ-8", "reg": "xv-kesz", "conf": 0.97}, "geometry": {"type": "Point", "coordinates": [19.1122726, 47.5426654]}}, {"type": "Feature", "properties": {"code": "Lke-1/HZ-1", "reg": "xv-kesz", "conf": 0.97}, "geometry": {"type": "Point", "coordinates": [19.1116059, 47.5405091]}}, {"type": "Feature", "properties": {"code": "Lk-1/HZ-4", "reg": "xv-kesz", "conf": 0.969}, "geometry": {"type": "Point", "coordinates": [19.1074861, 47.5488686]}}, {"type": "Feature", "properties": {"code": "Zkp-Fk", "reg": "xv-kesz", "conf": 0.967}, "geometry": {"type": "Point", "coordinates": [19.1086783, 47.5426921]}}, {"type": "Feature", "properties": {"code": "Lke-1/IK-3", "reg": "xv-kesz", "conf": 0.967}, "geometry": {"type": "Point", "coordinates": [19.1121829, 47.5438512]}}, {"type": "Feature", "properties": {"code": "Lke-1/AI/SZ-5", "reg": "xv-kesz", "conf": 0.967}, "geometry": {"type": "Point", "coordinates": [19.1134876, 47.5409519]}}, {"type": "Feature", "properties": {"code": "Lk-1/HZ-1", "reg": "xv-kesz", "conf": 0.965}, "geometry": {"type": "Point", "coordinates": [19.1135307, 47.5508694]}}, {"type": "Feature", "properties": {"code": "Lke-1/HZT-4", "reg": "xv-kesz", "conf": 0.964}, "geometry": {"type": "Point", "coordinates": [19.1091201, 47.5436948]}}, {"type": "Feature", "properties": {"code": "Lke-1/SZ-7", "reg": "xv-kesz", "conf": 0.963}, "geometry": {"type": "Point", "coordinates": [19.1097069, 47.5467064]}}, {"type": "Feature", "properties": {"code": "Gksz-1/Z-2", "reg": "xv-kesz", "conf": 0.961}, "geometry": {"type": "Point", "coordinates": [19.1066773, 47.5477381]}}, {"type": "Feature", "properties": {"code": "Zkp-Fk", "reg": "xv-kesz", "conf": 0.96}, "geometry": {"type": "Point", "coordinates": [19.1143783, 47.5414318]}}, {"type": "Feature", "properties": {"code": "Lke-1/SZ-5", "reg": "xv-kesz", "conf": 0.959}, "geometry": {"type": "Point", "coordinates": [19.1072364, 47.5446618]}}, {"type": "Feature", "properties": {"code": "Lke-1/HZO-2", "reg": "xv-kesz", "conf": 0.955}, "geometry": {"type": "Point", "coordinates": [19.1065631, 47.5427479]}}, {"type": "Feature", "properties": {"code": "Lke-1/SZ-7", "reg": "xv-kesz", "conf": 0.954}, "geometry": {"type": "Point", "coordinates": [19.1124111, 47.5449546]}}, {"type": "Feature", "properties": {"code": "Lk-1/HZ-2", "reg": "xv-kesz", "conf": 0.953}, "geometry": {"type": "Point", "coordinates": [19.1125615, 47.549174]}}, {"type": "Feature", "properties": {"code": "Lk-1/HZT-3", "reg": "xv-kesz", "conf": 0.951}, "geometry": {"type": "Point", "coordinates": [19.1107804, 47.5465962]}}, {"type": "Feature", "properties": {"code": "Lk-1/HZ-8", "reg": "xv-kesz", "conf": 0.949}, "geometry": {"type": "Point", "coordinates": [19.1141684, 47.5507444]}}, {"type": "Feature", "properties": {"code": "Lk-1/HZ-14", "reg": "xv-kesz", "conf": 0.946}, "geometry": {"type": "Point", "coordinates": [19.1135011, 47.5480347]}}, {"type": "Feature", "properties": {"code": "Lk-1/HZ-4", "reg": "xv-kesz", "conf": 0.944}, "geometry": {"type": "Point", "coordinates": [19.1134262, 47.5471062]}}, {"type": "Feature", "properties": {"code": "Lke-1/SZ-7", "reg": "xv-kesz", "conf": 0.944}, "geometry": {"type": "Point", "coordinates": [19.1097735, 47.5441862]}}, {"type": "Feature", "properties": {"code": "Lke-1/SZ-5", "reg": "xv-kesz", "conf": 0.943}, "geometry": {"type": "Point", "coordinates": [19.108213, 47.5453303]}}, {"type": "Feature", "properties": {"code": "Lke-1/IK-4", "reg": "xv-kesz", "conf": 0.943}, "geometry": {"type": "Point", "coordinates": [19.1070248, 47.5415459]}}, {"type": "Feature", "properties": {"code": "Lk-1/HZ-4", "reg": "xv-kesz", "conf": 0.942}, "geometry": {"type": "Point", "coordinates": [19.1089404, 47.5510589]}}, {"type": "Feature", "properties": {"code": "Lke-1/SZ-5", "reg": "xv-kesz", "conf": 0.942}, "geometry": {"type": "Point", "coordinates": [19.1076383, 47.5443483]}}, {"type": "Feature", "properties": {"code": "Lke-1/SZ-5", "reg": "xv-kesz", "conf": 0.942}, "geometry": {"type": "Point", "coordinates": [19.1069535, 47.5408953]}}, {"type": "Feature", "properties": {"code": "Lk-1/HZ-4", "reg": "xv-kesz", "conf": 0.941}, "geometry": {"type": "Point", "coordinates": [19.1088516, 47.5479944]}}, {"type": "Feature", "properties": {"code": "Lke-1/SZ-6", "reg": "xv-kesz", "conf": 0.941}, "geometry": {"type": "Point", "coordinates": [19.1141063, 47.5403136]}}, {"type": "Feature", "properties": {"code": "Lk-1/HZ-2", "reg": "xv-kesz", "conf": 0.94}, "geometry": {"type": "Point", "coordinates": [19.1078001, 47.5499388]}}, {"type": "Feature", "properties": {"code": "Lk-1/HZ-1", "reg": "xv-kesz", "conf": 0.94}, "geometry": {"type": "Point", "coordinates": [19.1118868, 47.5509547]}}, {"type": "Feature", "properties": {"code": "Lk-1/HZ-4", "reg": "xv-kesz", "conf": 0.94}, "geometry": {"type": "Point", "coordinates": [19.111112, 47.5502346]}}, {"type": "Feature", "properties": {"code": "Lke-1/HZO-1", "reg": "xv-kesz", "conf": 0.94}, "geometry": {"type": "Point", "coordinates": [19.1135065, 47.5377799]}}, {"type": "Feature", "properties": {"code": "Lke-1/SZ-5", "reg": "xv-kesz", "conf": 0.935}, "geometry": {"type": "Point", "coordinates": [19.1090735, 47.5459131]}}, {"type": "Feature", "properties": {"code": "Lk-1/HZ-4", "reg": "xv-kesz", "conf": 0.933}, "geometry": {"type": "Point", "coordinates": [19.1143274, 47.5480697]}}, {"type": "Feature", "properties": {"code": "Lke-1/IK-3", "reg": "xv-kesz", "conf": 0.931}, "geometry": {"type": "Point", "coordinates": [19.1129455, 47.5441676]}}, {"type": "Feature", "properties": {"code": "Lke-1/IK-5", "reg": "xv-kesz", "conf": 0.931}, "geometry": {"type": "Point", "coordinates": [19.1142857, 47.5432225]}}, {"type": "Feature", "properties": {"code": "Lke-1/IK-3", "reg": "xv-kesz", "conf": 0.93}, "geometry": {"type": "Point", "coordinates": [19.1086059, 47.5461809]}}, {"type": "Feature", "properties": {"code": "Lke-1/SZ-5", "reg": "xv-kesz", "conf": 0.929}, "geometry": {"type": "Point", "coordinates": [19.1095445, 47.5422927]}}, {"type": "Feature", "properties": {"code": "Lke-1/IK-6", "reg": "xv-kesz", "conf": 0.924}, "geometry": {"type": "Point", "coordinates": [19.1070166, 47.5470896]}}, {"type": "Feature", "properties": {"code": "Lk-1/HZ-2", "reg": "xv-kesz", "conf": 0.922}, "geometry": {"type": "Point", "coordinates": [19.10925, 47.5493298]}}, {"type": "Feature", "properties": {"code": "Lke-1/SZ-5", "reg": "xv-kesz", "conf": 0.921}, "geometry": {"type": "Point", "coordinates": [19.1054136, 47.5442727]}}, {"type": "Feature", "properties": {"code": "Lke-1/AI/SZ-5", "reg": "xv-kesz", "conf": 0.921}, "geometry": {"type": "Point", "coordinates": [19.113828, 47.54144]}}, {"type": "Feature", "properties": {"code": "Gksz-1/Z-3", "reg": "xv-kesz", "conf": 0.919}, "geometry": {"type": "Point", "coordinates": [19.1056185, 47.5474241]}}, {"type": "Feature", "properties": {"code": "Lke-1/HZT-4", "reg": "xv-kesz", "conf": 0.917}, "geometry": {"type": "Point", "coordinates": [19.1108764, 47.5448855]}}, {"type": "Feature", "properties": {"code": "Lk-1/HZT-3", "reg": "xv-kesz", "conf": 0.915}, "geometry": {"type": "Point", "coordinates": [19.1113523, 47.5462986]}}, {"type": "Feature", "properties": {"code": "Lke-1/HZO-1", "reg": "xv-kesz", "conf": 0.915}, "geometry": {"type": "Point", "coordinates": [19.1123071, 47.5399267]}}, {"type": "Feature", "properties": {"code": "Lke-1/IK-3", "reg": "xv-kesz", "conf": 0.912}, "geometry": {"type": "Point", "coordinates": [19.1076328, 47.5456622]}}, {"type": "Feature", "properties": {"code": "Lke-1/SZ-5", "reg": "xv-kesz", "conf": 0.911}, "geometry": {"type": "Point", "coordinates": [19.1055493, 47.5436529]}}, {"type": "Feature", "properties": {"code": "Lk-1/HZ-4", "reg": "xv-kesz", "conf": 0.905}, "geometry": {"type": "Point", "coordinates": [19.112569, 47.5499779]}}, {"type": "Feature", "properties": {"code": "Lke-1/SZ-1", "reg": "xv-kesz", "conf": 0.904}, "geometry": {"type": "Point", "coordinates": [19.1134685, 47.5420279]}}, {"type": "Feature", "properties": {"code": "Lke-1/IK-4", "reg": "xv-kesz", "conf": 0.903}, "geometry": {"type": "Point", "coordinates": [19.1101086, 47.5444113]}}, {"type": "Feature", "properties": {"code": "Lke-1/IK-3", "reg": "xv-kesz", "conf": 0.9}, "geometry": {"type": "Point", "coordinates": [19.1090993, 47.5447262]}}, {"type": "Feature", "properties": {"code": "Lke-1/IK-7", "reg": "xv-kesz", "conf": 0.898}, "geometry": {"type": "Point", "coordinates": [19.1108722, 47.5458209]}}, {"type": "Feature", "properties": {"code": "Lke-1/AI/SZ-3", "reg": "xv-kesz", "conf": 0.894}, "geometry": {"type": "Point", "coordinates": [19.1081796, 47.547328]}}, {"type": "Feature", "properties": {"code": "Lke-1/IK-2", "reg": "xv-kesz", "conf": 0.894}, "geometry": {"type": "Point", "coordinates": [19.1142726, 47.5400653]}}, {"type": "Feature", "properties": {"code": "Lke-1/SZ-7", "reg": "xv-kesz", "conf": 0.89}, "geometry": {"type": "Point", "coordinates": [19.1135126, 47.5442314]}}, {"type": "Feature", "properties": {"code": "Lke-1/IK-3", "reg": "xv-kesz", "conf": 0.889}, "geometry": {"type": "Point", "coordinates": [19.1105564, 47.5427862]}}, {"type": "Feature", "properties": {"code": "Lke-1/IK-4", "reg": "xv-kesz", "conf": 0.888}, "geometry": {"type": "Point", "coordinates": [19.1080065, 47.5422888]}}, {"type": "Feature", "properties": {"code": "Lk-1/HZ-12", "reg": "xv-kesz", "conf": 0.886}, "geometry": {"type": "Point", "coordinates": [19.1143198, 47.5489388]}}, {"type": "Feature", "properties": {"code": "Lke-1/IK-3", "reg": "xv-kesz", "conf": 0.886}, "geometry": {"type": "Point", "coordinates": [19.1077631, 47.5411305]}}, {"type": "Feature", "properties": {"code": "Lke-1/HZ-7", "reg": "xv-kesz", "conf": 0.885}, "geometry": {"type": "Point", "coordinates": [19.1103408, 47.5461893]}}, {"type": "Feature", "properties": {"code": "Lke-1/HZ-1", "reg": "xv-kesz", "conf": 0.877}, "geometry": {"type": "Point", "coordinates": [19.1099624, 47.5393217]}}, {"type": "Feature", "properties": {"code": "Lke-1/IK-3", "reg": "xv-kesz", "conf": 0.873}, "geometry": {"type": "Point", "coordinates": [19.108651, 47.5440563]}}, {"type": "Feature", "properties": {"code": "Lke-1/HZ-8", "reg": "xv-kesz", "conf": 0.853}, "geometry": {"type": "Point", "coordinates": [19.1094443, 47.5465533]}}, {"type": "Feature", "properties": {"code": "Lke-1/SZ-1", "reg": "xv-kesz", "conf": 0.838}, "geometry": {"type": "Point", "coordinates": [19.1141001, 47.5426051]}}, {"type": "Feature", "properties": {"code": "ZKp/Ln-T", "reg": "xv-kesz", "conf": 0.999}, "geometry": {"type": "Point", "coordinates": [19.1257914, 47.5421991]}}, {"type": "Feature", "properties": {"code": "Ln-T/TU-1", "reg": "xv-kesz", "conf": 0.998}, "geometry": {"type": "Point", "coordinates": [19.1328458, 47.5493829]}}, {"type": "Feature", "properties": {"code": "Ln-T/TU-1", "reg": "xv-kesz", "conf": 0.997}, "geometry": {"type": "Point", "coordinates": [19.1240312, 47.542596]}}, {"type": "Feature", "properties": {"code": "Ln-T/TU-1", "reg": "xv-kesz", "conf": 0.996}, "geometry": {"type": "Point", "coordinates": [19.1155169, 47.5476081]}}, {"type": "Feature", "properties": {"code": "ZFk/Lke", "reg": "xv-kesz", "conf": 0.996}, "geometry": {"type": "Point", "coordinates": [19.1141538, 47.5416424]}}, {"type": "Feature", "properties": {"code": "Ln-T/TU-1", "reg": "xv-kesz", "conf": 0.995}, "geometry": {"type": "Point", "coordinates": [19.1135133, 47.546025]}}, {"type": "Feature", "properties": {"code": "Lk-T/TU-1", "reg": "xv-kesz", "conf": 0.994}, "geometry": {"type": "Point", "coordinates": [19.1213545, 47.5399462]}}, {"type": "Feature", "properties": {"code": "Vi-2/SZ-V1", "reg": "xv-kesz", "conf": 0.994}, "geometry": {"type": "Point", "coordinates": [19.1248394, 47.5390243]}}, {"type": "Feature", "properties": {"code": "Ln-T/TU-1", "reg": "xv-kesz", "conf": 0.993}, "geometry": {"type": "Point", "coordinates": [19.1143704, 47.5449447]}}, {"type": "Feature", "properties": {"code": "Ln-T/TU-1", "reg": "xv-kesz", "conf": 0.993}, "geometry": {"type": "Point", "coordinates": [19.1327759, 47.5437356]}}, {"type": "Feature", "properties": {"code": "Ln-T/TU-1", "reg": "xv-kesz", "conf": 0.992}, "geometry": {"type": "Point", "coordinates": [19.1166927, 47.5469885]}}, {"type": "Feature", "properties": {"code": "Ln-T/TU-2", "reg": "xv-kesz", "conf": 0.992}, "geometry": {"type": "Point", "coordinates": [19.1141691, 47.5454721]}}, {"type": "Feature", "properties": {"code": "Zkp-Kk/1", "reg": "xv-kesz", "conf": 0.992}, "geometry": {"type": "Point", "coordinates": [19.1210592, 47.5419138]}}, {"type": "Feature", "properties": {"code": "Vi-2/SZ-V1", "reg": "xv-kesz", "conf": 0.99}, "geometry": {"type": "Point", "coordinates": [19.126545, 47.5380796]}}, {"type": "Feature", "properties": {"code": "Ln-T/TU-1", "reg": "xv-kesz", "conf": 0.989}, "geometry": {"type": "Point", "coordinates": [19.1323628, 47.5482244]}}, {"type": "Feature", "properties": {"code": "Ln-T/TU-1", "reg": "xv-kesz", "conf": 0.989}, "geometry": {"type": "Point", "coordinates": [19.1143543, 47.5467875]}}, {"type": "Feature", "properties": {"code": "Lk-T/TU-1", "reg": "xv-kesz", "conf": 0.989}, "geometry": {"type": "Point", "coordinates": [19.1232062, 47.5412513]}}, {"type": "Feature", "properties": {"code": "Lke-1/HZ-2", "reg": "xv-kesz", "conf": 0.989}, "geometry": {"type": "Point", "coordinates": [19.1280672, 47.5384378]}}, {"type": "Feature", "properties": {"code": "Zkp-Fk", "reg": "xv-kesz", "conf": 0.986}, "geometry": {"type": "Point", "coordinates": [19.1278458, 47.543996]}}, {"type": "Feature", "properties": {"code": "ZKp/Lk", "reg": "xv-kesz", "conf": 0.985}, "geometry": {"type": "Point", "coordinates": [19.1180764, 47.5444551]}}, {"type": "Feature", "properties": {"code": "Lk-T/TU-1", "reg": "xv-kesz", "conf": 0.985}, "geometry": {"type": "Point", "coordinates": [19.1221464, 47.5405474]}}, {"type": "Feature", "properties": {"code": "Lke-1/O-1", "reg": "xv-kesz", "conf": 0.984}, "geometry": {"type": "Point", "coordinates": [19.1326252, 47.5456265]}}, {"type": "Feature", "properties": {"code": "Ln-T/AI/SZ-K1", "reg": "xv-kesz", "conf": 0.983}, "geometry": {"type": "Point", "coordinates": [19.131204, 47.5490281]}}, {"type": "Feature", "properties": {"code": "Lke-1/O-2", "reg": "xv-kesz", "conf": 0.983}, "geometry": {"type": "Point", "coordinates": [19.1311005, 47.5483876]}}, {"type": "Feature", "properties": {"code": "Lk-1/HZ-4", "reg": "xv-kesz", "conf": 0.982}, "geometry": {"type": "Point", "coordinates": [19.1138058, 47.5494622]}}, {"type": "Feature", "properties": {"code": "Ln-T/AI/SZ-N1", "reg": "xv-kesz", "conf": 0.982}, "geometry": {"type": "Point", "coordinates": [19.1251863, 47.5428778]}}, {"type": "Feature", "properties": {"code": "Zkp-Fk", "reg": "xv-kesz", "conf": 0.98}, "geometry": {"type": "Point", "coordinates": [19.1250675, 47.5509011]}}, {"type": "Feature", "properties": {"code": "Lke-1/O-1", "reg": "xv-kesz", "conf": 0.979}, "geometry": {"type": "Point", "coordinates": [19.1265819, 47.5454667]}}, {"type": "Feature", "properties": {"code": "Lke-1/AI/SZ-4", "reg": "xv-kesz", "conf": 0.978}, "geometry": {"type": "Point", "coordinates": [19.125055, 47.5404037]}}, {"type": "Feature", "properties": {"code": "Lke-1/HZ-2", "reg": "xv-kesz", "conf": 0.978}, "geometry": {"type": "Point", "coordinates": [19.1299479, 47.5412071]}}, {"type": "Feature", "properties": {"code": "Lk-2/SZ-MT1", "reg": "xv-kesz", "conf": 0.977}, "geometry": {"type": "Point", "coordinates": [19.1195381, 47.54617]}}, {"type": "Feature", "properties": {"code": "Lke-1/AI/SZ-5", "reg": "xv-kesz", "conf": 0.977}, "geometry": {"type": "Point", "coordinates": [19.1135216, 47.5409348]}}, {"type": "Feature", "properties": {"code": "Lk-2/IK-3", "reg": "xv-kesz", "conf": 0.976}, "geometry": {"type": "Point", "coordinates": [19.1259161, 47.5473419]}}, {"type": "Feature", "properties": {"code": "Lk-2/SZ-T1", "reg": "xv-kesz", "conf": 0.976}, "geometry": {"type": "Point", "coordinates": [19.1219029, 47.5384668]}}, {"type": "Feature", "properties": {"code": "Lke-1/SZ-2", "reg": "xv-kesz", "conf": 0.974}, "geometry": {"type": "Point", "coordinates": [19.1300331, 47.5482636]}}, {"type": "Feature", "properties": {"code": "Lke-1/SZ-2", "reg": "xv-kesz", "conf": 0.974}, "geometry": {"type": "Point", "coordinates": [19.1228721, 47.5381356]}}, {"type": "Feature", "properties": {"code": "Lk-1/HZO-2", "reg": "xv-kesz", "conf": 0.973}, "geometry": {"type": "Point", "coordinates": [19.1188493, 47.5496695]}}, {"type": "Feature", "properties": {"code": "Lk-2/SZ-MT1", "reg": "xv-kesz", "conf": 0.973}, "geometry": {"type": "Point", "coordinates": [19.1171416, 47.5427867]}}, {"type": "Feature", "properties": {"code": "Lk-2/SZ-MT2", "reg": "xv-kesz", "conf": 0.973}, "geometry": {"type": "Point", "coordinates": [19.1189276, 47.5440393]}}, {"type": "Feature", "properties": {"code": "Lke-1/HZ-2", "reg": "xv-kesz", "conf": 0.973}, "geometry": {"type": "Point", "coordinates": [19.1304437, 47.5419263]}}, {"type": "Feature", "properties": {"code": "Lk-2/SZ-MT1", "reg": "xv-kesz", "conf": 0.972}, "geometry": {"type": "Point", "coordinates": [19.1223015, 47.544425]}}, {"type": "Feature", "properties": {"code": "Lke-1/HZ-1", "reg": "xv-kesz", "conf": 0.972}, "geometry": {"type": "Point", "coordinates": [19.1297665, 47.5390556]}}, {"type": "Feature", "properties": {"code": "Lk-2/SZ-MT1", "reg": "xv-kesz", "conf": 0.971}, "geometry": {"type": "Point", "coordinates": [19.1211781, 47.5439956]}}, {"type": "Feature", "properties": {"code": "Lk-2/SZ-MT1", "reg": "xv-kesz", "conf": 0.971}, "geometry": {"type": "Point", "coordinates": [19.1199639, 47.5423492]}}, {"type": "Feature", "properties": {"code": "Ln-T/AI/SZ-N3", "reg": "xv-kesz", "conf": 0.97}, "geometry": {"type": "Point", "coordinates": [19.1159087, 47.5460476]}}, {"type": "Feature", "properties": {"code": "Ln-T/AI/SZ-N3", "reg": "xv-kesz", "conf": 0.97}, "geometry": {"type": "Point", "coordinates": [19.1149434, 47.5454568]}}, {"type": "Feature", "properties": {"code": "Lk-2/SZ-MT1", "reg": "xv-kesz", "conf": 0.97}, "geometry": {"type": "Point", "coordinates": [19.1188317, 47.5416235]}}, {"type": "Feature", "properties": {"code": "Lke-1/HZ-2", "reg": "xv-kesz", "conf": 0.968}, "geometry": {"type": "Point", "coordinates": [19.1261916, 47.5456603]}}, {"type": "Feature", "properties": {"code": "Lke-1/HZ-3", "reg": "xv-kesz", "conf": 0.967}, "geometry": {"type": "Point", "coordinates": [19.1287705, 47.5394257]}}, {"type": "Feature", "properties": {"code": "Lke-1/HZT-3", "reg": "xv-kesz", "conf": 0.966}, "geometry": {"type": "Point", "coordinates": [19.1245365, 47.5441308]}}, {"type": "Feature", "properties": {"code": "Lke-1/SZ-2", "reg": "xv-kesz", "conf": 0.966}, "geometry": {"type": "Point", "coordinates": [19.1284003, 47.5445013]}}, {"type": "Feature", "properties": {"code": "Zkp-Fk", "reg": "xv-kesz", "conf": 0.966}, "geometry": {"type": "Point", "coordinates": [19.1144009, 47.5414147]}}, {"type": "Feature", "properties": {"code": "Lk-2/AI/SZ-N1", "reg": "xv-kesz", "conf": 0.965}, "geometry": {"type": "Point", "coordinates": [19.1291809, 47.5504192]}}, {"type": "Feature", "properties": {"code": "Lk-2/SZ-MT1", "reg": "xv-kesz", "conf": 0.965}, "geometry": {"type": "Point", "coordinates": [19.1172053, 47.5451134]}}, {"type": "Feature", "properties": {"code": "Lk-2/SZ-MT5", "reg": "xv-kesz", "conf": 0.964}, "geometry": {"type": "Point", "coordinates": [19.1203736, 47.5453138]}}, {"type": "Feature", "properties": {"code": "Lk-2/SZ-T3", "reg": "xv-kesz", "conf": 0.964}, "geometry": {"type": "Point", "coordinates": [19.1285521, 47.5472762]}}, {"type": "Feature", "properties": {"code": "Lke-1/AI/HZ-1", "reg": "xv-kesz", "conf": 0.964}, "geometry": {"type": "Point", "coordinates": [19.1302429, 47.5415398]}}, {"type": "Feature", "properties": {"code": "Lk-2/SZ-T5", "reg": "xv-kesz", "conf": 0.963}, "geometry": {"type": "Point", "coordinates": [19.130005, 47.5499108]}}, {"type": "Feature", "properties": {"code": "Lk-2/SZ-6", "reg": "xv-kesz", "conf": 0.963}, "geometry": {"type": "Point", "coordinates": [19.1257159, 47.5461307]}}, {"type": "Feature", "properties": {"code": "Lk-2/SZ-3", "reg": "xv-kesz", "conf": 0.962}, "geometry": {"type": "Point", "coordinates": [19.1275969, 47.5466694]}}, {"type": "Feature", "properties": {"code": "Lke-1/HZ-2", "reg": "xv-kesz", "conf": 0.962}, "geometry": {"type": "Point", "coordinates": [19.1157275, 47.5377683]}}, {"type": "Feature", "properties": {"code": "Lke-1/HZ-2", "reg": "xv-kesz", "conf": 0.962}, "geometry": {"type": "Point", "coordinates": [19.1274989, 47.5376786]}}, {"type": "Feature", "properties": {"code": "Lke-1/HZT-3", "reg": "xv-kesz", "conf": 0.961}, "geometry": {"type": "Point", "coordinates": [19.1326623, 47.5431626]}}, {"type": "Feature", "properties": {"code": "Lke-1/HZ-2", "reg": "xv-kesz", "conf": 0.961}, "geometry": {"type": "Point", "coordinates": [19.1175816, 47.5383316]}}, {"type": "Feature", "properties": {"code": "Lk-1/HZ-13", "reg": "xv-kesz", "conf": 0.96}, "geometry": {"type": "Point", "coordinates": [19.1177872, 47.5509571]}}, {"type": "Feature", "properties": {"code": "Lk-1/HZ-14", "reg": "xv-kesz", "conf": 0.96}, "geometry": {"type": "Point", "coordinates": [19.1135345, 47.5480188]}}, {"type": "Feature", "properties": {"code": "Lke-1/HZ-1", "reg": "xv-kesz", "conf": 0.959}, "geometry": {"type": "Point", "coordinates": [19.1240986, 47.5376578]}}, {"type": "Feature", "properties": {"code": "Lke-1/HZO-2", "reg": "xv-kesz", "conf": 0.957}, "geometry": {"type": "Point", "coordinates": [19.1287829, 47.5423746]}}, {"type": "Feature", "properties": {"code": "Lke-1/SZ-2", "reg": "xv-kesz", "conf": 0.956}, "geometry": {"type": "Point", "coordinates": [19.1302759, 47.5460592]}}, {"type": "Feature", "properties": {"code": "Lke-1/HZ-2", "reg": "xv-kesz", "conf": 0.956}, "geometry": {"type": "Point", "coordinates": [19.1184426, 47.538883]}}, {"type": "Feature", "properties": {"code": "Lke-1/SZ-7", "reg": "xv-kesz", "conf": 0.955}, "geometry": {"type": "Point", "coordinates": [19.130145, 47.5451316]}}, {"type": "Feature", "properties": {"code": "Lke-1/HZ-2", "reg": "xv-kesz", "conf": 0.955}, "geometry": {"type": "Point", "coordinates": [19.1283565, 47.543251]}}, {"type": "Feature", "properties": {"code": "Lke-1/SZ-6", "reg": "xv-kesz", "conf": 0.955}, "geometry": {"type": "Point", "coordinates": [19.114949, 47.5408607]}}, {"type": "Feature", "properties": {"code": "Lke-1/SZ-2", "reg": "xv-kesz", "conf": 0.954}, "geometry": {"type": "Point", "coordinates": [19.1323612, 47.545796]}}, {"type": "Feature", "properties": {"code": "Lke-1/SZ-2", "reg": "xv-kesz", "conf": 0.954}, "geometry": {"type": "Point", "coordinates": [19.1320338, 47.5401946]}}, {"type": "Feature", "properties": {"code": "Lk-1/HZ-1", "reg": "xv-kesz", "conf": 0.953}, "geometry": {"type": "Point", "coordinates": [19.1135636, 47.5508533]}}, {"type": "Feature", "properties": {"code": "Lk-2/SZ-MT1", "reg": "xv-kesz", "conf": 0.953}, "geometry": {"type": "Point", "coordinates": [19.118302, 47.545759]}}, {"type": "Feature", "properties": {"code": "Lk-T/AI/SZ-N1", "reg": "xv-kesz", "conf": 0.953}, "geometry": {"type": "Point", "coordinates": [19.119787, 47.5409961]}}, {"type": "Feature", "properties": {"code": "Lke-1/HZ-2", "reg": "xv-kesz", "conf": 0.952}, "geometry": {"type": "Point", "coordinates": [19.1286532, 47.5435803]}}, {"type": "Feature", "properties": {"code": "Lke-1/SZ-2", "reg": "xv-kesz", "conf": 0.952}, "geometry": {"type": "Point", "coordinates": [19.1311789, 47.5403759]}}, {"type": "Feature", "properties": {"code": "Lk-1/HZ-8", "reg": "xv-kesz", "conf": 0.951}, "geometry": {"type": "Point", "coordinates": [19.1142014, 47.5507294]}}, {"type": "Feature", "properties": {"code": "Lk-1/HZ-9", "reg": "xv-kesz", "conf": 0.951}, "geometry": {"type": "Point", "coordinates": [19.1202026, 47.550864]}}, {"type": "Feature", "properties": {"code": "Lk-2/AI/SZ-1", "reg": "xv-kesz", "conf": 0.951}, "geometry": {"type": "Point", "coordinates": [19.1258387, 47.551063]}}, {"type": "Feature", "properties": {"code": "Lk-2/IK-3", "reg": "xv-kesz", "conf": 0.951}, "geometry": {"type": "Point", "coordinates": [19.1254401, 47.5476282]}}, {"type": "Feature", "properties": {"code": "Lk-2/HZ-2", "reg": "xv-kesz", "conf": 0.951}, "geometry": {"type": "Point", "coordinates": [19.1203739, 47.5467952]}}, {"type": "Feature", "properties": {"code": "Lk-2/SZ-MT1", "reg": "xv-kesz", "conf": 0.951}, "geometry": {"type": "Point", "coordinates": [19.120389, 47.5430444]}}, {"type": "Feature", "properties": {"code": "Lk-2/SZ-6", "reg": "xv-kesz", "conf": 0.949}, "geometry": {"type": "Point", "coordinates": [19.1301072, 47.5495367]}}, {"type": "Feature", "properties": {"code": "Lk-1/HZ-4", "reg": "xv-kesz", "conf": 0.948}, "geometry": {"type": "Point", "coordinates": [19.1162394, 47.5503644]}}, {"type": "Feature", "properties": {"code": "Lk-2/SZ-MT1", "reg": "xv-kesz", "conf": 0.948}, "geometry": {"type": "Point", "coordinates": [19.1168119, 47.5480156]}}, {"type": "Feature", "properties": {"code": "Lke-1/AI/SZ-5", "reg": "xv-kesz", "conf": 0.948}, "geometry": {"type": "Point", "coordinates": [19.1138573, 47.541427]}}, {"type": "Feature", "properties": {"code": "Lke-1/HZO-3", "reg": "xv-kesz", "conf": 0.948}, "geometry": {"type": "Point", "coordinates": [19.1263826, 47.5399442]}}, {"type": "Feature", "properties": {"code": "Lke-1/HZ-2", "reg": "xv-kesz", "conf": 0.948}, "geometry": {"type": "Point", "coordinates": [19.1291869, 47.5411172]}}, {"type": "Feature", "properties": {"code": "Lk-1/HZ-4", "reg": "xv-kesz", "conf": 0.947}, "geometry": {"type": "Point", "coordinates": [19.114356, 47.5480537]}}, {"type": "Feature", "properties": {"code": "Lk-2/SZ-MT1", "reg": "xv-kesz", "conf": 0.947}, "geometry": {"type": "Point", "coordinates": [19.1168204, 47.5480168]}}, {"type": "Feature", "properties": {"code": "Lk-2/HZ-G1", "reg": "xv-kesz", "conf": 0.947}, "geometry": {"type": "Point", "coordinates": [19.1209476, 47.5478323]}}, {"type": "Feature", "properties": {"code": "Lke-1/HZO-3", "reg": "xv-kesz", "conf": 0.947}, "geometry": {"type": "Point", "coordinates": [19.1263886, 47.5419677]}}, {"type": "Feature", "properties": {"code": "Lke-1/SZ-7", "reg": "xv-kesz", "conf": 0.947}, "geometry": {"type": "Point", "coordinates": [19.1169068, 47.538463]}}, {"type": "Feature", "properties": {"code": "Lk-2/SZ-MT4", "reg": "xv-kesz", "conf": 0.946}, "geometry": {"type": "Point", "coordinates": [19.1160007, 47.5443203]}}, {"type": "Feature", "properties": {"code": "Lke-1/AI/SZ-5", "reg": "xv-kesz", "conf": 0.946}, "geometry": {"type": "Point", "coordinates": [19.1191349, 47.5405286]}}, {"type": "Feature", "properties": {"code": "Lke-1/HZ-1", "reg": "xv-kesz", "conf": 0.946}, "geometry": {"type": "Point", "coordinates": [19.1326313, 47.5388422]}}, {"type": "Feature", "properties": {"code": "Ln-T/AI/SZ-N4", "reg": "xv-kesz", "conf": 0.945}, "geometry": {"type": "Point", "coordinates": [19.1324616, 47.5503211]}}, {"type": "Feature", "properties": {"code": "Lke-1/HZ-2", "reg": "xv-kesz", "conf": 0.945}, "geometry": {"type": "Point", "coordinates": [19.1281007, 47.5395611]}}, {"type": "Feature", "properties": {"code": "Lk-2/SZ-4", "reg": "xv-kesz", "conf": 0.944}, "geometry": {"type": "Point", "coordinates": [19.11732, 47.5478186]}}, {"type": "Feature", "properties": {"code": "Lk-2/HZT-2", "reg": "xv-kesz", "conf": 0.944}, "geometry": {"type": "Point", "coordinates": [19.1214407, 47.5477027]}}, {"type": "Feature", "properties": {"code": "Lk-2/SZ-MT3", "reg": "xv-kesz", "conf": 0.944}, "geometry": {"type": "Point", "coordinates": [19.1197482, 47.5446462]}}, {"type": "Feature", "properties": {"code": "Lke-1/HZ-2", "reg": "xv-kesz", "conf": 0.944}, "geometry": {"type": "Point", "coordinates": [19.1281533, 47.5385933]}}, {"type": "Feature", "properties": {"code": "Vi-2/SZ-V2", "reg": "xv-kesz", "conf": 0.943}, "geometry": {"type": "Point", "coordinates": [19.1238897, 47.540043]}}, {"type": "Feature", "properties": {"code": "Lke-1/SZ-2", "reg": "xv-kesz", "conf": 0.942}, "geometry": {"type": "Point", "coordinates": [19.1190694, 47.5387488]}}, {"type": "Feature", "properties": {"code": "Lk-1/HZ-9", "reg": "xv-kesz", "conf": 0.941}, "geometry": {"type": "Point", "coordinates": [19.1176263, 47.5502262]}}, {"type": "Feature", "properties": {"code": "Lk-2/HZT-2", "reg": "xv-kesz", "conf": 0.941}, "geometry": {"type": "Point", "coordinates": [19.1214407, 47.5477027]}}, {"type": "Feature", "properties": {"code": "Lk-2/SZ-5", "reg": "xv-kesz", "conf": 0.941}, "geometry": {"type": "Point", "coordinates": [19.1289484, 47.5490684]}}, {"type": "Feature", "properties": {"code": "Lke-1/HZ-1", "reg": "xv-kesz", "conf": 0.941}, "geometry": {"type": "Point", "coordinates": [19.1311828, 47.5407282]}}, {"type": "Feature", "properties": {"code": "Lke-1/HZ-2", "reg": "xv-kesz", "conf": 0.941}, "geometry": {"type": "Point", "coordinates": [19.1286624, 47.5403843]}}, {"type": "Feature", "properties": {"code": "Lke-1/SZ-7", "reg": "xv-kesz", "conf": 0.94}, "geometry": {"type": "Point", "coordinates": [19.1192624, 47.5401374]}}, {"type": "Feature", "properties": {"code": "Lk-2/HZ-2", "reg": "xv-kesz", "conf": 0.939}, "geometry": {"type": "Point", "coordinates": [19.1211593, 47.5462468]}}, {"type": "Feature", "properties": {"code": "Lke-1/SZ-2", "reg": "xv-kesz", "conf": 0.939}, "geometry": {"type": "Point", "coordinates": [19.1295367, 47.5471521]}}, {"type": "Feature", "properties": {"code": "Lke-1/IK-5", "reg": "xv-kesz", "conf": 0.939}, "geometry": {"type": "Point", "coordinates": [19.1143125, 47.5432049]}}, {"type": "Feature", "properties": {"code": "Lke-1/HZ-1", "reg": "xv-kesz", "conf": 0.939}, "geometry": {"type": "Point", "coordinates": [19.1300899, 47.5379401]}}, {"type": "Feature", "properties": {"code": "Lk-2/HZT-1", "reg": "xv-kesz", "conf": 0.938}, "geometry": {"type": "Point", "coordinates": [19.1251108, 47.5493019]}}, {"type": "Feature", "properties": {"code": "Lke-1/HZO-2", "reg": "xv-kesz", "conf": 0.938}, "geometry": {"type": "Point", "coordinates": [19.1299322, 47.5433313]}}, {"type": "Feature", "properties": {"code": "Lke-1/HZ-2", "reg": "xv-kesz", "conf": 0.938}, "geometry": {"type": "Point", "coordinates": [19.1298143, 47.5420594]}}, {"type": "Feature", "properties": {"code": "Lke-1/HZO-3", "reg": "xv-kesz", "conf": 0.938}, "geometry": {"type": "Point", "coordinates": [19.1257146, 47.5414213]}}, {"type": "Feature", "properties": {"code": "Lk-2/SZ-1", "reg": "xv-kesz", "conf": 0.937}, "geometry": {"type": "Point", "coordinates": [19.1293186, 47.5476715]}}, {"type": "Feature", "properties": {"code": "Lke-1/IK-3", "reg": "xv-kesz", "conf": 0.937}, "geometry": {"type": "Point", "coordinates": [19.1266481, 47.5445985]}}, {"type": "Feature", "properties": {"code": "Lk-2/SZ-MT3", "reg": "xv-kesz", "conf": 0.937}, "geometry": {"type": "Point", "coordinates": [19.1164381, 47.5441667]}}, {"type": "Feature", "properties": {"code": "Lk-2/SZ-6", "reg": "xv-kesz", "conf": 0.937}, "geometry": {"type": "Point", "coordinates": [19.1237918, 47.544861]}}, {"type": "Feature", "properties": {"code": "Lk-2/IK-3", "reg": "xv-kesz", "conf": 0.936}, "geometry": {"type": "Point", "coordinates": [19.126267, 47.5466645]}}, {"type": "Feature", "properties": {"code": "Lk-2/SZ-6", "reg": "xv-kesz", "conf": 0.936}, "geometry": {"type": "Point", "coordinates": [19.1224609, 47.5453183]}}, {"type": "Feature", "properties": {"code": "Lke-1/IK-3", "reg": "xv-kesz", "conf": 0.936}, "geometry": {"type": "Point", "coordinates": [19.1312704, 47.5470286]}}, {"type": "Feature", "properties": {"code": "Lke-1/HZ-1", "reg": "xv-kesz", "conf": 0.935}, "geometry": {"type": "Point", "coordinates": [19.1327196, 47.5381958]}}, {"type": "Feature", "properties": {"code": "Lk-1/HZ-13", "reg": "xv-kesz", "conf": 0.934}, "geometry": {"type": "Point", "coordinates": [19.1168337, 47.55042]}}, {"type": "Feature", "properties": {"code": "Lk-2/HZ-G1", "reg": "xv-kesz", "conf": 0.933}, "geometry": {"type": "Point", "coordinates": [19.1235865, 47.5498828]}}, {"type": "Feature", "properties": {"code": "Lke-1/HZO-2", "reg": "xv-kesz", "conf": 0.933}, "geometry": {"type": "Point", "coordinates": [19.1251496, 47.5443409]}}, {"type": "Feature", "properties": {"code": "Lk-2/HZ-2", "reg": "xv-kesz", "conf": 0.932}, "geometry": {"type": "Point", "coordinates": [19.1218657, 47.5458368]}}, {"type": "Feature", "properties": {"code": "Lke-1/O-2", "reg": "xv-kesz", "conf": 0.931}, "geometry": {"type": "Point", "coordinates": [19.1289215, 47.5453428]}}, {"type": "Feature", "properties": {"code": "Lke-1/HZ-1", "reg": "xv-kesz", "conf": 0.931}, "geometry": {"type": "Point", "coordinates": [19.1272102, 47.5408153]}}, {"type": "Feature", "properties": {"code": "Lk-1/HZ-9", "reg": "xv-kesz", "conf": 0.929}, "geometry": {"type": "Point", "coordinates": [19.1212673, 47.5502148]}}, {"type": "Feature", "properties": {"code": "Lk-2/SZ-6", "reg": "xv-kesz", "conf": 0.929}, "geometry": {"type": "Point", "coordinates": [19.1320215, 47.5510214]}}, {"type": "Feature", "properties": {"code": "Lke-1/HZO-1", "reg": "xv-kesz", "conf": 0.929}, "geometry": {"type": "Point", "coordinates": [19.1135291, 47.5377605]}}, {"type": "Feature", "properties": {"code": "Lk-1/HZ-8", "reg": "xv-kesz", "conf": 0.928}, "geometry": {"type": "Point", "coordinates": [19.1156576, 47.5508005]}}, {"type": "Feature", "properties": {"code": "Lk-1/HZ-11", "reg": "xv-kesz", "conf": 0.928}, "geometry": {"type": "Point", "coordinates": [19.1144265, 47.550362]}}, {"type": "Feature", "properties": {"code": "Lk-2/SZ-MT1", "reg": "xv-kesz", "conf": 0.928}, "geometry": {"type": "Point", "coordinates": [19.1177622, 47.5474042]}}, {"type": "Feature", "properties": {"code": "Lk-2/SZ-6", "reg": "xv-kesz", "conf": 0.928}, "geometry": {"type": "Point", "coordinates": [19.122471, 47.5453183]}}, {"type": "Feature", "properties": {"code": "Lke-1/SZ-2", "reg": "xv-kesz", "conf": 0.928}, "geometry": {"type": "Point", "coordinates": [19.131633, 47.5463135]}}, {"type": "Feature", "properties": {"code": "Lke-1/IK-3", "reg": "xv-kesz", "conf": 0.928}, "geometry": {"type": "Point", "coordinates": [19.1320805, 47.5473644]}}, {"type": "Feature", "properties": {"code": "Lke-1/SZ-1", "reg": "xv-kesz", "conf": 0.926}, "geometry": {"type": "Point", "coordinates": [19.1134961, 47.54201]}}, {"type": "Feature", "properties": {"code": "Lke-1/SZ-6", "reg": "xv-kesz", "conf": 0.925}, "geometry": {"type": "Point", "coordinates": [19.1141301, 47.5402984]}}, {"type": "Feature", "properties": {"code": "Lk-1/HZT-1", "reg": "xv-kesz", "conf": 0.924}, "geometry": {"type": "Point", "coordinates": [19.1194709, 47.5499917]}}, {"type": "Feature", "properties": {"code": "Lke-1/IK-3", "reg": "xv-kesz", "conf": 0.924}, "geometry": {"type": "Point", "coordinates": [19.1323044, 47.5448443]}}, {"type": "Feature", "properties": {"code": "Lke-1/SZ-7", "reg": "xv-kesz", "conf": 0.924}, "geometry": {"type": "Point", "coordinates": [19.123152, 47.5384809]}}, {"type": "Feature", "properties": {"code": "Lk-1/HZT-2", "reg": "xv-kesz", "conf": 0.922}, "geometry": {"type": "Point", "coordinates": [19.1228736, 47.550541]}}, {"type": "Feature", "properties": {"code": "Lk-1/HZ-4", "reg": "xv-kesz", "conf": 0.922}, "geometry": {"type": "Point", "coordinates": [19.1134474, 47.54709]}}, {"type": "Feature", "properties": {"code": "Lke-1/SZ-7", "reg": "xv-kesz", "conf": 0.922}, "geometry": {"type": "Point", "coordinates": [19.1135462, 47.5442154]}}, {"type": "Feature", "properties": {"code": "Lk-2/SZ-5", "reg": "xv-kesz", "conf": 0.921}, "geometry": {"type": "Point", "coordinates": [19.1282355, 47.5484352]}}, {"type": "Feature", "properties": {"code": "Lke-1/SZ-7", "reg": "xv-kesz", "conf": 0.921}, "geometry": {"type": "Point", "coordinates": [19.1182049, 47.5411355]}}, {"type": "Feature", "properties": {"code": "Lke-1/HZ-1", "reg": "xv-kesz", "conf": 0.921}, "geometry": {"type": "Point", "coordinates": [19.1287388, 47.538363]}}, {"type": "Feature", "properties": {"code": "Lke-1/IK-2", "reg": "xv-kesz", "conf": 0.919}, "geometry": {"type": "Point", "coordinates": [19.1152737, 47.539537]}}, {"type": "Feature", "properties": {"code": "Lke-1/IK-6", "reg": "xv-kesz", "conf": 0.918}, "geometry": {"type": "Point", "coordinates": [19.1187094, 47.5376898]}}, {"type": "Feature", "properties": {"code": "Lk-2/HZT-2", "reg": "xv-kesz", "conf": 0.917}, "geometry": {"type": "Point", "coordinates": [19.1239362, 47.5496023]}}, {"type": "Feature", "properties": {"code": "Lk-2/HZ-2", "reg": "xv-kesz", "conf": 0.916}, "geometry": {"type": "Point", "coordinates": [19.1259137, 47.5504922]}}, {"type": "Feature", "properties": {"code": "Lke-1/O-2", "reg": "xv-kesz", "conf": 0.916}, "geometry": {"type": "Point", "coordinates": [19.1274565, 47.5462074]}}, {"type": "Feature", "properties": {"code": "Lke-1/IK-4", "reg": "xv-kesz", "conf": 0.914}, "geometry": {"type": "Point", "coordinates": [19.1294773, 47.5455141]}}, {"type": "Feature", "properties": {"code": "Lke-1/IK-3", "reg": "xv-kesz", "conf": 0.914}, "geometry": {"type": "Point", "coordinates": [19.1320233, 47.5461622]}}, {"type": "Feature", "properties": {"code": "Lke-1/IK-3", "reg": "xv-kesz", "conf": 0.914}, "geometry": {"type": "Point", "coordinates": [19.1323077, 47.5448466]}}, {"type": "Feature", "properties": {"code": "Lke-1/HZT-1", "reg": "xv-kesz", "conf": 0.913}, "geometry": {"type": "Point", "coordinates": [19.1295931, 47.5440281]}}, {"type": "Feature", "properties": {"code": "Lke-1/SZ-6", "reg": "xv-kesz", "conf": 0.913}, "geometry": {"type": "Point", "coordinates": [19.1163559, 47.5418584]}}, {"type": "Feature", "properties": {"code": "Lk-1/HZ-14", "reg": "xv-kesz", "conf": 0.912}, "geometry": {"type": "Point", "coordinates": [19.1143656, 47.5489219]}}, {"type": "Feature", "properties": {"code": "Lke-1/HZ-2", "reg": "xv-kesz", "conf": 0.912}, "geometry": {"type": "Point", "coordinates": [19.1247188, 47.5445093]}}, {"type": "Feature", "properties": {"code": "Lke-1/HZO-2", "reg": "xv-kesz", "conf": 0.912}, "geometry": {"type": "Point", "coordinates": [19.1276759, 47.54285]}}, {"type": "Feature", "properties": {"code": "Lke-1/HZ-1", "reg": "xv-kesz", "conf": 0.912}, "geometry": {"type": "Point", "coordinates": [19.1264016, 47.5403068]}}, {"type": "Feature", "properties": {"code": "Lke-1/IK-3", "reg": "xv-kesz", "conf": 0.91}, "geometry": {"type": "Point", "coordinates": [19.1260422, 47.5409476]}}, {"type": "Feature", "properties": {"code": "Lke-1/SZ-7", "reg": "xv-kesz", "conf": 0.909}, "geometry": {"type": "Point", "coordinates": [19.1302088, 47.5487131]}}, {"type": "Feature", "properties": {"code": "Lke-1/IK-4", "reg": "xv-kesz", "conf": 0.909}, "geometry": {"type": "Point", "coordinates": [19.1317176, 47.5441297]}}, {"type": "Feature", "properties": {"code": "Lke-1/IK-2", "reg": "xv-kesz", "conf": 0.909}, "geometry": {"type": "Point", "coordinates": [19.1142998, 47.5400455]}}, {"type": "Feature", "properties": {"code": "Lk-1/HZ-9", "reg": "xv-kesz", "conf": 0.908}, "geometry": {"type": "Point", "coordinates": [19.1198469, 47.5504239]}}, {"type": "Feature", "properties": {"code": "Lk-1/HZ-4", "reg": "xv-kesz", "conf": 0.907}, "geometry": {"type": "Point", "coordinates": [19.114991, 47.5483336]}}, {"type": "Feature", "properties": {"code": "Lke-1/IK-3", "reg": "xv-kesz", "conf": 0.906}, "geometry": {"type": "Point", "coordinates": [19.1299674, 47.5469814]}}, {"type": "Feature", "properties": {"code": "Lke-1/O-4", "reg": "xv-kesz", "conf": 0.904}, "geometry": {"type": "Point", "coordinates": [19.12898, 47.5437826]}}, {"type": "Feature", "properties": {"code": "Lke-1/HZ-2", "reg": "xv-kesz", "conf": 0.903}, "geometry": {"type": "Point", "coordinates": [19.1313061, 47.5422826]}}, {"type": "Feature", "properties": {"code": "Lk-2/SZ-MT6", "reg": "xv-kesz", "conf": 0.901}, "geometry": {"type": "Point", "coordinates": [19.120659, 47.5447532]}}, {"type": "Feature", "properties": {"code": "Lke-1/HZ-2", "reg": "xv-kesz", "conf": 0.9}, "geometry": {"type": "Point", "coordinates": [19.130317, 47.5427934]}}, {"type": "Feature", "properties": {"code": "Lk-1/HZT-1", "reg": "xv-kesz", "conf": 0.899}, "geometry": {"type": "Point", "coordinates": [19.1197371, 47.548914]}}, {"type": "Feature", "properties": {"code": "Lk-2/HZT-2", "reg": "xv-kesz", "conf": 0.898}, "geometry": {"type": "Point", "coordinates": [19.1239853, 47.5485705]}}, {"type": "Feature", "properties": {"code": "Lke-1/IK-2", "reg": "xv-kesz", "conf": 0.898}, "geometry": {"type": "Point", "coordinates": [19.1151164, 47.5427091]}}, {"type": "Feature", "properties": {"code": "Lke-1/HZT-3", "reg": "xv-kesz", "conf": 0.898}, "geometry": {"type": "Point", "coordinates": [19.1253758, 47.5435675]}}, {"type": "Feature", "properties": {"code": "Lk-1/HZT-1", "reg": "xv-kesz", "conf": 0.897}, "geometry": {"type": "Point", "coordinates": [19.1183099, 47.5490808]}}, {"type": "Feature", "properties": {"code": "Lk-2/SZ-6", "reg": "xv-kesz", "conf": 0.897}, "geometry": {"type": "Point", "coordinates": [19.1264225, 47.5470911]}}, {"type": "Feature", "properties": {"code": "Lk-2/HZT-2", "reg": "xv-kesz", "conf": 0.896}, "geometry": {"type": "Point", "coordinates": [19.1247792, 47.5480713]}}, {"type": "Feature", "properties": {"code": "Lk-2/IK-2", "reg": "xv-kesz", "conf": 0.894}, "geometry": {"type": "Point", "coordinates": [19.1274166, 47.5478054]}}, {"type": "Feature", "properties": {"code": "Lk-2/IK-3", "reg": "xv-kesz", "conf": 0.894}, "geometry": {"type": "Point", "coordinates": [19.1243307, 47.5450083]}}, {"type": "Feature", "properties": {"code": "Lke-1/IK-3", "reg": "xv-kesz", "conf": 0.892}, "geometry": {"type": "Point", "coordinates": [19.1316602, 47.5452428]}}, {"type": "Feature", "properties": {"code": "Lk-2/SZ-MT1", "reg": "xv-kesz", "conf": 0.892}, "geometry": {"type": "Point", "coordinates": [19.1178056, 47.5434063]}}, {"type": "Feature", "properties": {"code": "Lke-1/O-1", "reg": "xv-kesz", "conf": 0.892}, "geometry": {"type": "Point", "coordinates": [19.1288908, 47.5449997]}}, {"type": "Feature", "properties": {"code": "Lke-1/SZ-6", "reg": "xv-kesz", "conf": 0.892}, "geometry": {"type": "Point", "coordinates": [19.1156803, 47.5414116]}}, {"type": "Feature", "properties": {"code": "Lke-1/HZT-1", "reg": "xv-kesz", "conf": 0.89}, "geometry": {"type": "Point", "coordinates": [19.1266819, 47.5435083]}}, {"type": "Feature", "properties": {"code": "Lk-2/HZT-1", "reg": "xv-kesz", "conf": 0.889}, "geometry": {"type": "Point", "coordinates": [19.1272037, 47.5509741]}}, {"type": "Feature", "properties": {"code": "Lke-1/O-1", "reg": "xv-kesz", "conf": 0.889}, "geometry": {"type": "Point", "coordinates": [19.1299473, 47.5445323]}}, {"type": "Feature", "properties": {"code": "Lke-1/IK-2", "reg": "xv-kesz", "conf": 0.888}, "geometry": {"type": "Point", "coordinates": [19.1160085, 47.5401154]}}, {"type": "Feature", "properties": {"code": "Lke-1/SZ-7", "reg": "xv-kesz", "conf": 0.885}, "geometry": {"type": "Point", "coordinates": [19.1283958, 47.5461553]}}, {"type": "Feature", "properties": {"code": "Lk-2/IK-3", "reg": "xv-kesz", "conf": 0.884}, "geometry": {"type": "Point", "coordinates": [19.1251049, 47.5474134]}}, {"type": "Feature", "properties": {"code": "Lke-1/IK-4", "reg": "xv-kesz", "conf": 0.883}, "geometry": {"type": "Point", "coordinates": [19.1317226, 47.5441286]}}, {"type": "Feature", "properties": {"code": "Lk-1/HZO-2", "reg": "xv-kesz", "conf": 0.88}, "geometry": {"type": "Point", "coordinates": [19.1192153, 47.5489807]}}, {"type": "Feature", "properties": {"code": "Lke-1/IK-2", "reg": "xv-kesz", "conf": 0.876}, "geometry": {"type": "Point", "coordinates": [19.117078, 47.5405665]}}, {"type": "Feature", "properties": {"code": "Lke-1/HZ-1", "reg": "xv-kesz", "conf": 0.872}, "geometry": {"type": "Point", "coordinates": [19.1320325, 47.5392509]}}, {"type": "Feature", "properties": {"code": "Lke-1/IK-3", "reg": "xv-kesz", "conf": 0.871}, "geometry": {"type": "Point", "coordinates": [19.1329106, 47.5462452]}}, {"type": "Feature", "properties": {"code": "Lke-1/HZ-1", "reg": "xv-kesz", "conf": 0.871}, "geometry": {"type": "Point", "coordinates": [19.1276288, 47.5416558]}}, {"type": "Feature", "properties": {"code": "Lke-1/HZT-1", "reg": "xv-kesz", "conf": 0.871}, "geometry": {"type": "Point", "coordinates": [19.1325636, 47.5423505]}}, {"type": "Feature", "properties": {"code": "ZFk/Lk", "reg": "xv-kesz", "conf": 0.87}, "geometry": {"type": "Point", "coordinates": [19.1163647, 47.548422]}}, {"type": "Feature", "properties": {"code": "Lk-2/IK-2", "reg": "xv-kesz", "conf": 0.87}, "geometry": {"type": "Point", "coordinates": [19.1257128, 47.5488485]}}, {"type": "Feature", "properties": {"code": "Lk-2/IK-2", "reg": "xv-kesz", "conf": 0.87}, "geometry": {"type": "Point", "coordinates": [19.1240296, 47.5451663]}}, {"type": "Feature", "properties": {"code": "Lke-1/SZ-5", "reg": "xv-kesz", "conf": 0.869}, "geometry": {"type": "Point", "coordinates": [19.1328733, 47.5448542]}}, {"type": "Feature", "properties": {"code": "Lke-1/IK-4", "reg": "xv-kesz", "conf": 0.867}, "geometry": {"type": "Point", "coordinates": [19.1322662, 47.5477429]}}, {"type": "Feature", "properties": {"code": "Lke-1/IK-3", "reg": "xv-kesz", "conf": 0.867}, "geometry": {"type": "Point", "coordinates": [19.1205553, 47.5389972]}}, {"type": "Feature", "properties": {"code": "Lk-2/IK-3", "reg": "xv-kesz", "conf": 0.865}, "geometry": {"type": "Point", "coordinates": [19.1280637, 47.5495391]}}, {"type": "Feature", "properties": {"code": "Lke-1/HZO-2", "reg": "xv-kesz", "conf": 0.865}, "geometry": {"type": "Point", "coordinates": [19.1326346, 47.5401084]}}, {"type": "Feature", "properties": {"code": "Lk-1/IK-2", "reg": "xv-kesz", "conf": 0.863}, "geometry": {"type": "Point", "coordinates": [19.1226724, 47.5510741]}}, {"type": "Feature", "properties": {"code": "Lke-1/IK-2", "reg": "xv-kesz", "conf": 0.861}, "geometry": {"type": "Point", "coordinates": [19.1176695, 47.5410431]}}, {"type": "Feature", "properties": {"code": "Lk-2/SZ-6", "reg": "xv-kesz", "conf": 0.858}, "geometry": {"type": "Point", "coordinates": [19.1277962, 47.5476491]}}, {"type": "Feature", "properties": {"code": "Lk-2/IK-2", "reg": "xv-kesz", "conf": 0.854}, "geometry": {"type": "Point", "coordinates": [19.1280923, 47.5508431]}}, {"type": "Feature", "properties": {"code": "Lke-1/SZ-7", "reg": "xv-kesz", "conf": 0.854}, "geometry": {"type": "Point", "coordinates": [19.1155946, 47.542798]}}, {"type": "Feature", "properties": {"code": "Lke-1/HZT-1", "reg": "xv-kesz", "conf": 0.853}, "geometry": {"type": "Point", "coordinates": [19.1281027, 47.5447771]}}, {"type": "Feature", "properties": {"code": "Lk-2/HZT-2", "reg": "xv-kesz", "conf": 0.847}, "geometry": {"type": "Point", "coordinates": [19.1244403, 47.5476757]}}, {"type": "Feature", "properties": {"code": "Lk-2/IK-2", "reg": "xv-kesz", "conf": 0.843}, "geometry": {"type": "Point", "coordinates": [19.1238358, 47.5462565]}}, {"type": "Feature", "properties": {"code": "Lke-1/HZ-1", "reg": "xv-kesz", "conf": 0.837}, "geometry": {"type": "Point", "coordinates": [19.1307066, 47.5396578]}}, {"type": "Feature", "properties": {"code": "Lke-1/IK-3", "reg": "xv-kesz", "conf": 0.834}, "geometry": {"type": "Point", "coordinates": [19.1316585, 47.5452428]}}, {"type": "Feature", "properties": {"code": "Lk-1/HZ-9", "reg": "xv-kesz", "conf": 0.828}, "geometry": {"type": "Point", "coordinates": [19.1188949, 47.5510147]}}, {"type": "Feature", "properties": {"code": "Lke-1/SZ-1", "reg": "xv-kesz", "conf": 0.809}, "geometry": {"type": "Point", "coordinates": [19.1141281, 47.5425873]}}, {"type": "Feature", "properties": {"code": "ZKp/Ln-T", "reg": "xv-kesz", "conf": 1.0}, "geometry": {"type": "Point", "coordinates": [19.1377607, 47.5384234]}}, {"type": "Feature", "properties": {"code": "ZKp/Ln-T", "reg": "xv-kesz", "conf": 0.999}, "geometry": {"type": "Point", "coordinates": [19.1392879, 47.54751]}}, {"type": "Feature", "properties": {"code": "ZKp/Ln-T", "reg": "xv-kesz", "conf": 0.999}, "geometry": {"type": "Point", "coordinates": [19.142545, 47.5446288]}}, {"type": "Feature", "properties": {"code": "Ln-T/TU-1", "reg": "xv-kesz", "conf": 0.999}, "geometry": {"type": "Point", "coordinates": [19.1437458, 47.5435776]}}, {"type": "Feature", "properties": {"code": "Ln-T/TU-1", "reg": "xv-kesz", "conf": 0.999}, "geometry": {"type": "Point", "coordinates": [19.1459213, 47.5408706]}}, {"type": "Feature", "properties": {"code": "K-T/SZ-1", "reg": "xv-kesz", "conf": 0.998}, "geometry": {"type": "Point", "coordinates": [19.1368196, 47.551062]}}, {"type": "Feature", "properties": {"code": "Ln-T/TU-1", "reg": "xv-kesz", "conf": 0.998}, "geometry": {"type": "Point", "coordinates": [19.1328696, 47.5493924]}}, {"type": "Feature", "properties": {"code": "Ln-T/TU-1", "reg": "xv-kesz", "conf": 0.998}, "geometry": {"type": "Point", "coordinates": [19.1371649, 47.5470949]}}, {"type": "Feature", "properties": {"code": "ZKp/Ln-T", "reg": "xv-kesz", "conf": 0.998}, "geometry": {"type": "Point", "coordinates": [19.1415132, 47.5393408]}}, {"type": "Feature", "properties": {"code": "Ln-T/TU-1", "reg": "xv-kesz", "conf": 0.998}, "geometry": {"type": "Point", "coordinates": [19.14925, 47.5397159]}}, {"type": "Feature", "properties": {"code": "ZKp/Ln-T", "reg": "xv-kesz", "conf": 0.997}, "geometry": {"type": "Point", "coordinates": [19.1384314, 47.5425025]}}, {"type": "Feature", "properties": {"code": "Ln-T/TU-1", "reg": "xv-kesz", "conf": 0.997}, "geometry": {"type": "Point", "coordinates": [19.1446706, 47.5433312]}}, {"type": "Feature", "properties": {"code": "Ln-T/TU-1", "reg": "xv-kesz", "conf": 0.997}, "geometry": {"type": "Point", "coordinates": [19.1440201, 47.5427726]}}, {"type": "Feature", "properties": {"code": "K-Rek/SZ-Sp1", "reg": "xv-kesz", "conf": 0.996}, "geometry": {"type": "Point", "coordinates": [19.1346594, 47.5505472]}}, {"type": "Feature", "properties": {"code": "K-Ker/SZ-1", "reg": "xv-kesz", "conf": 0.996}, "geometry": {"type": "Point", "coordinates": [19.148303, 47.5505558]}}, {"type": "Feature", "properties": {"code": "Ev-Ve-2", "reg": "xv-kesz", "conf": 0.996}, "geometry": {"type": "Point", "coordinates": [19.1507493, 47.5504111]}}, {"type": "Feature", "properties": {"code": "Ln-T/TU-1", "reg": "xv-kesz", "conf": 0.996}, "geometry": {"type": "Point", "coordinates": [19.1328031, 47.5437401]}}, {"type": "Feature", "properties": {"code": "Ln-T/TU-1", "reg": "xv-kesz", "conf": 0.996}, "geometry": {"type": "Point", "coordinates": [19.1406944, 47.5430538]}}, {"type": "Feature", "properties": {"code": "ZKp/Vi", "reg": "xv-kesz", "conf": 0.996}, "geometry": {"type": "Point", "coordinates": [19.1432988, 47.5423435]}}, {"type": "Feature", "properties": {"code": "K-Rek/SZ-Sp2", "reg": "xv-kesz", "conf": 0.995}, "geometry": {"type": "Point", "coordinates": [19.1360664, 47.5507908]}}, {"type": "Feature", "properties": {"code": "K-Ker/SZ-1", "reg": "xv-kesz", "conf": 0.995}, "geometry": {"type": "Point", "coordinates": [19.1467101, 47.5487862]}}, {"type": "Feature", "properties": {"code": "Zkp-Kp/2", "reg": "xv-kesz", "conf": 0.995}, "geometry": {"type": "Point", "coordinates": [19.1482371, 47.5428015]}}, {"type": "Feature", "properties": {"code": "Ln-T/TU-1", "reg": "xv-kesz", "conf": 0.994}, "geometry": {"type": "Point", "coordinates": [19.1373236, 47.5404099]}}, {"type": "Feature", "properties": {"code": "Kb-Ez/1", "reg": "xv-kesz", "conf": 0.994}, "geometry": {"type": "Point", "coordinates": [19.1511248, 47.5389438]}}, {"type": "Feature", "properties": {"code": "Kb-Ez/1", "reg": "xv-kesz", "conf": 0.994}, "geometry": {"type": "Point", "coordinates": [19.1512055, 47.5384023]}}, {"type": "Feature", "properties": {"code": "Kb-Ez/1", "reg": "xv-kesz", "conf": 0.994}, "geometry": {"type": "Point", "coordinates": [19.1505769, 47.5380429]}}, {"type": "Feature", "properties": {"code": "Ln-T/TU-2", "reg": "xv-kesz", "conf": 0.993}, "geometry": {"type": "Point", "coordinates": [19.1413886, 47.5507164]}}, {"type": "Feature", "properties": {"code": "Ln-T/TU-1", "reg": "xv-kesz", "conf": 0.993}, "geometry": {"type": "Point", "coordinates": [19.1429, 47.5397447]}}, {"type": "Feature", "properties": {"code": "Kb-Ez/1", "reg": "xv-kesz", "conf": 0.993}, "geometry": {"type": "Point", "coordinates": [19.1491769, 47.5383512]}}, {"type": "Feature", "properties": {"code": "Ln-T/TU-2", "reg": "xv-kesz", "conf": 0.993}, "geometry": {"type": "Point", "coordinates": [19.1437306, 47.5378909]}}, {"type": "Feature", "properties": {"code": "K-Ker/SZ-2", "reg": "xv-kesz", "conf": 0.992}, "geometry": {"type": "Point", "coordinates": [19.1384369, 47.5508189]}}, {"type": "Feature", "properties": {"code": "Ln-T/TU-2", "reg": "xv-kesz", "conf": 0.992}, "geometry": {"type": "Point", "coordinates": [19.1352776, 47.5427298]}}, {"type": "Feature", "properties": {"code": "Kb-Ez/1", "reg": "xv-kesz", "conf": 0.992}, "geometry": {"type": "Point", "coordinates": [19.1478658, 47.5376496]}}, {"type": "Feature", "properties": {"code": "Ln-T/TU-1", "reg": "xv-kesz", "conf": 0.99}, "geometry": {"type": "Point", "coordinates": [19.1323889, 47.5482327]}}, {"type": "Feature", "properties": {"code": "Vi-2/SZ-2", "reg": "xv-kesz", "conf": 0.99}, "geometry": {"type": "Point", "coordinates": [19.1445121, 47.5504112]}}, {"type": "Feature", "properties": {"code": "Ln-T/TU-2", "reg": "xv-kesz", "conf": 0.99}, "geometry": {"type": "Point", "coordinates": [19.1450368, 47.5445665]}}, {"type": "Feature", "properties": {"code": "Vi-2/SZ-P1", "reg": "xv-kesz", "conf": 0.99}, "geometry": {"type": "Point", "coordinates": [19.1510367, 47.5377921]}}, {"type": "Feature", "properties": {"code": "Ev-Ve-2", "reg": "xv-kesz", "conf": 0.989}, "geometry": {"type": "Point", "coordinates": [19.1432269, 47.5510915]}}, {"type": "Feature", "properties": {"code": "Vi-3/TU-1", "reg": "xv-kesz", "conf": 0.989}, "geometry": {"type": "Point", "coordinates": [19.144456, 47.5418509]}}, {"type": "Feature", "properties": {"code": "Ln-T/AI/SZ-N2", "reg": "xv-kesz", "conf": 0.989}, "geometry": {"type": "Point", "coordinates": [19.144751, 47.5384151]}}, {"type": "Feature", "properties": {"code": "Ln-T/TU-1", "reg": "xv-kesz", "conf": 0.988}, "geometry": {"type": "Point", "coordinates": [19.1346075, 47.5436802]}}, {"type": "Feature", "properties": {"code": "K-Rek/SZ-Sp1", "reg": "xv-kesz", "conf": 0.987}, "geometry": {"type": "Point", "coordinates": [19.1328804, 47.5507731]}}, {"type": "Feature", "properties": {"code": "K-Ker/SZ-1", "reg": "xv-kesz", "conf": 0.986}, "geometry": {"type": "Point", "coordinates": [19.1505789, 47.54996]}}, {"type": "Feature", "properties": {"code": "Ln-T/TU-2", "reg": "xv-kesz", "conf": 0.986}, "geometry": {"type": "Point", "coordinates": [19.1454352, 47.5426292]}}, {"type": "Feature", "properties": {"code": "Ln-T/TU-1", "reg": "xv-kesz", "conf": 0.986}, "geometry": {"type": "Point", "coordinates": [19.1424915, 47.5417036]}}, {"type": "Feature", "properties": {"code": "Lke-1/O-1", "reg": "xv-kesz", "conf": 0.985}, "geometry": {"type": "Point", "coordinates": [19.1326523, 47.5456338]}}, {"type": "Feature", "properties": {"code": "Ln-T/SZ-Vcs", "reg": "xv-kesz", "conf": 0.985}, "geometry": {"type": "Point", "coordinates": [19.1390562, 47.5455706]}}, {"type": "Feature", "properties": {"code": "Ln-T/TU-1", "reg": "xv-kesz", "conf": 0.985}, "geometry": {"type": "Point", "coordinates": [19.1414569, 47.5451316]}}, {"type": "Feature", "properties": {"code": "Ln-T/TU-1", "reg": "xv-kesz", "conf": 0.985}, "geometry": {"type": "Point", "coordinates": [19.1510042, 47.5404803]}}, {"type": "Feature", "properties": {"code": "Ln-T/AI/TU-K2", "reg": "xv-kesz", "conf": 0.984}, "geometry": {"type": "Point", "coordinates": [19.1361437, 47.53924]}}, {"type": "Feature", "properties": {"code": "Ln-T/AI/SZ-K2", "reg": "xv-kesz", "conf": 0.983}, "geometry": {"type": "Point", "coordinates": [19.1502419, 47.5424439]}}, {"type": "Feature", "properties": {"code": "Zkp-Fk", "reg": "xv-kesz", "conf": 0.981}, "geometry": {"type": "Point", "coordinates": [19.143361, 47.5457289]}}, {"type": "Feature", "properties": {"code": "Kb-Ez/1", "reg": "xv-kesz", "conf": 0.981}, "geometry": {"type": "Point", "coordinates": [19.1498607, 47.5377626]}}, {"type": "Feature", "properties": {"code": "Ln-T/TU-1", "reg": "xv-kesz", "conf": 0.98}, "geometry": {"type": "Point", "coordinates": [19.1369773, 47.5383572]}}, {"type": "Feature", "properties": {"code": "Vi-3/AI/SZ-M1", "reg": "xv-kesz", "conf": 0.979}, "geometry": {"type": "Point", "coordinates": [19.1408183, 47.5413605]}}, {"type": "Feature", "properties": {"code": "Zkp-Fk", "reg": "xv-kesz", "conf": 0.979}, "geometry": {"type": "Point", "coordinates": [19.1364293, 47.5413099]}}, {"type": "Feature", "properties": {"code": "Vi-3/AI/SZ-TN2-cs", "reg": "xv-kesz", "conf": 0.979}, "geometry": {"type": "Point", "coordinates": [19.1394438, 47.5383721]}}, {"type": "Feature", "properties": {"code": "Ln-T/SZ-1", "reg": "xv-kesz", "conf": 0.977}, "geometry": {"type": "Point", "coordinates": [19.1400473, 47.5501317]}}, {"type": "Feature", "properties": {"code": "Lke-1/HZT-3", "reg": "xv-kesz", "conf": 0.973}, "geometry": {"type": "Point", "coordinates": [19.1326933, 47.5431677]}}, {"type": "Feature", "properties": {"code": "Ln-T/AI/Te-1", "reg": "xv-kesz", "conf": 0.971}, "geometry": {"type": "Point", "coordinates": [19.1371759, 47.5417883]}}, {"type": "Feature", "properties": {"code": "Lke-1/AI/SZ-4", "reg": "xv-kesz", "conf": 0.969}, "geometry": {"type": "Point", "coordinates": [19.1351478, 47.5389907]}}, {"type": "Feature", "properties": {"code": "Vi-3/AI/SZ-TN1-cs", "reg": "xv-kesz", "conf": 0.967}, "geometry": {"type": "Point", "coordinates": [19.1380518, 47.548733]}}, {"type": "Feature", "properties": {"code": "Ln-T/TU-1", "reg": "xv-kesz", "conf": 0.965}, "geometry": {"type": "Point", "coordinates": [19.1392739, 47.5462552]}}, {"type": "Feature", "properties": {"code": "Ln-T/AI/SZ-K2", "reg": "xv-kesz", "conf": 0.959}, "geometry": {"type": "Point", "coordinates": [19.1506727, 47.5413905]}}, {"type": "Feature", "properties": {"code": "Ln-T/TU-1", "reg": "xv-kesz", "conf": 0.958}, "geometry": {"type": "Point", "coordinates": [19.1359496, 47.545964]}}, {"type": "Feature", "properties": {"code": "Ev-Ve-2", "reg": "xv-kesz", "conf": 0.957}, "geometry": {"type": "Point", "coordinates": [19.142246, 47.5503659]}}, {"type": "Feature", "properties": {"code": "Vi-3/AI/SZ-TN3-cs", "reg": "xv-kesz", "conf": 0.957}, "geometry": {"type": "Point", "coordinates": [19.1467506, 47.5415402]}}, {"type": "Feature", "properties": {"code": "Vi-3/AI/SZ-TN1-cs", "reg": "xv-kesz", "conf": 0.955}, "geometry": {"type": "Point", "coordinates": [19.1403063, 47.5380903]}}, {"type": "Feature", "properties": {"code": "Vi-3/AI/SZ-TN1-cs", "reg": "xv-kesz", "conf": 0.954}, "geometry": {"type": "Point", "coordinates": [19.1374482, 47.5440265]}}, {"type": "Feature", "properties": {"code": "Lke-1/O-2", "reg": "xv-kesz", "conf": 0.953}, "geometry": {"type": "Point", "coordinates": [19.1337278, 47.5469136]}}, {"type": "Feature", "properties": {"code": "Lke-1/HZT-1", "reg": "xv-kesz", "conf": 0.953}, "geometry": {"type": "Point", "coordinates": [19.1345626, 47.5414248]}}, {"type": "Feature", "properties": {"code": "Lke-1/HZ-1", "reg": "xv-kesz", "conf": 0.953}, "geometry": {"type": "Point", "coordinates": [19.1327517, 47.5381955]}}, {"type": "Feature", "properties": {"code": "Vi-3/AI/SZ-TN2-cs", "reg": "xv-kesz", "conf": 0.952}, "geometry": {"type": "Point", "coordinates": [19.1394608, 47.5387407]}}, {"type": "Feature", "properties": {"code": "Lke-1/SZ-7", "reg": "xv-kesz", "conf": 0.946}, "geometry": {"type": "Point", "coordinates": [19.1351308, 47.5460374]}}, {"type": "Feature", "properties": {"code": "Lke-1/SZ-5", "reg": "xv-kesz", "conf": 0.946}, "geometry": {"type": "Point", "coordinates": [19.1336631, 47.5454939]}}, {"type": "Feature", "properties": {"code": "Vi-3/AI/SZ-TN3-cs", "reg": "xv-kesz", "conf": 0.946}, "geometry": {"type": "Point", "coordinates": [19.1430637, 47.5441353]}}, {"type": "Feature", "properties": {"code": "Vi-3/AI/SZ-TN1-cs", "reg": "xv-kesz", "conf": 0.944}, "geometry": {"type": "Point", "coordinates": [19.1370002, 47.5479948]}}, {"type": "Feature", "properties": {"code": "Lk-2/SZ-6", "reg": "xv-kesz", "conf": 0.943}, "geometry": {"type": "Point", "coordinates": [19.1320415, 47.5510344]}}, {"type": "Feature", "properties": {"code": "Lke-1/IK-3", "reg": "xv-kesz", "conf": 0.943}, "geometry": {"type": "Point", "coordinates": [19.1321089, 47.5473707]}}, {"type": "Feature", "properties": {"code": "Vi-3/AI/SZ-TN1-cs", "reg": "xv-kesz", "conf": 0.94}, "geometry": {"type": "Point", "coordinates": [19.1363539, 47.5422155]}}, {"type": "Feature", "properties": {"code": "Vi-3/AI/SZ-TN2-cs", "reg": "xv-kesz", "conf": 0.94}, "geometry": {"type": "Point", "coordinates": [19.1424701, 47.5429768]}}, {"type": "Feature", "properties": {"code": "Vi-3/AI/SZ-TN2-cs", "reg": "xv-kesz", "conf": 0.94}, "geometry": {"type": "Point", "coordinates": [19.1451838, 47.5417374]}}, {"type": "Feature", "properties": {"code": "Ek-2", "reg": "xv-kesz", "conf": 0.939}, "geometry": {"type": "Point", "coordinates": [19.1511771, 47.5464394]}}, {"type": "Feature", "properties": {"code": "Lke-1/IK-3", "reg": "xv-kesz", "conf": 0.932}, "geometry": {"type": "Point", "coordinates": [19.1337876, 47.5449924]}}, {"type": "Feature", "properties": {"code": "Lke-1/IK-3", "reg": "xv-kesz", "conf": 0.93}, "geometry": {"type": "Point", "coordinates": [19.1337825, 47.5449924]}}, {"type": "Feature", "properties": {"code": "Lke-1/SZ-2", "reg": "xv-kesz", "conf": 0.93}, "geometry": {"type": "Point", "coordinates": [19.1320702, 47.5401969]}}, {"type": "Feature", "properties": {"code": "Lke-1/HZO-2", "reg": "xv-kesz", "conf": 0.93}, "geometry": {"type": "Point", "coordinates": [19.134149, 47.5395931]}}, {"type": "Feature", "properties": {"code": "Lke-1/IK-3", "reg": "xv-kesz", "conf": 0.929}, "geometry": {"type": "Point", "coordinates": [19.1323318, 47.5448496]}}, {"type": "Feature", "properties": {"code": "Ek-1", "reg": "xv-kesz", "conf": 0.926}, "geometry": {"type": "Point", "coordinates": [19.1512566, 47.5508128]}}, {"type": "Feature", "properties": {"code": "Vi-3/AI/SZ-K1", "reg": "xv-kesz", "conf": 0.926}, "geometry": {"type": "Point", "coordinates": [19.1410572, 47.5405236]}}, {"type": "Feature", "properties": {"code": "Lke-1/SZ-7", "reg": "xv-kesz", "conf": 0.925}, "geometry": {"type": "Point", "coordinates": [19.1347064, 47.5464222]}}, {"type": "Feature", "properties": {"code": "Lke-1/IK-3", "reg": "xv-kesz", "conf": 0.922}, "geometry": {"type": "Point", "coordinates": [19.1323301, 47.5448519]}}, {"type": "Feature", "properties": {"code": "Vi-3/AI/SZ-TN1-cs", "reg": "xv-kesz", "conf": 0.921}, "geometry": {"type": "Point", "coordinates": [19.1371647, 47.5429664]}}, {"type": "Feature", "properties": {"code": "Vi-3/AI/SZ-TN2-cs", "reg": "xv-kesz", "conf": 0.918}, "geometry": {"type": "Point", "coordinates": [19.1403408, 47.5397532]}}, {"type": "Feature", "properties": {"code": "Lke-1/HZO-2", "reg": "xv-kesz", "conf": 0.909}, "geometry": {"type": "Point", "coordinates": [19.1350861, 47.5402958]}}, {"type": "Feature", "properties": {"code": "Ln-T/AI/TU-K1", "reg": "xv-kesz", "conf": 0.902}, "geometry": {"type": "Point", "coordinates": [19.1435256, 47.5409925]}}, {"type": "Feature", "properties": {"code": "Ln-T/TU-1", "reg": "xv-kesz", "conf": 0.898}, "geometry": {"type": "Point", "coordinates": [19.1371272, 47.5494568]}}, {"type": "Feature", "properties": {"code": "Lke-1/HZO-2", "reg": "xv-kesz", "conf": 0.897}, "geometry": {"type": "Point", "coordinates": [19.1361562, 47.5408681]}}, {"type": "Feature", "properties": {"code": "Lke-1/IK-3", "reg": "xv-kesz", "conf": 0.895}, "geometry": {"type": "Point", "coordinates": [19.1320477, 47.5461686]}}, {"type": "Feature", "properties": {"code": "Lke-1/IK-3", "reg": "xv-kesz", "conf": 0.89}, "geometry": {"type": "Point", "coordinates": [19.1329525, 47.5462543]}}, {"type": "Feature", "properties": {"code": "Lke-1/HZ-1", "reg": "xv-kesz", "conf": 0.887}, "geometry": {"type": "Point", "coordinates": [19.1344282, 47.5384619]}}, {"type": "Feature", "properties": {"code": "Ln-T/TU-1", "reg": "xv-kesz", "conf": 0.887}, "geometry": {"type": "Point", "coordinates": [19.1376143, 47.5388207]}}, {"type": "Feature", "properties": {"code": "Lke-1/HZ-4", "reg": "xv-kesz", "conf": 0.878}, "geometry": {"type": "Point", "coordinates": [19.1320698, 47.5392512]}}, {"type": "Feature", "properties": {"code": "Lke-1/IK-4", "reg": "xv-kesz", "conf": 0.868}, "geometry": {"type": "Point", "coordinates": [19.1322826, 47.5477496]}}, {"type": "Feature", "properties": {"code": "Lke-1/HZT-1", "reg": "xv-kesz", "conf": 0.86}, "geometry": {"type": "Point", "coordinates": [19.1325901, 47.5423549]}}, {"type": "Feature", "properties": {"code": "Lke-1/HZT-1", "reg": "xv-kesz", "conf": 0.859}, "geometry": {"type": "Point", "coordinates": [19.1335486, 47.5418773]}}, {"type": "Feature", "properties": {"code": "Lke-1/IK-3", "reg": "xv-kesz", "conf": 0.845}, "geometry": {"type": "Point", "coordinates": [19.1333447, 47.5455993]}}, {"type": "Feature", "properties": {"code": "Lke-1/SZ-7", "reg": "xv-kesz", "conf": 0.841}, "geometry": {"type": "Point", "coordinates": [19.1340761, 47.542279]}}, {"type": "Feature", "properties": {"code": "Lke-1/SZ-2", "reg": "xv-kesz", "conf": 0.823}, "geometry": {"type": "Point", "coordinates": [19.1345037, 47.5377188]}}, {"type": "Feature", "properties": {"code": "Ln-T/TU-1", "reg": "xv-kesz", "conf": 0.999}, "geometry": {"type": "Point", "coordinates": [19.1285987, 47.5317011]}}, {"type": "Feature", "properties": {"code": "Zkp-Kk/1", "reg": "xv-kesz", "conf": 0.996}, "geometry": {"type": "Point", "coordinates": [19.1239322, 47.5346811]}}, {"type": "Feature", "properties": {"code": "Vi-2/SZ-V1", "reg": "xv-kesz", "conf": 0.992}, "geometry": {"type": "Point", "coordinates": [19.1265501, 47.5380963]}}, {"type": "Feature", "properties": {"code": "Lke-1/HZ-1", "reg": "xv-kesz", "conf": 0.991}, "geometry": {"type": "Point", "coordinates": [19.1255276, 47.5323872]}}, {"type": "Feature", "properties": {"code": "Lke-1/HZ-2", "reg": "xv-kesz", "conf": 0.979}, "geometry": {"type": "Point", "coordinates": [19.1264372, 47.5361278]}}, {"type": "Feature", "properties": {"code": "Lke-1/HZ-1", "reg": "xv-kesz", "conf": 0.977}, "geometry": {"type": "Point", "coordinates": [19.1193039, 47.535326]}}, {"type": "Feature", "properties": {"code": "Lke-1/HZ-2", "reg": "xv-kesz", "conf": 0.976}, "geometry": {"type": "Point", "coordinates": [19.1165405, 47.5375738]}}, {"type": "Feature", "properties": {"code": "Lke-1/SZ-7", "reg": "xv-kesz", "conf": 0.973}, "geometry": {"type": "Point", "coordinates": [19.1201278, 47.5342294]}}, {"type": "Feature", "properties": {"code": "Lke-1/SZ-2", "reg": "xv-kesz", "conf": 0.971}, "geometry": {"type": "Point", "coordinates": [19.119849, 47.5337715]}}, {"type": "Feature", "properties": {"code": "Lke-1/HZ-1", "reg": "xv-kesz", "conf": 0.97}, "geometry": {"type": "Point", "coordinates": [19.1240973, 47.5376745]}}, {"type": "Feature", "properties": {"code": "Lke-1/HZ-2", "reg": "xv-kesz", "conf": 0.97}, "geometry": {"type": "Point", "coordinates": [19.128064, 47.538457]}}, {"type": "Feature", "properties": {"code": "Lke-1/HZ-2", "reg": "xv-kesz", "conf": 0.97}, "geometry": {"type": "Point", "coordinates": [19.1246566, 47.5335101]}}, {"type": "Feature", "properties": {"code": "Lke-1/HZ-2", "reg": "xv-kesz", "conf": 0.969}, "geometry": {"type": "Point", "coordinates": [19.1171645, 47.5358269]}}, {"type": "Feature", "properties": {"code": "Lke-1/HZ-1", "reg": "xv-kesz", "conf": 0.969}, "geometry": {"type": "Point", "coordinates": [19.1232114, 47.5359619]}}, {"type": "Feature", "properties": {"code": "Lke-1/AI/SZ-3", "reg": "xv-kesz", "conf": 0.968}, "geometry": {"type": "Point", "coordinates": [19.1264273, 47.5372512]}}, {"type": "Feature", "properties": {"code": "Lke-1/AI/SZ-3", "reg": "xv-kesz", "conf": 0.966}, "geometry": {"type": "Point", "coordinates": [19.1147418, 47.5362606]}}, {"type": "Feature", "properties": {"code": "Lke-1/O-1", "reg": "xv-kesz", "conf": 0.965}, "geometry": {"type": "Point", "coordinates": [19.1288931, 47.5334347]}}, {"type": "Feature", "properties": {"code": "Lke-1/HZ-2", "reg": "xv-kesz", "conf": 0.964}, "geometry": {"type": "Point", "coordinates": [19.1270404, 47.537016]}}, {"type": "Feature", "properties": {"code": "Lke-1/O-1", "reg": "xv-kesz", "conf": 0.963}, "geometry": {"type": "Point", "coordinates": [19.1271584, 47.5320481]}}, {"type": "Feature", "properties": {"code": "Lke-1/HZ-2", "reg": "xv-kesz", "conf": 0.961}, "geometry": {"type": "Point", "coordinates": [19.1175766, 47.5383495]}}, {"type": "Feature", "properties": {"code": "Lke-1/AI/SZ-3", "reg": "xv-kesz", "conf": 0.96}, "geometry": {"type": "Point", "coordinates": [19.1216618, 47.5364441]}}, {"type": "Feature", "properties": {"code": "Lke-1/O-1", "reg": "xv-kesz", "conf": 0.956}, "geometry": {"type": "Point", "coordinates": [19.1279616, 47.5326762]}}, {"type": "Feature", "properties": {"code": "Lke-1/HZ-2", "reg": "xv-kesz", "conf": 0.955}, "geometry": {"type": "Point", "coordinates": [19.1240299, 47.5336881]}}, {"type": "Feature", "properties": {"code": "Lke-1/HZ-1", "reg": "xv-kesz", "conf": 0.953}, "geometry": {"type": "Point", "coordinates": [19.1282025, 47.5356031]}}, {"type": "Feature", "properties": {"code": "Lke-1/HZ-2", "reg": "xv-kesz", "conf": 0.952}, "geometry": {"type": "Point", "coordinates": [19.1143078, 47.536711]}}, {"type": "Feature", "properties": {"code": "Lk-2/SZ-T1", "reg": "xv-kesz", "conf": 0.951}, "geometry": {"type": "Point", "coordinates": [19.1218995, 47.5384847]}}, {"type": "Feature", "properties": {"code": "Lke-1/AI/O-1", "reg": "xv-kesz", "conf": 0.951}, "geometry": {"type": "Point", "coordinates": [19.1226522, 47.5331498]}}, {"type": "Feature", "properties": {"code": "Lke-1/SZ-2", "reg": "xv-kesz", "conf": 0.949}, "geometry": {"type": "Point", "coordinates": [19.1210417, 47.5365236]}}, {"type": "Feature", "properties": {"code": "Lke-1/SZ-7", "reg": "xv-kesz", "conf": 0.947}, "geometry": {"type": "Point", "coordinates": [19.1168909, 47.5384817]}}, {"type": "Feature", "properties": {"code": "Lke-1/HZ-5", "reg": "xv-kesz", "conf": 0.947}, "geometry": {"type": "Point", "coordinates": [19.1151671, 47.5366175]}}, {"type": "Feature", "properties": {"code": "Lke-1/SZ-2", "reg": "xv-kesz", "conf": 0.947}, "geometry": {"type": "Point", "coordinates": [19.118899, 47.5370658]}}, {"type": "Feature", "properties": {"code": "Lke-1/HZO-1", "reg": "xv-kesz", "conf": 0.945}, "geometry": {"type": "Point", "coordinates": [19.1129795, 47.537501]}}, {"type": "Feature", "properties": {"code": "Vi-2/Te-1", "reg": "xv-kesz", "conf": 0.944}, "geometry": {"type": "Point", "coordinates": [19.1244059, 47.5347735]}}, {"type": "Feature", "properties": {"code": "Lke-1/HZ-2", "reg": "xv-kesz", "conf": 0.941}, "geometry": {"type": "Point", "coordinates": [19.1157151, 47.5377841]}}, {"type": "Feature", "properties": {"code": "Lke-1/HZ-2", "reg": "xv-kesz", "conf": 0.941}, "geometry": {"type": "Point", "coordinates": [19.1251872, 47.5353924]}}, {"type": "Feature", "properties": {"code": "Lke-1/HZ-2", "reg": "xv-kesz", "conf": 0.941}, "geometry": {"type": "Point", "coordinates": [19.1241632, 47.5327822]}}, {"type": "Feature", "properties": {"code": "Lke-1/HZ-2", "reg": "xv-kesz", "conf": 0.94}, "geometry": {"type": "Point", "coordinates": [19.1274965, 47.5376947]}}, {"type": "Feature", "properties": {"code": "Lke-1/IK-3", "reg": "xv-kesz", "conf": 0.939}, "geometry": {"type": "Point", "coordinates": [19.1199588, 47.5339432]}}, {"type": "Feature", "properties": {"code": "Lke-1/HZ-2", "reg": "xv-kesz", "conf": 0.939}, "geometry": {"type": "Point", "coordinates": [19.1257497, 47.5351595]}}, {"type": "Feature", "properties": {"code": "Lke-1/HZ-2", "reg": "xv-kesz", "conf": 0.935}, "geometry": {"type": "Point", "coordinates": [19.11624, 47.5352253]}}, {"type": "Feature", "properties": {"code": "Lke-1/HZ-2", "reg": "xv-kesz", "conf": 0.935}, "geometry": {"type": "Point", "coordinates": [19.1257632, 47.5351595]}}, {"type": "Feature", "properties": {"code": "Lke-1/HZ-2", "reg": "xv-kesz", "conf": 0.934}, "geometry": {"type": "Point", "coordinates": [19.125182, 47.5342896]}}, {"type": "Feature", "properties": {"code": "Lke-1/HZ-2", "reg": "xv-kesz", "conf": 0.93}, "geometry": {"type": "Point", "coordinates": [19.1262818, 47.5369169]}}, {"type": "Feature", "properties": {"code": "Lke-1/HZ-2", "reg": "xv-kesz", "conf": 0.928}, "geometry": {"type": "Point", "coordinates": [19.1155096, 47.5368177]}}, {"type": "Feature", "properties": {"code": "Lke-1/IK-6", "reg": "xv-kesz", "conf": 0.926}, "geometry": {"type": "Point", "coordinates": [19.118708, 47.5377084]}}, {"type": "Feature", "properties": {"code": "Lke-1/HZ-2", "reg": "xv-kesz", "conf": 0.926}, "geometry": {"type": "Point", "coordinates": [19.1234201, 47.5328206]}}, {"type": "Feature", "properties": {"code": "Lke-1/HZ-2", "reg": "xv-kesz", "conf": 0.923}, "geometry": {"type": "Point", "coordinates": [19.1258257, 47.5362645]}}, {"type": "Feature", "properties": {"code": "Lke-1/HZO-3", "reg": "xv-kesz", "conf": 0.919}, "geometry": {"type": "Point", "coordinates": [19.1241772, 47.5380443]}}, {"type": "Feature", "properties": {"code": "Lke-1/SZ-7", "reg": "xv-kesz", "conf": 0.914}, "geometry": {"type": "Point", "coordinates": [19.120572, 47.5347856]}}, {"type": "Feature", "properties": {"code": "Lke-1/HZO-1", "reg": "xv-kesz", "conf": 0.913}, "geometry": {"type": "Point", "coordinates": [19.1135142, 47.5377812]}}, {"type": "Feature", "properties": {"code": "Lke-1/HZ-1", "reg": "xv-kesz", "conf": 0.913}, "geometry": {"type": "Point", "coordinates": [19.128113, 47.5335177]}}, {"type": "Feature", "properties": {"code": "Lke-1/HZ-1", "reg": "xv-kesz", "conf": 0.908}, "geometry": {"type": "Point", "coordinates": [19.1287414, 47.5383797]}}, {"type": "Feature", "properties": {"code": "Lke-1/HZ-1", "reg": "xv-kesz", "conf": 0.908}, "geometry": {"type": "Point", "coordinates": [19.1272354, 47.534777]}}, {"type": "Feature", "properties": {"code": "Lke-1/HZO-1", "reg": "xv-kesz", "conf": 0.906}, "geometry": {"type": "Point", "coordinates": [19.1139646, 47.5370479]}}, {"type": "Feature", "properties": {"code": "Lke-1/HZ-1", "reg": "xv-kesz", "conf": 0.905}, "geometry": {"type": "Point", "coordinates": [19.1211664, 47.5334785]}}, {"type": "Feature", "properties": {"code": "Lke-1/HZ-1", "reg": "xv-kesz", "conf": 0.903}, "geometry": {"type": "Point", "coordinates": [19.119169, 47.5362537]}}, {"type": "Feature", "properties": {"code": "Lke-1/SZ-2", "reg": "xv-kesz", "conf": 0.898}, "geometry": {"type": "Point", "coordinates": [19.1189401, 47.5384595]}}, {"type": "Feature", "properties": {"code": "Lke-1/HZ-1", "reg": "xv-kesz", "conf": 0.893}, "geometry": {"type": "Point", "coordinates": [19.1178566, 47.5345117]}}, {"type": "Feature", "properties": {"code": "Lke-1/SZ-7", "reg": "xv-kesz", "conf": 0.888}, "geometry": {"type": "Point", "coordinates": [19.1199403, 47.5349499]}}, {"type": "Feature", "properties": {"code": "Lke-1/HZ-1", "reg": "xv-kesz", "conf": 0.888}, "geometry": {"type": "Point", "coordinates": [19.1267351, 47.5338876]}}, {"type": "Feature", "properties": {"code": "Lke-1/SZ-2", "reg": "xv-kesz", "conf": 0.869}, "geometry": {"type": "Point", "coordinates": [19.1216974, 47.5375664]}}, {"type": "Feature", "properties": {"code": "Lke-1/HZ-1", "reg": "xv-kesz", "conf": 0.855}, "geometry": {"type": "Point", "coordinates": [19.1219128, 47.535419]}}, {"type": "Feature", "properties": {"code": "ZKp/Ln-T", "reg": "xv-kesz", "conf": 0.999}, "geometry": {"type": "Point", "coordinates": [19.1377436, 47.5384412]}}, {"type": "Feature", "properties": {"code": "Ln-T/TU-1", "reg": "xv-kesz", "conf": 0.999}, "geometry": {"type": "Point", "coordinates": [19.1286264, 47.5317009]}}, {"type": "Feature", "properties": {"code": "Ln-T/TU-2", "reg": "xv-kesz", "conf": 0.998}, "geometry": {"type": "Point", "coordinates": [19.1437101, 47.5379134]}}, {"type": "Feature", "properties": {"code": "Ln-T/TU-1", "reg": "xv-kesz", "conf": 0.998}, "geometry": {"type": "Point", "coordinates": [19.1298374, 47.5325496]}}, {"type": "Feature", "properties": {"code": "Kb-Ez/1", "reg": "xv-kesz", "conf": 0.997}, "geometry": {"type": "Point", "coordinates": [19.1374586, 47.5344603]}}, {"type": "Feature", "properties": {"code": "Kb-Ez/1", "reg": "xv-kesz", "conf": 0.997}, "geometry": {"type": "Point", "coordinates": [19.1361312, 47.5315782]}}, {"type": "Feature", "properties": {"code": "Vi-2/SZ-P1", "reg": "xv-kesz", "conf": 0.993}, "geometry": {"type": "Point", "coordinates": [19.1471886, 47.535956]}}, {"type": "Feature", "properties": {"code": "Ev-Ve-2", "reg": "xv-kesz", "conf": 0.991}, "geometry": {"type": "Point", "coordinates": [19.146915, 47.5364478]}}, {"type": "Feature", "properties": {"code": "Ln-T/AI/SZ-N2", "reg": "xv-kesz", "conf": 0.99}, "geometry": {"type": "Point", "coordinates": [19.1447246, 47.5384428]}}, {"type": "Feature", "properties": {"code": "Ln-T/TU-1", "reg": "xv-kesz", "conf": 0.989}, "geometry": {"type": "Point", "coordinates": [19.1364049, 47.5363692]}}, {"type": "Feature", "properties": {"code": "Ev-Ve-2", "reg": "xv-kesz", "conf": 0.989}, "geometry": {"type": "Point", "coordinates": [19.1461698, 47.5360296]}}, {"type": "Feature", "properties": {"code": "Kb-Ez/1", "reg": "xv-kesz", "conf": 0.988}, "geometry": {"type": "Point", "coordinates": [19.1448515, 47.5370184]}}, {"type": "Feature", "properties": {"code": "Ln-T/AI/SZ-N2", "reg": "xv-kesz", "conf": 0.984}, "geometry": {"type": "Point", "coordinates": [19.1329111, 47.5341572]}}, {"type": "Feature", "properties": {"code": "Lke-1/HZ-2", "reg": "xv-kesz", "conf": 0.983}, "geometry": {"type": "Point", "coordinates": [19.1280837, 47.5384444]}}, {"type": "Feature", "properties": {"code": "Ln-T/AI/SZ-N2", "reg": "xv-kesz", "conf": 0.983}, "geometry": {"type": "Point", "coordinates": [19.1350802, 47.5350421]}}, {"type": "Feature", "properties": {"code": "Vi-3/AI/SZ-TN2-cs", "reg": "xv-kesz", "conf": 0.981}, "geometry": {"type": "Point", "coordinates": [19.1394224, 47.538392]}}, {"type": "Feature", "properties": {"code": "Gip-E/SZ-1", "reg": "xv-kesz", "conf": 0.981}, "geometry": {"type": "Point", "coordinates": [19.1395566, 47.5366175]}}, {"type": "Feature", "properties": {"code": "Gksz-2/SZ-4", "reg": "xv-kesz", "conf": 0.98}, "geometry": {"type": "Point", "coordinates": [19.1427968, 47.5298118]}}, {"type": "Feature", "properties": {"code": "Gksz-2/SZ-10", "reg": "xv-kesz", "conf": 0.979}, "geometry": {"type": "Point", "coordinates": [19.147071, 47.5326011]}}, {"type": "Feature", "properties": {"code": "Gksz-2/SZ-3", "reg": "xv-kesz", "conf": 0.978}, "geometry": {"type": "Point", "coordinates": [19.1388532, 47.5331329]}}, {"type": "Feature", "properties": {"code": "Gksz-2/SZ-14", "reg": "xv-kesz", "conf": 0.976}, "geometry": {"type": "Point", "coordinates": [19.1472664, 47.5282716]}}, {"type": "Feature", "properties": {"code": "Gksz-2/SZ-8", "reg": "xv-kesz", "conf": 0.972}, "geometry": {"type": "Point", "coordinates": [19.1470374, 47.5346446]}}, {"type": "Feature", "properties": {"code": "Lke-1/O-1", "reg": "xv-kesz", "conf": 0.969}, "geometry": {"type": "Point", "coordinates": [19.1279968, 47.532673]}}, {"type": "Feature", "properties": {"code": "Gksz-2/SZ-8", "reg": "xv-kesz", "conf": 0.968}, "geometry": {"type": "Point", "coordinates": [19.1449366, 47.5342838]}}, {"type": "Feature", "properties": {"code": "Gksz-2/EN-1", "reg": "xv-kesz", "conf": 0.961}, "geometry": {"type": "Point", "coordinates": [19.1325225, 47.5318102]}}, {"type": "Feature", "properties": {"code": "Lke-1/O-1", "reg": "xv-kesz", "conf": 0.958}, "geometry": {"type": "Point", "coordinates": [19.1289183, 47.5334277]}}, {"type": "Feature", "properties": {"code": "Lke-1/HZ-1", "reg": "xv-kesz", "conf": 0.957}, "geometry": {"type": "Point", "coordinates": [19.1327364, 47.5382087]}}, {"type": "Feature", "properties": {"code": "Ln-T/TU-1", "reg": "xv-kesz", "conf": 0.956}, "geometry": {"type": "Point", "coordinates": [19.1369608, 47.5383765]}}, {"type": "Feature", "properties": {"code": "Lke-1/HZ-1", "reg": "xv-kesz", "conf": 0.954}, "geometry": {"type": "Point", "coordinates": [19.1282229, 47.5355978]}}, {"type": "Feature", "properties": {"code": "Gksz-2/SZ-14", "reg": "xv-kesz", "conf": 0.954}, "geometry": {"type": "Point", "coordinates": [19.1407265, 47.5336159]}}, {"type": "Feature", "properties": {"code": "Lke-1/HZ-1", "reg": "xv-kesz", "conf": 0.952}, "geometry": {"type": "Point", "coordinates": [19.1301067, 47.5379482]}}, {"type": "Feature", "properties": {"code": "Lke-1/O-1", "reg": "xv-kesz", "conf": 0.95}, "geometry": {"type": "Point", "coordinates": [19.133116, 47.5366288]}}, {"type": "Feature", "properties": {"code": "Vi-3/AI/SZ-TN1-cs", "reg": "xv-kesz", "conf": 0.947}, "geometry": {"type": "Point", "coordinates": [19.1402833, 47.53811]}}, {"type": "Feature", "properties": {"code": "Ev-Ve-2", "reg": "xv-kesz", "conf": 0.944}, "geometry": {"type": "Point", "coordinates": [19.141252, 47.5367297]}}, {"type": "Feature", "properties": {"code": "Gksz-2/Z-3", "reg": "xv-kesz", "conf": 0.931}, "geometry": {"type": "Point", "coordinates": [19.1400833, 47.5325628]}}, {"type": "Feature", "properties": {"code": "Lke-1/HZ-1", "reg": "xv-kesz", "conf": 0.925}, "geometry": {"type": "Point", "coordinates": [19.1281453, 47.5335107]}}, {"type": "Feature", "properties": {"code": "Lke-1/HZ-1", "reg": "xv-kesz", "conf": 0.897}, "geometry": {"type": "Point", "coordinates": [19.1344029, 47.5384765]}}, {"type": "Feature", "properties": {"code": "Lke-1/HZ-1", "reg": "xv-kesz", "conf": 0.881}, "geometry": {"type": "Point", "coordinates": [19.1287506, 47.5383705]}}]}